Country_Year,Country,GeogLoc,IncomeLevel,Year,Domestic_Credit,Corruption_Estimate,Government_Effectiveness,High_Tech_Export_Percentage,MarketCap,Non.performing.Loans,PatentNonResidents,PatentResidents,R.D_Percentage,Trade_Percentage,GDP.per.capita,GDP.constant,Z_Score,AI.Patent.Applications,AI.Publications,AI.Investment,Total_Patents,Patents_per_GDP,AI_Investment_per_GDP,log_Patents_per_GDP,log_RD_Percentage,log_High_Tech_Export,log_GDP_per_Capita,log_Trade_Percentage,log_Credit_Private_Sector,log_AI_Investment_per_GDP,log_AI_Publications,log_Non.performing.Loans
Argentina-2013,Argentina,Latin_America_and_the_caribbean,Upper-middle_income_economy,2013,15.56545554,-0.434306711,-0.254236966,7.458207449,9.619994839,1.53372871,4129,643,0.618489981,29.333929,13946.09508,5.93859E+11,7.65534,0.02348385,181,1163174,4772,8.04E-09,1.96E-06,8.04E-09,0.481493604,2.135137266,9.543026528,3.412266855,2.807319535,1.96E-06,5.204006687,0.929692016
Argentina-2016,Argentina,Latin_America_and_the_caribbean,Upper-middle_income_economy,2016,13.49652679,-0.299235553,0.218796372,8.98239948,11.40761061,1.700277506,2925,884,0.558149993,26.09388785,13265.88606,5.82377E+11,7.426713,0.022778882,215,1129007,3809,6.54E-09,1.94E-06,6.54E-09,0.443499216,2.30082349,9.49302644,3.299308162,2.673909089,1.94E-06,5.375278408,0.993354548
Argentina-2017,Argentina,Latin_America_and_the_caribbean,Upper-middle_income_economy,2017,15.72126916,-0.309002459,0.135085613,9.20544177,16.89484975,1.734799284,3050,393,0.556309998,25.28960114,13520.11298,5.98791E+11,7.50613,0.022579022,233,5527297,3443,5.75E-09,9.23E-06,5.75E-09,0.442317633,2.322921085,9.512007668,3.269173467,2.816681512,9.23E-06,5.455321115,1.006058045
Argentina-2018,Argentina,Latin_America_and_the_caribbean,Upper-middle_income_economy,2018,15.37632656,-0.099273928,0.028060619,5.402984101,8.762253617,2.957785514,3242,425,0.488299996,30.76253595,13058.32854,5.83118E+11,7.21939,0.1567578,271,1079101,3667,6.29E-09,1.85E-06,6.29E-09,0.397634526,1.856764148,9.477257988,3.458287481,2.795836789,1.85E-06,5.605802066,1.375684655
Argentina-2019,Argentina,Latin_America_and_the_caribbean,Upper-middle_income_economy,2019,12.77894825,-0.107116245,-0.120795332,5.212790589,8.798018523,5.702914714,3260,442,0.478130013,32.63061505,12706.39781,5.71451E+11,9.317062,0.17788266,222,3179682,3702,6.48E-09,5.56E-06,6.48E-09,0.390777784,1.826610165,9.449939608,3.515436814,2.623141938,5.56E-06,5.407171771,1.902542464
Argentina-2020,Argentina,Latin_America_and_the_caribbean,Upper-middle_income_economy,2020,13.4554773,-0.163570061,-0.254261822,6.903889256,8.360651602,4.150064003,2562,930,0.541540027,30.20369881,11393.0506,5.14874E+11,9.249464,0.2212783,324,26174463,3492,6.78E-09,5.08E-05,6.78E-09,0.432781934,2.067354949,9.340846621,3.440536639,2.671073395,5.08E-05,5.783825182,1.639009142
Argentina-2021,Argentina,Latin_America_and_the_caribbean,Upper-middle_income_economy,2021,11.27270763,-0.422596842,-0.390557259,4.422891393,8.580816227,4.292112906,3263,406,0.517639995,33.07868957,12549.28117,5.68637E+11,9.083421,0.13241443,315,1.70E+07,3669,6.45E-09,2.99E-05,6.45E-09,0.417156493,1.69062914,9.437498348,3.52867225,2.507377905,2.99E-05,5.755742214,1.666217581
Australia-2013,Australia,East_Asia_and_Pacific,High-Income_Economy,2013,124.7040749,1.777833104,1.632453084,18.00751438,86.61073643,1.365174882,26656,3061,2.17843008,41.27287902,55728.0174,1.28888E+12,13.73787,3.3137848,2266,1163174,29717,2.31E-08,9.02E-07,2.31E-08,1.156387389,2.944834395,10.92825625,3.744145722,4.833930533,9.02E-07,7.726212651,0.860851965
Australia-2015,Australia,East_Asia_and_Pacific,High-Income_Economy,2015,136.3539739,1.841308117,1.533252478,19.69214725,87.84774934,0.888725499,26314,2291,1.920709968,41.66393193,56739.02653,1.3513E+12,13.33152,5.3031573,2607,92603272,28605,2.12E-08,6.85E-05,2.12E-08,1.071826726,3.029754269,10.94623518,3.753353878,4.922561344,6.85E-05,7.866338923,0.635902262
Australia-2017,Australia,East_Asia_and_Pacific,High-Income_Economy,2017,140.6690876,1.752974749,1.498386025,18.09679246,113.7962081,0.85701375,26403,2503,1.879770041,42.20373168,57750.64822,1.42024E+12,13.63942,11.645283,2990,46429296,28906,2.04E-08,3.27E-05,2.04E-08,1.057710444,2.949520387,10.96390717,3.765926873,4.953493969,3.27E-05,8.003363059,0.618969687
Australia-2019,Australia,East_Asia_and_Pacific,High-Income_Economy,2019,136.2147265,1.788073659,1.538690805,21.21993324,106.8121664,0.961493162,27121,2637,1.828920007,46.18750189,58924.73365,1.49285E+12,13.46988,22.171892,4657,264973486,29758,1.99E-08,0.000177495,1.99E-08,1.039895016,3.100989779,10.98403318,3.854129067,4.921547045,0.00017748,8.44634145,0.673706001
Austria-2013,Austria,Europe_and_Central_Asia,High-income_Economy,2013,92.93733046,1.537276983,1.571379542,15.36906487,27.58480738,2.866541695,244,2162,2.954920053,104.985374,43851.36755,3.71852E+11,27.50797,0.47161964,709,3489523,2406,6.47E-09,9.38E-06,6.47E-09,1.374960387,2.795393265,10.68858399,4.663301104,4.542627863,9.38E-06,6.56526497,1.352360489
Austria-2014,Austria,Europe_and_Central_Asia,High-income_Economy,2014,87.97913898,1.466501832,1.552995682,15.49044901,22.0702317,3.473374315,271,2092,3.084290028,104.49674,43838.83468,3.74662E+11,26.82064,0.233978,701,6867639,2363,6.31E-09,1.83E-05,6.31E-09,1.407147913,2.802781366,10.68829815,4.658680052,4.488401949,1.83E-05,6.553933404,1.498143004
Austria-2015,Austria,Europe_and_Central_Asia,High-income_Economy,2015,85.99478361,1.472043753,1.450979114,15.03273199,25.3142848,3.392837284,236,2205,3.049690008,103.1175817,43915.22802,3.79546E+11,30.07913,0.34706005,815,2286501,2441,6.43E-09,6.02E-06,6.43E-09,1.398640337,2.774632382,10.69003919,4.645520854,4.465848158,6.02E-06,6.704414355,1.479975324
Austria-2016,Austria,Europe_and_Central_Asia,High-income_Economy,2016,83.25938747,1.496880531,1.4748106,14.45325919,30.72913746,2.695217415,237,2078,3.116549969,101.5734946,44362.67029,3.87582E+11,32.52342,1.1444371,915,5645035,2315,5.97E-09,1.46E-05,5.97E-09,1.415015426,2.737819932,10.70017618,4.630579562,4.433899987,1.46E-05,6.820016365,1.307039393
Austria-2017,Austria,Europe_and_Central_Asia,High-income_Economy,2017,84.32787863,1.50082016,1.467751503,12.8851997,36.30670044,2.368895442,232,2073,3.05656004,105.5560668,45056.63869,3.96389E+11,34.54782,1.2501733,941,15476432,2305,5.81E-09,3.90E-05,5.81E-09,1.400335334,2.630823503,10.71569781,4.668671295,4.446501231,3.90E-05,6.848005275,1.214584929
Austria-2018,Austria,Europe_and_Central_Asia,High-income_Economy,2018,84.57071447,1.568587184,1.456116676,11.65007598,25.80790307,2.900956865,168,2039,3.091820002,108.37797,45951.5819,4.06236E+11,35.68405,1.3572124,1093,59350582,2207,5.43E-09,0.000146099,5.43E-09,1.408989859,2.537663222,10.73536532,4.694809498,4.449343104,0.000146088,6.997595983,1.361221873
Austria-2019,Austria,Europe_and_Central_Asia,High-income_Economy,2019,86.02152548,1.521324396,1.492126226,11.48253488,30.04585435,2.410579835,208,2066,3.132469893,108.2072849,46550.56234,4.13365E+11,36.66615,0.6756091,1312,104929501,2274,5.50E-09,0.000253842,5.50E-09,1.418875265,2.524330457,10.74831584,4.693247773,4.466155507,0.00025381,7.180069874,1.226882316
Austria-2020,Austria,Europe_and_Central_Asia,High-income_Economy,2020,92.73321594,1.477709413,1.605863214,12.27189577,30.40607258,2.389045584,173,2124,3.201489925,99.94821411,43428.69831,3.87248E+11,31.84211,1.6813501,1473,148670948,2297,5.93E-09,0.000383917,5.93E-09,1.435439207,2.585648699,10.67889878,4.614607654,4.540452619,0.000383843,7.295735073,1.220548343
Austria-2021,Austria,Europe_and_Central_Asia,High-income_Economy,2021,92.76766494,1.24272728,1.528294683,11.01712214,33.90219668,2.084607907,175,1872,3.25632,111.0322687,45313.399,4.05818E+11,30.90653,1.5612711,1786,2.75E+08,2047,5.04E-09,0.000677644,5.04E-09,1.448404937,2.486332478,10.72138012,4.718786944,4.540820073,0.000677415,7.488293515,1.126424553
Belgium-2013,Belgium,Europe_and_Central_Asia,High-income_economy,2013,56.15834926,1.604317307,1.701954961,10.64061175,71.42295625,4.318537467,161,715,2.330729961,157.5736228,40007.89977,4.46464E+11,14.23736,0.08960351,899,8142221,876,1.96E-09,1.82E-05,1.96E-09,1.203191488,2.454499997,10.5968572,5.066218983,4.045825473,1.82E-05,6.802394763,1.671198353
Belgium-2016,Belgium,Europe_and_Central_Asia,High-income_economy,2016,63.02304191,1.531243801,1.397638321,13.33124516,79.73159467,3.484526643,119,1054,2.523380041,159.0576966,41172.88625,4.66547E+11,16.37894,0.17648038,951,76772478,1173,2.51E-09,0.000164555,2.51E-09,1.259420768,2.66244213,10.62555951,5.075534354,4.159243048,0.000164541,6.858565035,1.500632948
Belgium-2017,Belgium,Europe_and_Central_Asia,High-income_economy,2017,63.96039577,1.404194951,1.240784049,11.49179036,87.3998522,2.961749541,216,1001,2.66666007,166.9040782,41619.32861,4.73426E+11,18.16668,0.17579971,998,318372312,1217,2.57E-09,0.000672485,2.57E-09,1.299281185,2.525071657,10.636344,5.123392853,4.173777788,0.000672259,6.906754779,1.376685731
Belgium-2018,Belgium,Europe_and_Central_Asia,High-income_economy,2018,66.33872465,1.429573298,1.224631786,11.70586406,59.17259803,2.268265705,218,892,2.860179901,168.2776929,42208.36259,4.82317E+11,17.78204,0.6999977,1242,48559567,1110,2.30E-09,0.00010068,2.30E-09,1.350713789,2.542063624,10.65039734,5.13154052,4.209735475,0.000100675,7.125283092,1.184259479
Brazil-2013,Brazil,Latin_America_and_the_caribbean,Upper-middle_income_economy,2013,64.23057382,-0.097959608,-0.119030975,11.9698618,41.26687432,2.857282293,25925,4959,1.195670009,25.78595733,9366.739325,1.85909E+12,14.53454,0.19649504,1383,2326349,30884,1.66E-08,1.25E-06,1.66E-08,0.786487243,2.562628343,9.145027079,3.28787777,4.177928283,1.25E-06,7.232733136,1.349962866
Brazil-2014,Brazil,Latin_America_and_the_caribbean,Upper-middle_income_economy,2014,66.02851039,-0.36611709,-0.175920635,12.37116887,34.35990128,2.25174733,25683,4659,1.269709945,24.68540581,9338.342783,1.86846E+12,14.76513,0.1649298,1586,21747525,30342,1.62E-08,1.16E-05,1.62E-08,0.819652046,2.593100812,9.141991163,3.245922963,4.205118057,1.16E-05,7.369600721,1.179192492
Brazil-2015,Brazil,Latin_America_and_the_caribbean,Upper-middle_income_economy,2015,66.82970064,-0.457840711,-0.255271554,14.48589962,27.21844343,2.846496277,25578,4641,1.370929956,26.95362594,8936.196618,1.80221E+12,15.58268,0.28759065,1867,144049534,30219,1.68E-08,7.99E-05,1.68E-08,0.863282265,2.739929908,9.097977242,3.330546921,4.217000162,7.99E-05,7.532623619,1.347162676
Brazil-2016,Brazil,Latin_America_and_the_caribbean,Upper-middle_income_economy,2016,62.19400697,-0.446095586,-0.249387071,16.00016428,42.24322945,3.081576132,22810,5200,1.286370039,24.53368208,8577.843767,1.74317E+12,15.95113,0.3887449,1803,14677091,28010,1.61E-08,8.42E-06,1.61E-08,0.826965424,2.833223007,9.057054424,3.239998446,4.14620947,8.42E-06,7.497761701,1.406483221
Brazil-2017,Brazil,Latin_America_and_the_caribbean,Upper-middle_income_economy,2017,59.4843093,-0.559814632,-0.317140609,14.31188922,46.26644878,2.878916366,20178,5480,1.117499948,24.31973437,8628.25309,1.76623E+12,16.98571,0.40546462,2007,129338752,25658,1.45E-08,7.32E-05,1.45E-08,0.750236123,2.7286296,9.062913232,3.231584106,4.102383981,7.32E-05,7.604894481,1.355555828
Brazil-2018,Brazil,Latin_America_and_the_caribbean,Upper-middle_income_economy,2018,60.21834794,-0.480954379,-0.520569623,14.74424183,47.82764763,2.597864262,19877,4980,1.167690039,28.87620338,8722.336304,1.79774E+12,16.93262,0.71322083,2451,212582993,24857,1.38E-08,0.00011825,1.38E-08,0.773662102,2.7564747,9.073757047,3.39706229,4.114446947,0.000118243,7.804659297,1.280340409
Brazil-2019,Brazil,Latin_America_and_the_caribbean,Upper-middle_income_economy,2019,62.79050494,-0.407892704,-0.234114677,14.06680521,63.38382352,2.655547566,19932,5464,1.210960031,28.89025787,8771.440513,1.81968E+12,18.54721,0.6989452,2812,423957578,25396,1.40E-08,0.000232984,1.40E-08,0.793426824,2.712493994,9.079370326,3.397532603,4.155604354,0.000232957,7.942006808,1.296245895
Brazil-2020,Brazil,Latin_America_and_the_caribbean,Upper-middle_income_economy,2020,68.69615459,-0.429083496,-0.465709209,11.35009427,66.95816531,1.867547667,19058,5280,1.145259976,32.30207855,8435.011433,1.76006E+12,15.71668,0.70928496,3199,811408343,24338,1.38E-08,0.000461013,1.38E-08,0.763260746,2.513663696,9.040264897,3.505619814,4.244145145,0.000460906,8.070906089,1.053457193
Bulgaria-2018,Bulgaria,Europe_and_Central_Asia,High-income_economy,2018,50.35892427,-0.188220024,0.111848846,10.37289026,23.61235968,7.801561773,18,180,0.753790021,128.8655653,7851.725989,55158665587,8.719459,0.5694156,227,130571280,198,3.59E-09,0.002367194,3.59E-09,0.561779172,2.431232476,8.96861601,4.866499802,3.938838714,0.002364397,5.429345629,2.17492918
Bulgaria-2019,Bulgaria,Europe_and_Central_Asia,High-income_economy,2019,49.68226532,-0.181220517,0.173703477,10.85231018,23.31292081,6.621299437,7,186,0.832360029,125.0299631,8206.781294,57248544889,8.123374,0.43007874,309,2119788,193,3.37E-09,3.70E-05,3.37E-09,0.605604769,2.4725228,9.012837922,4.836519681,3.925576053,3.70E-05,5.736572297,2.030946885
Bulgaria-2021,Bulgaria,Europe_and_Central_Asia,High-income_economy,2021,48.08064809,-0.258131921,-0.173440278,10.92447357,20.16685995,5.940594384,6,165,0.772599995,121.1573546,8682.882238,59718632534,7.869337,0.14540754,365,1.00E+06,171,2.86E-09,1.67E-05,2.86E-09,0.572447393,2.478592891,9.06922397,4.805310006,3.893464825,1.67E-05,5.902633333,1.937387417
Chile-2014,Chile,Latin_America_and_the_caribbean,High-income_economy,2014,78.95981238,1.440734148,1.035074949,7.091793651,89.86153142,1.920555294,2653,452,0.376679987,65.63462812,13285.95404,2.37343E+11,9.340874,0.055977907,180,114460656,3105,1.31E-08,0.000482259,1.31E-08,0.319674794,2.090850419,9.494537933,4.199224384,4.381524163,0.000482142,5.198497031,1.071773767
Chile-2015,Chile,Latin_America_and_the_caribbean,High-income_economy,2015,81.14463343,1.182457328,0.91883558,6.722530526,78.51174289,1.719744452,2831,443,0.382959992,59.34911048,13433.9203,2.4245E+11,8.528882,0.22163577,253,0,3274,1.35E-08,0,1.35E-08,0.324226124,2.044142099,9.505612589,4.100146208,4.408481516,0,5.537334267,1.000537925
Chile-2017,Chile,Latin_America_and_the_caribbean,High-income_economy,2017,78.8182469,1.001655817,0.809455633,7.106096475,106.7069326,1.916362509,2469,425,0.356790006,56.02615897,13473.34585,2.5005E+11,8.689783,0.053882606,249,8843675,2894,1.16E-08,3.54E-05,1.16E-08,0.30512162,2.09261643,9.508542849,4.043510092,4.379752136,3.54E-05,5.521460918,1.070337124
Chile-2018,Chile,Latin_America_and_the_caribbean,High-income_economy,2018,82.04966758,0.958202481,0.907178462,6.911410994,85.48799207,1.872014621,2694,406,0.369159997,58.17705063,13763.00688,2.60027E+11,8.552716,0.052929137,277,89565424,3100,1.19E-08,0.000344446,1.19E-08,0.314197411,2.068306147,9.529812267,4.080533809,4.419438833,0.000344387,5.627621114,1.055013742
Chile-2019,Chile,Latin_America_and_the_caribbean,High-income_economy,2019,87.35953697,0.978930891,0.863498628,7.632882021,146.4625165,2.055049193,2799,438,0.342049986,57.61175457,13630.59354,2.61677E+11,7.761494,0.052089445,325,33916606,3237,1.24E-08,0.000129613,1.24E-08,0.294198285,2.155578403,9.520145432,4.070935266,4.481414138,0.000129604,5.786897381,1.116795695
China-2013,China,East_Asia_and_Pacific,Upper-middle_income_economy,2013,134.3150371,-0.355887651,-0.00512069,31.58558133,41.26383585,0.999702805,120200,704936,1.997859955,46.74437558,7056.423092,9.6196E+12,19.63847,1.4184109,24562,140744114,825136,8.58E-08,1.46E-05,8.58E-08,1.097898686,3.4838699,8.861835263,3.865861271,4.907605668,1.46E-05,10.10899652,0.692998572
China-2014,China,East_Asia_and_Pacific,Upper-middle_income_economy,2014,140.2350811,-0.337719589,0.354851633,29.70372718,57.32304948,1.248733356,127042,801135,2.022429943,44.90521595,7532.785301,1.03339E+13,20.26328,1.7896873,26176,1713476018,928177,8.98E-08,0.000165811,8.98E-08,1.106061125,3.424384054,8.927152891,3.826578748,4.950425744,0.000165797,10.17263644,0.810367105
China-2015,China,East_Asia_and_Pacific,Upper-middle_income_economy,2015,152.5840855,-0.29992187,0.41742301,30.43126727,74.02219921,1.673880164,133612,968252,2.057009935,39.46416934,8016.445595,1.10616E+13,23.62905,2.826376,26126,1632561385,1101864,9.96E-08,0.000147589,9.96E-08,1.117437293,3.447803171,8.989375146,3.700416875,5.034248206,0.000147578,10.17072454,0.983530663
China-2016,China,East_Asia_and_Pacific,Upper-middle_income_economy,2016,156.2190874,-0.268094301,0.356383771,30.25452323,65.16989159,1.744479345,133522,1204981,2.100330114,36.89441502,8516.528742,1.18192E+13,21.81829,5.6664543,26491,5686808385,1338503,1.13E-07,0.000481152,1.13E-07,1.131508594,3.442164109,9.049881524,3.63480374,5.057640293,0.000481036,10.18459808,1.009591383
China-2017,China,East_Asia_and_Pacific,Upper-middle_income_economy,2017,154.8827992,-0.291626126,0.416875631,30.91186398,70.76295319,1.744354606,135885,1245709,2.116029978,37.63241324,9053.228725,1.26403E+13,22.5563,10.481078,31257,5181288292,1381594,1.09E-07,0.000409904,1.09E-07,1.136559749,3.462977852,9.11098719,3.654091645,5.049104438,0.00040982,10.35003062,1.009545931
China-2018,China,East_Asia_and_Pacific,Upper-middle_income_economy,2018,157.8090503,-0.286848217,0.496678442,31.54814786,45.51940772,1.832948832,148187,1393815,2.140579939,37.5657841,9619.209475,1.34934E+13,23.32925,19.441738,39363,9731337219,1542002,1.14E-07,0.00072119,1.14E-07,1.144407477,3.482720466,9.171621318,3.652365461,5.067702539,0.00072093,10.58060697,1.041318159
China-2019,China,East_Asia_and_Pacific,Upper-middle_income_economy,2019,165.3903696,-0.312614381,0.544862509,30.8186303,60.01072164,1.861754853,157093,1243568,2.244630098,35.89009603,10155.51088,1.42964E+13,24.55772,30.775816,51258,8123027195,1400661,9.80E-08,0.000568188,9.80E-08,1.177001352,3.460051977,9.225870245,3.607943115,5.114336652,0.000568027,10.84464649,1.051435022
China-2020,China,East_Asia_and_Pacific,Upper-middle_income_economy,2020,182.868059,-0.071028143,0.643971682,31.27661542,83.58510425,1.839619692,152342,1344817,2.40666008,34.7542957,10358.17,1.46164E+13,24.44535,46.329655,58225,10615315084,1497159,1.02E-07,0.00072626,1.02E-07,1.225732363,3.474342987,9.245627397,3.576670421,5.21421843,0.000725996,10.97208727,1.043670132
China-2021,China,East_Asia_and_Pacific,Upper-middle_income_economy,2021,177.2674301,0.030233584,0.807911634,30.21907328,81.01612724,1.727391692,159019,1426644,2.432600021,37.30199087,11223.25535,1.58513E+13,25.01797,59.907295,77180,2.34E+10,1585663,1.00E-07,0.001475339,1.00E-07,1.233317998,3.441029231,9.325832372,3.645501876,5.183284839,0.001474251,11.25390859,1.003345728
Colombia-2015,Colombia,Latin_America_and_the_caribbean,Upper-middle_income_economy,2015,46.88513959,-0.352601826,-0.093739085,9.84934562,29.28711569,2.847672788,1921,321,0.365420014,38.36076412,6248.514905,2.93492E+11,6.413251,0.042580426,400,0,2242,7.64E-09,0,7.64E-09,0.311462084,2.384104767,8.740259125,3.672769486,3.868805218,0,5.993961427,1.347468495
Colombia-2017,Colombia,Latin_America_and_the_caribbean,Upper-middle_income_economy,2017,49.78731554,-0.429829597,-0.140821368,8.962362764,38.95162958,4.179781455,1777,595,0.26109001,35.28291494,6309.677453,3.03692E+11,5.932585,0.041553196,448,1105459,2372,7.81E-09,3.64E-06,7.81E-09,0.231976435,2.298814269,8.749998312,3.591346968,3.927646629,3.64E-06,6.107022888,1.644762865
Colombia-2019,Colombia,Latin_America_and_the_caribbean,Upper-middle_income_economy,2019,46.02450582,-0.283615679,0.032715105,9.048456162,40.8753319,3.149631302,1735,422,0.32201001,37.55853398,6439.963598,3.21406E+11,6.134324,0.040073745,607,6359364,2157,6.71E-09,1.98E-05,6.71E-09,0.279153314,2.307419007,8.770433435,3.65217745,3.850668866,1.98E-05,6.410174882,1.423019487
Croatia-2015,Croatia,Europe_and_Central_Asia,High-Income_Economy,2015,63.16543573,0.199906364,0.457353413,10.70662401,36.10312234,18.1676736,17,169,0.828159988,90.6409411,12285.30326,51005200670,6.566321,0.23902105,211,0,186,3.65E-09,0,3.65E-09,0.60330999,2.460154836,9.416240365,4.517878127,4.161464681,0,5.356586275,2.953225193
Croatia-2018,Croatia,Europe_and_Central_Asia,High-Income_Economy,2018,54.26789971,0.046769924,0.513932765,8.837531015,33.45840057,10.41324602,15,121,0.951250017,99.06781797,14060.71895,56085044234,7.880998,0.4969107,240,6474609,136,2.42E-09,0.000115443,2.42E-09,0.668470201,2.286204766,9.551211416,4.605848136,4.012192265,0.000115436,5.484796933,2.434774612
Croatia-2019,Croatia,Europe_and_Central_Asia,High-Income_Economy,2019,52.91925898,0.052447699,0.456785351,8.289270835,36.53675515,7.411244344,16,195,1.079630017,101.3820133,14641.22988,57823926883,7.937998,0.2508568,266,3179682,211,3.65E-09,5.50E-05,3.65E-09,0.732190002,2.228860061,9.59166509,4.628711046,3.987487723,5.50E-05,5.587248658,2.129569423
France-2013,France,Europe_and_Central_Asia,High-Income_Economy,2013,95.86338004,1.304333687,1.482052445,27.18171776,81.71242169,4.49543408,2196,14690,2.237030029,61.81923387,36256.08669,2.39283E+12,19.35971,0.43486542,4371,56995550,16886,7.06E-09,2.38E-05,7.06E-09,1.174656252,3.338673461,10.49839014,4.140261298,4.573301532,2.38E-05,8.382975849,1.70391758
France-2014,France,Europe_and_Central_Asia,High-Income_Economy,2014,93.90230386,1.287985563,1.412870884,27.47027367,72.90191085,3.725678938,2033,14500,2.275919914,62.19926694,36444.39491,2.4167E+12,16.62016,0.51010555,4815,1420456739,16533,6.84E-09,0.000587766,6.84E-09,1.186598719,3.348860514,10.50357039,4.146292702,4.552847982,0.000587594,8.479698987,1.553011241
France-2015,France,Europe_and_Central_Asia,High-Income_Economy,2015,94.93274648,1.247834802,1.417322278,28.21169085,85.49975263,3.523081212,1994,14306,2.227020025,63.5046872,36702.43237,2.44248E+12,18.60366,0.5391555,5137,398994344,16300,6.67E-09,0.000163356,6.67E-09,1.171559119,3.374569001,10.51062555,4.166737891,4.563647388,0.000163343,8.544419178,1.509193446
France-2016,France,Europe_and_Central_Asia,High-Income_Economy,2016,96.77688049,1.328288913,1.380623579,27.93318016,87.39637044,3.498527459,2012,14206,2.222379923,63.34275644,36920.53429,2.46349E+12,19.79079,1.0140297,5049,806111016,16218,6.58E-09,0.000327223,6.58E-09,1.170120193,3.364989039,10.51655024,4.164224363,4.582688153,0.00032717,8.527143522,1.503750112
France-2017,France,Europe_and_Central_Asia,High-Income_Economy,2017,99.76015418,1.224527001,1.308906794,26.0180219,106.1975443,2.850840821,1832,14415,2.198879957,65.39584816,37580.59793,2.51482E+12,20.00664,1.4857982,5113,1246958224,16247,6.46E-09,0.000495844,6.46E-09,1.162800735,3.296504121,10.53426979,4.195634527,4.612742982,0.000495721,8.539737156,1.34829152
France-2018,France,Europe_and_Central_Asia,High-Income_Economy,2018,102.1651526,1.2815516,1.419718504,25.93478493,85.05789393,2.74917801,1919,14303,2.196660042,66.80226078,38062.4436,2.55621E+12,19.20898,2.8083227,5669,1355351469,16222,6.35E-09,0.000530219,6.35E-09,1.162106528,3.293418571,10.54700961,4.216595539,4.636331128,0.000530078,8.642944397,1.321536619
Greece-2014,Greece,Europe_and_Central_Asia,High-Income_Economy,2014,117.6661733,-0.136098176,0.298027337,11.50603126,23.57911038,29.99453747,19,651,0.839980006,66.43356826,17903.52526,1.95013E+11,5.429644,0.09180065,793,426938246,670,3.44E-09,0.002189286,3.44E-09,0.609754705,2.526211028,9.792808767,4.211142939,4.776314285,0.002186893,6.677083461,3.433810978
Greece-2015,Greece,Europe_and_Central_Asia,High-Income_Economy,2015,113.1978457,-0.119139403,0.145935848,12.92182531,21.62725395,35.70686888,23,550,0.966050029,65.27180114,17980.72982,1.94567E+11,5.945258,0.18482749,786,0,573,2.94E-09,0,2.94E-09,0.676026468,2.633457775,9.797111512,4.193764485,4.737932433,0,6.668228248,3.602963901
Greece-2016,Greece,Europe_and_Central_Asia,High-Income_Economy,2016,108.3914975,-0.134527221,0.12441732,13.72700812,19.24576922,37.35613197,40,606,1.005290031,63.65766259,18049.92892,1.94506E+11,7.967101,0.37121227,852,12419077,646,3.32E-09,6.38E-05,3.32E-09,0.695788704,2.689683095,9.800952426,4.169106622,4.694933167,6.38E-05,6.748759547,3.64691441
Greece-2017,Greece,Europe_and_Central_Asia,High-Income_Economy,2017,100.4186207,-0.112043098,0.239155456,12.11488958,25.25440722,45.96679797,91,498,1.152279973,70.88260667,18352.08841,1.97371E+11,9.335051,1.3018979,797,66327565,589,2.98E-09,0.000336056,2.98E-09,0.766527733,2.573748194,9.817553145,4.275034326,4.619256711,0.000335999,6.682108597,3.849440926
Greece-2018,Greece,Europe_and_Central_Asia,High-Income_Economy,2018,90.98269975,-0.056208048,0.258464664,12.95518895,17.98924175,43.37318589,149,430,1.21370995,79.23816361,18769.03901,2.01446E+11,7.744936,0.83870375,1019,2158203,579,2.87E-09,1.07E-05,2.87E-09,0.794669819,2.635851407,9.840017208,4.384999257,4.521600513,1.07E-05,6.927557906,3.792635366
Greece-2019,Greece,Europe_and_Central_Asia,High-Income_Economy,2019,79.99515502,0.013698228,0.314295799,12.52225556,25.88158115,38.07241693,238,356,1.274960041,80.59010089,19216.676,2.06033E+11,7.77626,0.27988783,1091,11658833,594,2.88E-09,5.66E-05,2.88E-09,0.821962488,2.604336888,9.86358576,4.401707942,4.394389338,5.66E-05,6.995766156,3.665416769
Greece-2020,Greece,Europe_and_Central_Asia,High-Income_Economy,2020,81.02804736,0.031950839,0.402936995,13.25186697,26.64407114,30.81467917,363,400,1.50793004,70.29378645,17486.95138,1.87086E+11,7.356091,0.46731722,1366,18845613,763,4.08E-09,0.000100732,4.08E-09,0.919457728,2.656887914,9.76926743,4.266809177,4.40706123,0.000100727,7.220373837,3.459927792
Greece-2021,Greece,Europe_and_Central_Asia,High-Income_Economy,2021,55.97845446,0.183011442,0.406026542,12.28486815,27.13759884,11.88133295,532,394,1.456419945,88.01266274,19232.96838,2.03277E+11,6.641998,0.66165316,1788,5.80E+07,926,4.56E-09,0.000285325,4.56E-09,0.898704983,2.586625655,9.864433181,4.488778638,4.042673204,0.000285284,7.489412084,2.555779206
Hungary-2013,Hungary,Europe_and_Central_Asia,high-income_economy,2013,46.05118038,0.293921649,0.678418398,19.36915231,14.59078737,16.82572837,66,642,1.38409996,164.3461104,11705.00925,1.15799E+11,8.120221,0.20223789,303,0,708,6.11E-09,0,6.11E-09,0.868821678,3.014021615,9.3678576,5.108040915,3.851235954,0,5.717027701,2.880642827
Hungary-2014,Hungary,Europe_and_Central_Asia,high-income_economy,2014,42.51429802,0.156544849,0.582895637,16.69019751,10.29063639,15.62152681,73,546,1.344599962,168.3945965,12233.29937,1.20699E+11,6.695463,0.101390645,298,5723033,619,5.13E-09,4.74E-05,5.13E-09,0.852114796,2.873010673,9.41199871,5.132230884,3.773089574,4.74E-05,5.700443573,2.810698651
Hungary-2015,Hungary,Europe_and_Central_Asia,high-income_economy,2015,35.0798415,0.118709452,0.509736955,17.08325845,14.12987234,11.66312603,64,569,1.339589953,167.320445,12717.0386,1.25174E+11,8.316404,0.8130734,305,395564593,633,5.06E-09,0.003160114,5.06E-09,0.84997568,2.894986562,9.450776627,5.125869574,3.585734302,0.003155131,5.723585102,2.538694308
Hungary-2016,Hungary,Europe_and_Central_Asia,high-income_economy,2016,33.37437642,0.072164074,0.457127035,17.57645302,17.53626286,7.423562097,49,616,1.179870009,164.4039277,13035.35286,1.27929E+11,9.585453,0.5096565,331,12419077,665,5.20E-09,9.71E-05,5.20E-09,0.779265246,2.921894812,9.475497108,5.108390529,3.537311415,9.71E-05,5.805134969,2.131032791
Hungary-2017,Hungary,Europe_and_Central_Asia,high-income_economy,2017,32.39838963,0.090621345,0.481280267,17.26307328,22.04833751,4.167788043,36,496,1.317020059,165.2285156,13628.40449,1.33394E+11,9.697723,0.6131455,281,2210919,532,3.99E-09,1.66E-05,3.99E-09,0.840281903,2.904881168,9.519984833,5.113363442,3.508507684,1.66E-05,5.641907071,1.642444752
Hungary-2018,Hungary,Europe_and_Central_Asia,high-income_economy,2018,32.34142598,0.055339221,0.443152636,16.82098586,18.0203993,2.465299559,36,407,1.507750034,163.2605123,14377.42416,1.40547E+11,9.478704,0.30692437,398,45322262,443,3.15E-09,0.00032247,3.15E-09,0.91938595,2.880376744,9.57348404,5.101453657,3.506800647,0.000322418,5.988961417,1.242799082
Hungary-2019,Hungary,Europe_and_Central_Asia,high-income_economy,2019,33.25898311,0.030637173,0.450478911,17.37876006,20.05026076,1.509118843,23,427,1.472910047,160.7513433,15083.59917,1.47384E+11,9.339087,0.40940207,517,12718727,450,3.05E-09,8.63E-05,3.05E-09,0.905395614,2.911195653,9.62142958,5.086060238,3.533948811,8.63E-05,6.249975242,0.919931633
Hungary-2020,Hungary,Europe_and_Central_Asia,high-income_economy,2020,37.59900087,0.068954095,0.538535595,17.46488072,17.78308586,3.953203274,28,428,1.59315002,155.4226639,14437.80885,1.40771E+11,7.338471,0.20513956,572,10469785,456,3.24E-09,7.44E-05,3.24E-09,0.952873361,2.915870589,9.577674919,5.052561727,3.653226392,7.44E-05,6.350885717,1.600034493
Hungary-2021,Hungary,Europe_and_Central_Asia,high-income_economy,2021,38.32801053,0.01195485,0.59682107,16.39751264,17.33641211,3.568278172,13,433,1.64230001,159.6882741,15521.38159,1.50711E+11,7.074254,0.20601888,663,2.80E+07,446,2.96E-09,0.000185786,2.96E-09,0.971649754,2.856327244,9.650038235,5.079466303,3.671937001,0.000185769,6.498282149,1.519136366
India-2013,India,South_Asia,lower-middle_income_economy,2013,52.38570952,-0.517280996,-0.157355145,8.87350365,68.1342664,4.027728635,32362,10669,0.706420004,53.84413195,1399.453798,1.81345E+12,17.16692,0.041672148,5267,68627295,43031,2.37E-08,3.78E-05,2.37E-08,0.534397611,2.28985477,7.244551605,4.004495197,3.977543098,3.78E-05,8.569406063,1.614968319
India-2014,India,South_Asia,lower-middle_income_economy,2014,51.88218736,-0.457605749,-0.222846583,9.221221748,82.7172078,4.345849763,30814,12040,0.701590002,48.92218575,1484.316407,1.94783E+12,16.44565,0.037339672,6463,2719585184,42854,2.20E-08,0.00139621,2.20E-08,0.531563109,2.324466122,7.303383097,3.910465508,3.968066559,0.001395236,8.7740036,1.676320515
India-2015,India,South_Asia,lower-middle_income_economy,2015,51.86752408,-0.40657419,0.0800815,8.024769172,82.96153709,5.883522274,33079,12579,0.693099976,41.92291387,1583.998159,2.10359E+12,16.17971,0.083582796,8013,1142107019,45658,2.17E-08,0.000542933,2.17E-08,0.526561154,2.199972927,7.368338525,3.759405806,3.967789239,0.000542785,8.988945291,1.929130479
India-2016,India,South_Asia,lower-middle_income_economy,2016,49.10122542,-0.337335646,0.061389416,7.663257044,76.09812486,9.185655918,31858,13199,0.669839978,40.08248571,1694.46535,2.27727E+12,17.14082,0.11607624,8989,311605939,45057,1.98E-08,0.000136833,1.98E-08,0.5127278,2.159090754,7.435712525,3.715581892,3.914045467,0.000136824,9.103868127,2.320980448
India-2017,India,South_Asia,lower-middle_income_economy,2017,48.7940214,-0.291900009,0.041096631,7.362081141,96.39877839,9.975282064,31621,14961,0.66602999,40.74249695,1788.697703,2.43202E+12,15.45114,0.19784395,9800,5336052611,46582,1.92E-08,0.002194086,1.92E-08,0.510443545,2.123707336,7.489802004,3.731519721,3.907894925,0.002191683,9.1902397,2.395645659
India-2018,India,South_Asia,lower-middle_income_economy,2018,50.33816275,-0.229758978,0.262917787,9.041451688,84.43839906,9.460956912,33766,16289,0.66000998,43.61696933,1883.357727,2.58897E+12,16.4891,0.19641234,12176,7297963363,50055,1.93E-08,0.002818862,1.93E-08,0.506823615,2.306721694,7.541342313,3.798114265,3.938434389,0.002814897,9.407304206,2.347649937
India-2019,India,South_Asia,lower-middle_income_economy,2019,50.74246174,-0.30260244,0.130771831,10.22373969,80.650283,9.234428991,34173,19454,0.659420013,39.90540353,1936.030677,2.68921E+12,17.56805,0.007199267,13437,981461793,53627,1.99E-08,0.000364964,1.99E-08,0.506468152,2.41803115,7.568911501,3.71126217,3.946278755,0.000364897,9.505841793,2.325757428
India-2020,India,South_Asia,lower-middle_income_economy,2020,54.50529025,-0.293598413,0.374532461,11.03256385,97.03201362,7.938830725,33630,23141,0.64635998,37.75810533,1806.501106,2.53383E+12,19.00172,0.003564763,18288,26600582930,56771,2.24E-08,0.01049817,2.24E-08,0.498566778,2.487616628,7.499700566,3.657339904,4.016478336,0.010443447,9.814055065,2.190404789
Indonesia-2013,Indonesia,East_Asia_and_Pacific,Upper-middle_income_economy,2013,32.37033501,-0.660291791,-0.244262353,9.676062629,37.99064551,1.606180858,6787,663,0.084700003,48.63737268,3055.24246,7.81691E+11,4.511139,0.003908502,390,2326349,7450,9.53E-09,2.98E-06,9.53E-09,0.081303454,2.368004098,8.024941486,3.904744031,3.507667332,2.98E-06,5.96870756,0.957885877
Indonesia-2016,Indonesia,East_Asia_and_Pacific,Upper-middle_income_economy,2016,33.12695828,-0.463151515,-0.050782252,7.998609749,45.68924908,2.774898552,8538,1101,0.245350003,37.4213418,3416.810052,9.04182E+11,5.101857,0.007557795,1068,2258014,9639,1.07E-08,2.50E-06,1.07E-08,0.219416618,2.197070093,8.136755289,3.648613081,3.530087637,2.50E-06,6.974478911,1.328373509
Ireland-2016,Ireland,Europe_and_Central_Asia,High-Income_Economy,2016,47.34005127,1.649452686,1.329557776,32.84181715,39.19384995,12.62697501,70,79,1.175070047,229.7644331,64367.4069,3.06089E+11,14.43176,0.42074215,486,222414384,149,4.87E-10,0.000726634,4.87E-10,0.77706087,3.521697232,11.07237822,5.44139742,3.878260436,0.00072637,6.188264123,2.612051285
Ireland-2018,Ireland,Europe_and_Central_Asia,High-Income_Economy,2018,39.74995962,1.5349406,1.378243089,25.01527823,27.85465816,5.456854569,32,76,1.167199969,216.4236477,74427.55207,3.62262E+11,15.39093,0.4104621,612,137045889,108,2.98E-10,0.000378306,2.98E-10,0.773435998,3.25868399,11.21759491,5.381847744,3.707454849,0.000378234,6.418364936,1.86514229
Israel-2013,Israel,Middle_East_and_North_Africa,High-income_economy,2013,64.84809723,0.905973852,1.243064404,19.03625824,68.3057886,2.901407683,4984,1201,4.025990009,64.66563099,35338.62421,2.84812E+11,32.07264,1.1613849,598,181455221,6185,2.17E-08,0.000637106,2.17E-08,1.614622451,2.997543544,10.47276011,4.184575668,4.187350532,0.000636903,6.395261598,1.361337432
Israel-2014,Israel,Middle_East_and_North_Africa,High-income_economy,2014,65.12480921,0.86055541,1.206179619,19.41305284,63.84310565,2.166393793,5148,1125,4.110610008,62.21117541,36013.66865,2.95877E+11,31.43754,0.75976557,703,170546377,6273,2.12E-08,0.000576409,2.12E-08,1.631318772,3.016174541,10.4916816,4.146481112,4.191544005,0.000576243,6.556778356,1.152593335
Israel-2015,Israel,Middle_East_and_North_Africa,High-income_economy,2015,65.87282144,0.906771839,1.356556654,23.65397754,80.57001212,1.844806223,5623,1285,4.214630127,59.34758073,36123.99079,3.02723E+11,29.72975,1.9868581,742,477878613,6908,2.28E-08,0.001578602,2.28E-08,1.651468161,3.204938248,10.49474017,4.100120859,4.202792628,0.001577357,6.610696045,1.045494954
Israel-2016,Israel,Middle_East_and_North_Africa,High-income_economy,2016,64.92011993,1.147175431,1.309555888,21.81961727,66.67008896,1.606543015,5119,1300,4.471739769,58.25084735,36969.74166,3.15943E+11,30.28489,0.609013,831,546439400,6419,2.03E-08,0.001729548,2.03E-08,1.699596622,3.127620573,10.51788211,4.081780081,4.188443705,0.001728054,6.723832441,0.958024828
Israel-2017,Israel,Middle_East_and_North_Africa,High-income_economy,2017,64.85902597,0.790212035,1.348787904,21.06797885,64.6783968,1.290670744,5377,1436,4.624149799,56.72161777,37809.44152,3.29445E+11,31.23741,2.5114222,954,638955544,6813,2.07E-08,0.001939491,2.07E-08,1.72706979,3.094127637,10.54034057,4.055631761,4.187516487,0.001937612,6.86171134,0.828844676
Israel-2018,Israel,Middle_East_and_North_Africa,High-income_economy,2018,65.68024239,0.753730357,1.169254184,22.53628401,49.97110338,1.210926115,5857,1506,4.776130199,59.13602239,38599.1089,3.42868E+11,32.04547,2.3501575,1160,1260390538,7363,2.15E-08,0.003676021,2.15E-08,1.753733943,3.158543231,10.56101038,4.096609036,4.199908693,0.003669281,7.057036982,0.793411485
Israel-2019,Israel,Middle_East_and_North_Africa,High-income_economy,2019,64.60573648,0.773935139,1.288586617,23.0916656,59.39460211,1.388016459,6370,1368,5.215640068,56.6665034,39302.65182,3.55846E+11,32.36272,2.425652,1595,1490210887,7738,2.17E-08,0.004187795,2.17E-08,1.827068707,3.181865955,10.57907272,4.054676475,4.183663139,0.00417905,7.375255778,0.870463088
Israel-2020,Israel,Middle_East_and_North_Africa,High-income_economy,2020,67.797933,0.536611319,1.05196321,28.19764307,63.64919597,1.374957193,6481,1642,5.705550194,51.15130048,38049.99033,3.50634E+11,28.46502,2.6135237,1931,2723191097,8123,2.32E-08,0.007766467,2.32E-08,1.902935571,3.374087989,10.54668239,3.954149118,4.231173701,0.007736463,7.566311015,0.864979413
Israel-2021,Israel,Middle_East_and_North_Africa,High-income_economy,2021,69.19860031,0.829447269,1.250802159,29.59567587,73.94575416,1.05034257,8017,1592,5.556749821,55.0617294,40911.43553,3.83397E+11,29.30272,2.5718656,2124,6.22E+09,9609,2.51E-08,0.016220766,2.51E-08,1.880495026,3.420858688,10.61918934,4.026453394,4.251328372,0.016090615,7.661527081,0.718006886
Italy-2013,Italy,Europe_and_Central_Asia,High-Income_Economy,2013,90.22793188,0.070905864,0.532426715,7.772071453,28.58327131,16.54270564,905,8307,1.301069975,54.03418463,30369.12937,1.82925E+12,10.923,0.16486995,3076,15121268,9212,5.04E-09,8.27E-06,5.04E-09,0.833374221,2.171572976,10.32121482,4.007954531,4.513361121,8.27E-06,8.031710375,2.86463823
Italy-2014,Italy,Europe_and_Central_Asia,High-Income_Economy,2014,88.0646007,0.005657753,0.472872227,7.736913817,27.02454626,18.03304698,781,8601,1.338400006,54.45452993,30091.34815,1.82923E+12,12.98474,0.09890517,3291,26325951,9382,5.13E-09,1.44E-05,5.13E-09,0.849466938,2.167557017,10.3120262,4.015563404,4.489361957,1.44E-05,8.099250562,2.946176783
Japan-2013,Japan,East_Asia_and_Pacific,High-Income_Economy,2013,103.192251,1.648249269,1.610509396,17.75875891,87.1619933,2.129090181,56705,271731,3.27895999,33.97876865,34239.88625,4.3637E+12,17.22339,2.771609,5736,47690154,328436,7.53E-08,1.09E-05,7.53E-08,1.453709987,2.931660785,10.44117571,3.554741267,4.64623776,1.09E-05,8.654691705,1.140742285
Japan-2014,Japan,East_Asia_and_Pacific,High-Income_Economy,2014,103.7993605,1.690213561,1.805413008,17.78053472,89.40166166,1.746456331,60030,265959,3.367880106,37.43143457,34386.90586,4.37663E+12,17.33325,4.0161085,5539,85845492,325989,7.45E-08,1.96E-05,7.45E-08,1.47427779,2.932820946,10.44546021,3.648875733,4.652047669,1.96E-05,8.61974978,1.010311474
Japan-2015,Japan,East_Asia_and_Pacific,High-Income_Economy,2015,102.3527026,1.52976644,1.753165483,18.04548893,110.123633,1.533599959,59882,258839,3.24071002,35.42740835,34960.63938,4.44493E+12,17.35316,5.8062854,5865,256088060,318721,7.17E-08,5.76E-05,7.17E-08,1.444730713,2.946830272,10.46200672,3.595321468,4.638147436,5.76E-05,8.67692825,0.9296412
Japan-2016,Japan,East_Asia_and_Pacific,High-Income_Economy,2016,103.9669369,1.482243896,1.784825563,17.62042385,99.03315164,1.396769815,58137,260244,3.106659889,31.31024685,35242.19938,4.47844E+12,16.86931,10.679463,5996,940462852,318381,7.11E-08,0.000209998,7.11E-08,1.412610019,2.924259035,10.47002786,3.47538442,4.653645414,0.000209976,8.699014623,0.874121921
Japan-2017,Japan,East_Asia_and_Pacific,High-Income_Economy,2017,106.3933694,1.48122704,1.579890251,17.59427747,126.2021994,1.191847999,58189,260292,3.166359901,34.42321357,35861.97285,4.55347E+12,16.95478,18.722748,6348,738446891,318481,6.99E-08,0.000162172,6.99E-08,1.427042729,2.92285387,10.48746065,3.567367356,4.676498443,0.000162159,8.756052599,0.784745023
Japan-2018,Japan,East_Asia_and_Pacific,High-Income_Economy,2018,106.9398151,1.388587594,1.634588718,17.29705281,105.077092,1.073386707,59937,253630,3.219199896,36.6099318,36138.52908,4.58276E+12,16.26689,28.216084,7328,1035937428,313567,6.84E-08,0.000226051,6.84E-08,1.439645512,2.906739998,10.49514253,3.627268159,4.681573805,0.000226025,8.89959436,0.72918336
Japan-2019,Japan,East_Asia_and_Pacific,High-Income_Economy,2019,110.6625826,1.430998325,1.55003655,17.03038445,120.9667981,1.111435604,62597,245372,3.218240023,35.21641811,36043.7844,4.56433E+12,14.27734,33.46503,8312,1794400449,307969,6.75E-08,0.000393135,6.75E-08,1.439417985,2.89205836,10.49251746,3.589512555,4.715481669,0.000393058,9.025575834,0.747368097
Japan-2020,Japan,East_Asia_and_Pacific,High-Income_Economy,2020,120.9331203,1.463714361,1.547300577,18.63334879,132.8870302,1.13897924,61124,227348,3.268970013,31.32579312,34650.79678,4.37504E+12,14.28424,33.74384,8713,2306493651,288472,6.59E-08,0.000527193,6.59E-08,1.451372583,2.977229589,10.45310486,3.47586546,4.8034727,0.000527054,9.072686207,0.760328725
Japan-2021,Japan,East_Asia_and_Pacific,High-Income_Economy,2021,120.7104096,1.535760522,1.361168146,18.00399135,129.9860262,1.22751857,66748,222452,3.295809984,36.77148329,35701.45427,4.48702E+12,12.85732,23.583828,9556,1.42E+09,289200,6.45E-08,0.000317137,6.45E-08,1.457640125,2.944649028,10.48297471,3.631554408,4.801644531,0.000317087,9.165029149,0.800888217
Luxembourg-2016,Luxembourg,Europe_and_Central_Asia,High-Income_Economy,2016,96.25308594,2.049894571,1.655891657,7.967086404,97.89973568,0.904844284,301,143,1.266899943,348.4374094,108351.4522,63062062077,54.32573,3.4275274,119,0,444,7.04E-09,0,7.04E-09,0.818413234,2.193560808,11.59314464,5.856324459,4.577316714,0,4.787491743,0.644400264
Luxembourg-2017,Luxembourg,Europe_and_Central_Asia,High-Income_Economy,2017,100.4731335,1.941121459,1.645442963,6.968841029,104.4541204,0.791204996,512,156,1.238980055,353.793992,107142.1276,63892707778,57.44071,5.0292954,136,1105459,668,1.05E-08,1.73E-05,1.05E-08,0.80602043,2.075539066,11.58192086,5.871537317,4.619794069,1.73E-05,4.919980926,0.582888576
Luxembourg-2018,Luxembourg,Europe_and_Central_Asia,High-Income_Economy,2018,105.6217075,2.048039198,1.73641336,6.973241237,69.69350601,0.89696633,243,152,1.171800017,362.4239045,106376.7836,64671765569,53.49949,14.800003,148,8632812,395,6.11E-09,0.000133487,6.11E-09,0.775556325,2.07609109,11.57475203,5.895569934,4.669287126,0.000133478,5.003946306,0.640255942
Luxembourg-2019,Luxembourg,Europe_and_Central_Asia,High-Income_Economy,2019,108.9833952,2.072476864,1.695484519,6.573569943,63.28987005,0.738897536,359,117,1.18287003,382.3483692,107350.6267,66557495897,55.10573,16.124716,170,6359364,476,7.15E-09,9.55E-05,7.15E-09,0.780640539,2.024664547,11.58386496,5.948944156,4.700329402,9.55E-05,5.141663557,0.553251312
Luxembourg-2020,Luxembourg,Europe_and_Central_Asia,High-Income_Economy,2020,110.1694034,2.023699522,1.792388916,5.61923855,69.97028917,1.028040999,679,129,1.091500044,372.2714029,104616.0347,65951935966,54.36499,20.615385,208,442871909,808,1.23E-08,0.006715071,1.23E-08,0.737881533,1.889980341,11.55806167,5.922305777,4.711055195,0.006692625,5.342334252,0.707070302
Luxembourg-2021,Luxembourg,Europe_and_Central_Asia,High-Income_Economy,2021,103.9636621,1.840929389,1.677256942,6.075202068,71.50145379,1.254877675,1441,112,1.042150021,393.1411982,110425.8884,70679635854,51.66831,59.349407,248,3.07E+08,1553,2.20E-08,0.004343542,2.20E-08,0.714003185,1.956596004,11.61210894,5.976709216,4.653614215,0.004334137,5.517452896,0.813095726
Malaysia-2014,Malaysia,East_Asia_and_Pacific,Upper-middle_income_economy,2014,120.5286835,0.396519065,1.145935416,49.21925473,135.7735593,1.64578546,6267,1353,1.26275003,138.3122312,9341.73056,2.86755E+11,19.77577,0.32577392,1530,0,7620,2.66E-08,0,2.66E-08,0.816580901,3.916398514,9.14235384,4.936717682,4.800150313,0,7.333676396,0.972967981
Malaysia-2015,Malaysia,East_Asia_and_Pacific,Upper-middle_income_economy,2015,123.0651806,0.18163617,0.917085171,48.48538065,127.0847707,1.606828288,6455,1272,1.279450059,131.3700724,9648.679794,3.01355E+11,16.5578,0.57631725,1641,5716251,7727,2.56E-08,1.90E-05,2.56E-08,0.823934212,3.901677286,9.174680012,4.885601579,4.820807077,1.90E-05,7.40367029,0.958134267
Malaysia-2016,Malaysia,East_Asia_and_Pacific,Upper-middle_income_economy,2016,121.9354289,0.02742465,0.817718744,49.05866962,119.42941,1.614268256,6127,1109,1.415169954,126.89901,9901.479602,3.14765E+11,18.00918,0.31456736,1435,2258014,7236,2.30E-08,7.17E-06,2.30E-08,0.881769659,3.91319571,9.20054047,4.851240968,4.811659249,7.17E-06,7.26961675,0.960984233
Malaysia-2018,Malaysia,East_Asia_and_Pacific,Upper-middle_income_economy,2018,120.2461831,0.299851537,1.053889871,53.18128723,110.9339671,1.468190965,6179,1116,1.040259957,130.4026255,10610.19502,3.49192E+11,20.40258,0.27346513,1825,51796871,7295,2.09E-08,0.000148334,2.09E-08,0.71307723,3.992335595,9.269664857,4.878266087,4.797823049,0.000148323,7.509883061,0.903485479
Malaysia-2020,Malaysia,East_Asia_and_Pacific,Upper-middle_income_economy,2020,133.7857494,0.228581384,1.022258878,53.81287366,129.3613561,1.567126711,5839,989,0.950879991,116.7881824,10171.46578,3.44706E+11,20.40033,0.059015233,2119,47114033,6828,1.98E-08,0.000136679,1.98E-08,0.668280548,4.003925087,9.227439916,4.768887947,4.903686477,0.000136669,7.659171368,0.942787262
Mexico-2013,Mexico,Latin_America_and_the_caribbean,Upper-middle_income_economy,2013,21.3105243,-0.591898561,0.302350998,20.51094476,39.62643208,3.361570185,14234,1210,0.425029993,62.69167477,9738.710598,1.15251E+12,19.81271,0.27039915,743,1163174,15444,1.34E-08,1.01E-06,1.34E-08,0.354192861,3.068561864,9.183966683,4.15405386,3.105058509,1.01E-06,6.612041035,1.472832127
Mexico-2014,Mexico,Latin_America_and_the_caribbean,Upper-middle_income_economy,2014,21.13265865,-0.84301883,0.133970901,20.22209978,35.19550046,3.134023377,14889,1246,0.435299993,64.09840904,9862.481254,1.18137E+12,18.84009,0.17531519,776,2289213,16135,1.37E-08,1.94E-06,1.37E-08,0.361373881,3.055043081,9.196594454,4.17590011,3.097054284,1.94E-06,6.65544035,1.419251116
Mexico-2015,Mexico,Latin_America_and_the_caribbean,Upper-middle_income_economy,2015,23.04949011,-0.888967395,0.117517561,19.57270211,33.15380484,2.604410218,16707,1364,0.429430008,70.41297468,10021.23861,1.21329E+12,22.39428,0.38819775,845,9146002,18071,1.49E-08,7.54E-06,1.49E-08,0.357275769,3.023965057,9.212561764,4.268479571,3.180113795,7.54E-06,6.74051936,1.282158156
Mexico-2016,Mexico,Latin_America_and_the_caribbean,Upper-middle_income_economy,2016,25.12259777,-0.850662291,0.027610578,20.65411164,31.54099876,2.146763145,16103,1310,0.387780011,75.69030341,10100.50212,1.2348E+12,19.35907,0.52351165,893,11290070,17413,1.41E-08,9.14E-06,1.41E-08,0.327705356,3.07519535,9.220439417,4.339775278,3.262800755,9.14E-06,6.795705775,1.146374352
Mexico-2017,Mexico,Latin_America_and_the_caribbean,Upper-middle_income_economy,2017,26.16035768,-0.952429533,-0.065302551,21.16809678,35.02250765,2.146058342,15850,1334,0.328319997,76.95212604,10193.77272,1.25791E+12,21.13066,0.5672607,899,28741945,17184,1.37E-08,2.28E-05,1.37E-08,0.283914983,3.098654173,9.229630389,4.35609487,3.301758472,2.28E-05,6.802394763,1.146150349
Mexico-2018,Mexico,Latin_America_and_the_caribbean,Upper-middle_income_economy,2018,26.07599331,-0.949163556,-0.292850614,20.89174564,30.64963575,2.107737861,14869,1555,0.306430012,80.21266166,10296.86909,1.28272E+12,21.71797,0.73049116,1076,7553710,16424,1.28E-08,5.89E-06,1.28E-08,0.267298235,3.086109654,9.239692269,4.397071167,3.298647479,5.89E-06,6.981934677,1.133895086
Mexico-2019,Mexico,Latin_America_and_the_caribbean,Upper-middle_income_economy,2019,27.76815293,-0.917449772,-0.306684852,20.40685841,31.71665151,2.20172619,14636,1305,0.283939987,77.46197227,10159.44484,1.27768E+12,22.35756,0.8349039,1274,146265364,15941,1.25E-08,0.000114477,1.25E-08,0.249933465,3.063711357,9.226257503,4.362614078,3.359268974,0.000114471,7.150701458,1.163690099
Mexico-2020,Mexico,Latin_America_and_the_caribbean,Upper-middle_income_economy,2020,27.67121949,-0.921630204,-0.270338684,21.50742497,35.64617421,2.564017999,13180,1132,0.300029993,76.85455571,9234.643625,1.17094E+12,20.47244,0.8201954,1438,41879140,14312,1.22E-08,3.58E-05,1.22E-08,0.262387336,3.113845254,9.130825584,4.354842416,3.355893814,3.58E-05,7.271703707,1.27088856
Mexico-2021,Mexico,Latin_America_and_the_caribbean,Upper-middle_income_economy,2021,26.11895264,-1.020639896,-0.343543798,19.81134064,34.91708045,2.048526075,15044,1117,0.282429993,83.06929762,9728.0568,1.24177E+12,23.75342,0.06267227,1619,2.10E+08,16161,1.30E-08,0.000169114,1.30E-08,0.24875671,3.035498061,9.182872233,4.43164143,3.300232843,0.000169099,7.390181428,1.11465822
Netherlands-2013,Netherlands,Europe_and_Central_Asia,High-Income_Economy,2013,112.9659373,2.016869783,1.808733821,24.66590511,92.52094079,3.227168886,449,2315,2.15605998,150.6518502,44487.03061,7.47579E+11,8.942967,0.11787543,1491,10468570,2764,3.70E-09,1.40E-05,3.70E-09,1.149324408,3.245163462,10.70297546,5.021587435,4.735899608,1.40E-05,7.307872781,1.441532475
Netherlands-2014,Netherlands,Europe_and_Central_Asia,High-Income_Economy,2014,115.2026076,1.96052146,1.835469484,24.55596876,87.2461702,2.982662153,288,2294,2.173300028,151.7158911,45042.06696,7.59635E+11,9.642394,0.058719605,1547,28615164,2582,3.40E-09,3.77E-05,3.40E-09,1.154772065,3.2408709,10.71537435,5.028579274,4.755335285,3.77E-05,7.344719054,1.381950478
Netherlands-2015,Netherlands,Europe_and_Central_Asia,High-Income_Economy,2015,110.1329424,1.833373189,1.828625441,24.07401292,93.90802699,2.711984666,287,2207,2.14605999,160.3258126,45793.81354,7.75744E+11,9.511075,0.29227072,1604,300674821,2494,3.21E-09,0.000387596,3.21E-09,1.146150873,3.221831968,10.73192612,5.083426001,4.710727164,0.00038752,7.380879036,1.311566684
Netherlands-2016,Netherlands,Europe_and_Central_Asia,High-Income_Economy,2016,112.6869164,1.858350754,1.820286155,24.00874049,101.0738682,2.540527448,314,2290,2.150810003,150.9655292,46655.03635,7.9455E+11,11.03037,0.34874204,1779,681920243,2604,3.28E-09,0.000858247,3.28E-09,1.147659564,3.219225383,10.75055759,5.023653714,4.733448323,0.000857879,7.484368643,1.264275713
Netherlands-2017,Netherlands,Europe_and_Central_Asia,High-Income_Economy,2017,109.2609684,1.745578885,1.814021945,22.92190252,129.6936977,2.305427077,365,2241,2.178570032,159.6460597,47670.1057,8.16651E+11,12.20702,0.28876072,1810,601369923,2606,3.19E-09,0.000736386,3.19E-09,1.15643142,3.174794463,10.77208074,5.079203558,4.702849996,0.000736115,7.501634458,1.195565686
Norway-2013,Norway,Europe_and_Central_Asia,High-Income_Economy,2013,106.3946465,2.286928415,1.876767039,21.02050012,50.45053247,1.338726707,648,1101,1.642160058,67.97279259,73515.91449,3.73433E+11,8.557817,0.19684555,385,3489523,1749,4.68E-09,9.34E-06,4.68E-09,0.971596786,3.091973843,11.20527079,4.233712117,4.676510335,9.34E-06,5.955837369,0.849606639
Norway-2014,Norway,Europe_and_Central_Asia,High-Income_Economy,2014,109.4934303,2.222682953,1.821703792,22.31545056,43.72208965,1.130887907,457,1106,1.703690052,69.13737722,74180.32387,3.81082E+11,8.873162,0.3893022,442,51507295,1563,4.10E-09,0.000135161,4.10E-09,0.994617526,3.149116255,11.2142677,4.250455851,4.704956065,0.000135152,6.09356977,0.756538751
Norway-2016,Norway,Europe_and_Central_Asia,High-Income_Economy,2016,122.8875799,2.149504662,1.832366467,20.95633953,62.34077658,1.184730379,833,1227,2.032870054,69.1168424,75017.49447,3.92681E+11,11.29774,0.57295895,510,14677091,2060,5.25E-09,3.74E-05,5.25E-09,1.109509384,3.089055914,11.22548996,4.250163028,4.819374541,3.74E-05,6.23636959,0.781492424
Norway-2017,Norway,Europe_and_Central_Asia,High-Income_Economy,2017,123.2408084,2.191245556,1.944447994,21.59709845,71.48614255,1.00040358,908,1152,2.081670046,69.10878176,76247.41166,4.02355E+11,11.44286,0.37901714,611,113862320,2060,5.12E-09,0.00028299,5.12E-09,1.125471673,3.117821511,11.24175186,4.250048061,4.822221685,0.00028295,6.416732283,0.69334895
Norway-2018,Norway,Europe_and_Central_Asia,High-Income_Economy,2018,121.0463848,2.050310373,1.845145583,21.11782004,60.79788659,0.74642785,592,1082,2.03482008,70.00319579,76373.62411,4.0569E+11,12.59829,1.1295711,789,67983394,1674,4.13E-09,0.000167575,4.13E-09,1.110152141,3.09638362,11.24340577,4.262724887,4.804401176,0.000167561,6.672032945,0.557572473
Norway-2019,Norway,Europe_and_Central_Asia,High-Income_Economy,2019,126.6584875,2.03375411,1.827731967,22.49201456,72.30674165,0.801131694,582,957,2.135999918,70.89582053,76712.28713,4.10249E+11,12.82647,0.93497527,963,274512532,1539,3.75E-09,0.000669136,3.75E-09,1.142948076,3.156660558,11.24783021,4.275218134,4.849358632,0.000668912,6.871091295,0.588415186
Peru-2018,Peru,Latin_America_and_the_caribbean,Upper-middle_income_economy,2018,43.90263237,-0.597973228,-0.323809534,4.680199921,41.95265701,3.271049635,1133,89,0.126829997,48.63147017,6593.144375,2.10305E+11,19.55056,0.094050996,146,0,1222,5.81E-09,0,5.81E-09,0.119408378,1.73698643,8.793937318,3.904625112,3.80449642,0,4.990432587,1.451859613
Peru-2019,Peru,Latin_America_and_the_caribbean,Upper-middle_income_economy,2019,44.72236855,-0.509501398,-0.125898167,4.075004388,43.33991285,3.365994459,1122,137,0.156959996,46.94350538,6626.260835,2.15018E+11,20.30264,0.092451915,193,1059894,1259,5.86E-09,4.93E-06,5.86E-09,0.145795872,1.62432739,8.798946851,3.870023346,3.822587643,4.93E-06,5.267858159,1.473845989
Peru-2020,Peru,Latin_America_and_the_caribbean,Upper-middle_income_economy,2020,55.31193938,-0.524636924,-0.294280052,4.794833903,43.24127997,4.127608566,1142,125,0.171829998,44.2459672,5831.830248,1.91509E+11,14.65761,0.3654239,268,3140936,1267,6.62E-09,1.64E-05,6.62E-09,0.158566628,1.756966814,8.671257624,3.812113543,4.03090658,1.64E-05,5.59471138,1.634639384
Peru-2021,Peru,Latin_America_and_the_caribbean,Upper-middle_income_economy,2021,47.12611067,-0.653799653,-0.295280516,4.46164505,34.47066722,3.908746967,1141,94,0.139149994,55.27425488,6547.420069,2.17085E+11,16.93897,0.03016056,337,1.00E+06,1235,5.69E-09,4.61E-06,5.69E-09,0.130282365,1.697750036,8.786979089,4.030237146,3.873824871,4.61E-06,5.823045895,1.591018709
Philippines-2018,Philippines,East_Asia_and_Pacific,lower-middle_income_economy,2018,47.56278745,-0.576294243,0.062349122,61.34599314,74.44994176,1.673636061,3771,529,0.322219998,72.1633983,3410.93648,3.73379E+11,21.54946,0.018270632,313,3237304,4300,1.15E-08,8.67E-06,1.15E-08,0.27931214,4.132699406,8.135035292,4.292695273,3.882857547,8.67E-06,5.749392986,0.983439367
Poland-2013,Poland,Europe_and_Central_Asia,High-Income_Economy,2013,51.66268971,0.645680547,0.659244895,8.745017672,39.47327465,4.793488893,174,4237,0.884829998,90.41750724,11628.22868,4.4234E+11,9.654583,0.15682475,1145,2326349,4411,9.97E-09,5.26E-06,9.97E-09,0.63383763,2.276756146,9.361276922,4.515437005,3.96390723,5.26E-06,7.044032897,1.756734682
Poland-2014,Poland,Europe_and_Central_Asia,High-Income_Economy,2014,52.62214647,0.681905627,0.768983722,10.06862779,31.1538435,4.61948182,155,3941,0.950760007,92.03401971,12093.16228,4.59682E+11,9.930735,0.20906772,1296,10301459,4096,8.91E-09,2.24E-05,8.91E-09,0.668219044,2.404114781,9.400478159,4.53296523,3.981962163,2.24E-05,7.167809184,1.726239457
Poland-2015,Poland,Europe_and_Central_Asia,High-Income_Economy,2015,53.31367114,0.694461524,0.741088748,10.77552133,28.69876013,4.165105291,139,4676,1.004230022,92.25542727,12637.52203,4.80054E+11,9.74675,0.49652025,1666,51446262,4815,1.00E-08,0.000107168,1.00E-08,0.695259958,2.466022913,9.444504733,4.535342258,3.994775966,0.000107162,7.418780883,1.641925488
Poland-2016,Poland,Europe_and_Central_Asia,High-Income_Economy,2016,54.34451971,0.759568095,0.651506066,10.7154228,29.30549897,3.931089967,135,4261,0.968209982,96.86590281,13026.1859,4.94605E+11,9.633597,0.36588624,1711,21451133,4396,8.89E-09,4.34E-05,8.89E-09,0.677124491,2.460906162,9.474793676,4.583598203,4.013577643,4.34E-05,7.445417557,1.595560052
Poland-2017,Poland,Europe_and_Central_Asia,High-Income_Economy,2017,52.27324628,0.698781192,0.55077678,10.66731873,38.11684396,3.832196728,117,3924,1.037850022,100.5658952,13695.64528,5.2009E+11,10.03586,0.26140398,1800,59694809,4041,7.77E-09,0.000114778,7.77E-09,0.711895341,2.456791662,9.524906212,4.620707802,3.975434259,0.000114771,7.496097345,1.575301173
Poland-2018,Poland,Europe_and_Central_Asia,High-Income_Economy,2018,51.89591854,0.622786522,0.546892524,10.39503339,26.98925601,3.866578279,115,4207,1.206099987,102.4424622,14551.08503,5.52574E+11,9.395756,0.49684802,1825,30214842,4322,7.82E-09,5.47E-05,7.82E-09,0.791226245,2.433177593,9.585489563,4.639015537,3.968326182,5.47E-05,7.509883061,1.582391078
Poland-2019,Poland,Europe_and_Central_Asia,High-Income_Economy,2019,50.22669235,0.611018896,0.512824833,9.852934836,25.15728273,3.811509945,112,3887,1.323349953,101.5810338,15221.30906,5.77884E+11,9.372567,0.3400837,1827,104929501,3999,6.92E-09,0.000181575,6.92E-09,0.843010089,2.384435535,9.630517332,4.63065306,3.936260731,0.000181559,7.510977752,1.571010953
Poland-2020,Poland,Europe_and_Central_Asia,High-Income_Economy,2020,49.2654605,0.618671596,0.324195117,9.86616549,29.29591828,3.71722963,88,4010,1.386080027,99.25909123,14937.59603,5.66121E+11,8.105345,0.20958316,1907,148670948,4098,7.24E-09,0.000262613,7.24E-09,0.869651863,2.385653878,9.61170348,4.607757748,3.917318171,0.000262579,7.553810852,1.551221685
Poland-2021,Poland,Europe_and_Central_Asia,High-Income_Economy,2021,45.72698738,0.546135545,0.254306376,9.445565143,28.64154765,2.850231068,111,3377,1.435850024,110.874283,16368.62397,6.05337E+11,7.048028,0.15772745,2272,1.19E+08,3488,5.76E-09,0.000196585,5.76E-09,0.890295782,2.3461775,9.703182699,4.717375768,3.844321886,0.000196565,7.728855824,1.348133164
Portugal-2014,Portugal,Europe_and_Central_Asia,High-Income_Economy,2014,129.5691813,0.909372628,0.983170331,4.88070968,25.11062998,10.88405793,18,722,1.289919972,80.22066907,18836.89675,1.95924E+11,9.327741,0.09609654,947,10301459,740,3.78E-09,5.26E-05,3.78E-09,0.82851687,1.771677448,9.843625904,4.39716976,4.871903211,5.26E-05,6.854354502,2.475197832
Portugal-2015,Portugal,Europe_and_Central_Asia,High-Income_Economy,2015,119.9445179,0.892139912,1.157934546,5.079952775,30.06311997,17.67841525,20,925,1.243299961,80.63467563,19215.7813,1.99039E+11,12.36677,0.48214772,1152,24008256,945,4.75E-09,0.000120621,4.75E-09,0.807947979,1.804996929,9.863539202,4.402254118,4.795331911,0.000120614,7.05012252,2.927368592
Portugal-2016,Portugal,Europe_and_Central_Asia,High-Income_Economy,2016,111.2263477,0.858934999,1.148328543,5.805400011,27.75264983,17.27836882,27,724,1.280750036,79.52234648,19662.82309,2.03028E+11,10.70251,0.9665219,1005,15806098,751,3.70E-09,7.79E-05,3.70E-09,0.824504352,1.917716416,9.886535835,4.388534742,4.720517794,7.78E-05,6.913737351,2.905718329
Portugal-2017,Portugal,Europe_and_Central_Asia,High-Income_Economy,2017,102.7546048,0.821428776,1.294049144,5.988125954,34.22466958,14.15995732,36,644,1.319280028,84.80779231,20364.19637,2.09757E+11,16.44999,0.5807855,1074,212248208,680,3.24E-09,0.001011875,3.24E-09,0.841256805,1.944212416,9.921582663,4.452109822,4.642028542,0.001011363,6.980075941,2.718657565
Portugal-2018,Portugal,Europe_and_Central_Asia,High-Income_Economy,2018,96.99805041,0.80631566,1.181151748,5.283532694,25.58257853,10.18764153,29,661,1.349550009,86.73569549,20997.77449,2.15937E+11,16.8905,1.0653389,1158,161865223,690,3.20E-09,0.000749593,3.20E-09,0.854223824,1.837932353,9.952219357,4.474328835,4.584947585,0.000749313,7.055312843,2.414809735
Romania-2016,Romania,Europe_and_Central_Asia,High-Income_Economy,2016,28.55862431,-0.178657219,-0.068261869,10.39245139,9.753692021,9.621565157,58,1005,0.48864001,85.89252829,9286.876782,1.82973E+11,10.84487,0.10112732,772,1129007,1063,5.81E-09,6.17E-06,5.81E-09,0.397862958,2.432950978,9.136465257,4.464672048,3.386375556,6.17E-06,6.650279049,2.362886383
Romania-2017,Romania,Europe_and_Central_Asia,High-Income_Economy,2017,26.66846046,-0.141483217,-0.084791303,9.779597385,11.24029209,6.411894092,80,1098,0.506929994,87.15606457,10106.22696,1.97968E+11,11.23704,0.25394368,734,0,1178,5.95E-09,0,5.95E-09,0.410074464,2.377655216,9.221005987,4.479108705,3.320293153,0,6.599870499,2.00308602
Romania-2018,Romania,Europe_and_Central_Asia,High-Income_Economy,2018,25.51474878,-0.226882994,-0.177138329,10.07719159,8.565286402,4.95654594,47,1100,0.497289985,86.49119902,10788.01509,2.10085E+11,11.30402,0.25512972,866,0,1147,5.46E-09,0,5.46E-09,0.403656798,2.404888183,9.286283774,4.471538206,3.277701136,0,6.765038977,1.784490773
Romania-2019,Romania,Europe_and_Central_Asia,High-Income_Economy,2019,24.55876614,-0.236893356,-0.215103924,11.07256931,10.37452427,4.085479765,58,881,0.47615999,84.36771216,11270.4758,2.18328E+11,11.0667,0.30766797,1003,5299470,939,4.30E-09,2.43E-05,4.30E-09,0.389444115,2.49093588,9.330030548,4.446967952,3.240980355,2.43E-05,6.9117473,1.626389374
Romania-2020,Romania,Europe_and_Central_Asia,High-Income_Economy,2020,25.71020669,-0.098599784,-0.286944449,11.93704249,10.12292031,3.833242142,47,817,0.465380013,77.92364346,10916.31261,2.10305E+11,10.99972,0.46409768,1077,5234893,864,4.11E-09,2.49E-05,4.11E-09,0.382114603,2.560094707,9.298105121,4.368480847,3.285045765,2.49E-05,6.982862751,1.575517493
Romania-2021,Romania,Europe_and_Central_Asia,High-Income_Economy,2021,26.34974462,-0.061378639,-0.163359016,11.48794083,11.26703999,3.351335327,45,772,0.473019987,86.61334943,11607.97712,2.21968E+11,10.34337,0.6234363,1119,4.20E+07,817,3.68E-09,0.000189216,3.68E-09,0.387314707,2.524763445,9.359533967,4.472933377,3.308707192,0.000189198,7.021083964,1.47048277
Singapore-2013,Singapore,East_Asia_and_Pacific,High-Income_Economy,2013,124.0659516,2.070466757,2.128065586,50.32718572,242.0255018,0.866941606,8579,1143,1.921040058,367.04178,53298.97286,2.8777E+11,29.91776,4.8276987,1141,27916188,9722,3.38E-08,9.70E-05,3.38E-08,1.071939737,3.938220548,10.8836911,5.908196464,4.828841211,9.70E-05,7.04053639,0.624301587
Singapore-2014,Singapore,East_Asia_and_Pacific,High-Income_Economy,2014,128.1297633,2.06742692,2.217473507,50.64032558,239.0975191,0.756532862,9009,1303,2.082279921,360.4673192,54681.93365,2.99095E+11,30.30799,6.595945,1351,107593017,10312,3.45E-08,0.000359728,3.45E-08,1.125669557,3.944302871,10.90930694,5.890171634,4.860817816,0.000359664,7.209340257,0.563341901
Singapore-2015,Singapore,East_Asia_and_Pacific,High-Income_Economy,2015,122.4213538,2.051130772,2.248699427,52.217455,207.778871,0.924062905,9345,1469,2.174449921,329.4713989,55645.60686,3.07999E+11,31.09669,5.97248,1432,389848342,10814,3.51E-08,0.001265747,3.51E-08,1.155134364,3.974386444,10.92677638,5.800520117,4.815604142,0.001264947,7.267525428,0.654439047
Singapore-2016,Singapore,East_Asia_and_Pacific,High-Income_Economy,2016,123.7123903,2.042241573,2.214624166,52.2327295,200.7270429,1.222533072,9379,1601,2.07291007,303.2225945,56899.48512,3.19052E+11,31.47979,9.143166,1550,190802187,10980,3.44E-08,0.000598029,3.44E-08,1.122625018,3.974673423,10.94905915,5.717759652,4.826010209,0.000597851,7.346655163,0.798647569
Singapore-2017,Singapore,East_Asia_and_Pacific,High-Income_Economy,2017,120.9822781,2.088784933,2.225981951,53.07204512,229.3485501,1.400200927,9321,1609,1.899049997,317.0318962,59414.65495,3.3345E+11,30.39888,19.806973,1654,301790421,10930,3.28E-08,0.000905054,3.28E-08,1.064383096,3.990317326,10.99231302,5.76215168,4.803875773,0.000904645,7.411556288,0.875552453
Singapore-2018,Singapore,East_Asia_and_Pacific,High-Income_Economy,2018,117.7775304,2.134731293,2.231765747,51.5722801,182.3482292,1.309517852,10270,1575,1.809579968,326.7233604,61216.12509,3.45178E+11,30.09148,35.673927,1959,1163271404,11845,3.43E-08,0.003370063,3.43E-08,1.033034995,3.962188987,11.02218225,5.792169839,4.777252251,0.003364397,7.580699752,0.83703878
Singapore-2019,Singapore,East_Asia_and_Pacific,High-Income_Economy,2019,119.2330927,2.120042801,2.231672287,51.81656901,185.00087,1.306422233,12409,1727,1.885059953,323.07043,61333.65632,3.49821E+11,30.40521,26.633451,2312,2231076754,14136,4.04E-08,0.006377772,4.04E-08,1.059545681,3.966824948,11.02410032,5.780960869,4.789432298,0.00635752,7.746300662,0.835697507
Slovenia-2018,Slovenia,Europe_and_Central_Asia,High-Income_Economy,2018,43.69871521,0.835979223,1.082238674,6.830539823,13.53444997,6.009217491,23,255,1.945940018,162.613494,23293.96659,48309217557,5.371148,1.9328489,244,0,278,5.75E-09,0,5.75E-09,1.080427957,2.058031451,10.05599259,5.097506902,3.799944759,0,5.501258211,1.947226067
South Africa-2014,South Africa,Sub-Saharan_Africa,Upper-middle_income_economy,2014,61.73053413,-0.125287011,0.165043816,6.660154456,244.9982867,3.244846791,6750,802,0.709869981,59.49957406,6155.005895,3.42187E+11,14.72688,0.053961843,256,0,7552,2.21E-08,0,2.21E-08,0.536417333,2.036032147,8.725183452,4.102636325,4.138848317,0,5.549076085,1.445705727
South Africa-2016,South Africa,Sub-Saharan_Africa,Upper-middle_income_economy,2016,60.99746219,0.017026288,0.101402581,6.6571232,293.9934886,2.857807897,6506,704,0.749920011,55.8612575,6095.29506,3.49014E+11,16.06648,0.052393008,314,59837372,7210,2.07E-08,0.000171447,2.07E-08,0.559570079,2.035636352,8.715436498,4.040614222,4.127093452,0.000171432,5.752572639,1.35009912
South Africa-2017,South Africa,Sub-Saharan_Africa,Upper-middle_income_economy,2017,60.08451368,-0.127773166,0.070795923,5.679824427,322.7109753,2.842000045,6816,728,0.762570024,53.53593183,6125.692051,3.53055E+11,17.25503,0.052051563,334,80698538,7544,2.14E-08,0.000228572,2.14E-08,0.566772985,1.899091704,8.72041025,3.998859784,4.112258375,0.000228546,5.814130532,1.345993076
South Africa-2018,South Africa,Sub-Saharan_Africa,Upper-middle_income_economy,2018,59.7411957,-0.136797428,0.103647441,5.273312669,213.5236896,3.728020836,6258,657,0.687730014,54.48554513,6117.270141,3.58552E+11,15.94073,0.06824425,403,73378901,6915,1.93E-08,0.000204654,1.93E-08,0.523384439,1.836304551,8.719034679,4.016122539,4.106622145,0.000204633,6.001414878,1.553506687
South Africa-2019,South Africa,Sub-Saharan_Africa,Upper-middle_income_economy,2019,60.22173761,-0.031280991,0.127971157,4.895522634,271.3228759,3.892390382,6347,567,0.614300013,53.89799641,6032.829726,3.59484E+11,15.87728,0.016781935,497,227877198,6914,1.92E-08,0.000633902,1.92E-08,0.478901434,1.774193187,8.7051372,4.005476853,4.114502316,0.000633701,6.210600077,1.587681015
South Africa-2020,South Africa,Sub-Saharan_Africa,Upper-middle_income_economy,2020,61.93342008,-0.059475705,0.046534523,5.62171976,311.1264745,5.180283295,6146,542,0.603600025,50.75965908,5569.584833,3.37307E+11,13.42673,0.09907141,702,102603894,6688,1.98E-08,0.000304185,1.98E-08,0.472251117,1.890355119,8.625255324,3.946611064,4.142077343,0.000304139,6.555356892,1.821364111
Spain-2013,Spain,Europe_and_Central_Asia,High-Income_Economy,2013,145.7423181,0.926990271,1.167685986,6.97005296,81.96826816,7.123736191,218,3026,1.27481997,61.66877264,24490.22793,1.14174E+12,17.31865,0.46947962,2779,65137772,3244,2.84E-09,5.71E-05,2.84E-09,0.821900915,2.075691138,10.10607029,4.13786328,4.98867811,5.70E-05,7.930206207,2.09479017
Spain-2014,Spain,Europe_and_Central_Asia,High-Income_Economy,2014,129.3417675,0.689240038,1.173297644,6.912153615,71.93751294,6.3826785,225,2953,1.241590023,63.39926214,24937.03661,1.1591E+12,18.74563,0.6849288,2872,85845492,3178,2.74E-09,7.41E-05,2.74E-09,0.807185446,2.06840001,10.12414949,4.165102176,4.870159981,7.41E-05,7.963112059,1.999136513
Spain-2015,Spain,Europe_and_Central_Asia,High-Income_Economy,2015,118.2007006,0.63098675,1.157250285,6.888335065,65.26407541,5.091745957,221,2799,1.221789956,63.58204122,25969.83831,1.20616E+12,20.02979,0.79256815,3257,51446262,3020,2.50E-09,4.27E-05,2.50E-09,0.798313158,2.065385094,10.16472958,4.167936373,4.780808632,4.27E-05,8.088868789,1.806934733
Spain-2016,Spain,Europe_and_Central_Asia,High-Income_Economy,2016,110.6035173,0.569826066,1.094865799,7.802481411,56.6808082,4.718132798,177,2745,1.189859986,63.18867785,26704.34358,1.24133E+12,20.35452,1.0699131,2927,169351054,2922,2.35E-09,0.000136428,2.35E-09,0.783837609,2.17503366,10.19261896,4.161826838,4.714952566,0.000136418,7.982074875,1.743642318
Spain-2017,Spain,Europe_and_Central_Asia,High-Income_Economy,2017,104.4135847,0.510279894,1.001258492,6.999490135,67.24681902,4.461202031,176,2167,1.209769964,66.16744614,27413.32876,1.27728E+12,19.42108,1.1094849,3316,172451669,2343,1.83E-09,0.000135015,1.83E-09,0.792888422,2.079377807,10.2188211,4.207188698,4.657891515,0.000135006,8.106816039,1.697668918
Spain-2018,Spain,Europe_and_Central_Asia,High-Income_Economy,2018,97.85164435,0.612778783,0.96924603,6.766935487,50.54968776,3.686424934,149,1525,1.241510034,67.0094104,27947.31777,1.30787E+12,20.27938,1.0404984,3510,159707020,1674,1.28E-09,0.000122112,1.28E-09,0.807149761,2.049875683,10.23811229,4.219646084,4.593620184,0.000122105,8.163656176,1.544670018
Spain-2019,Spain,Europe_and_Central_Asia,High-Income_Economy,2019,93.43795615,0.666394532,0.96880877,6.846400911,56.80711735,3.152827282,159,1288,1.250249982,66.36622504,28291.63068,1.33352E+12,20.44179,0.96974564,4103,341285850,1447,1.09E-09,0.000255928,1.09E-09,0.811041313,2.060054944,10.25035665,4.21014378,4.54794307,0.000255896,8.319717387,1.423789375
Spain-2020,Spain,Europe_and_Central_Asia,High-Income_Economy,2020,105.6247089,0.711801946,0.853928566,7.768421355,58.86061201,2.851226673,124,1431,1.410390019,59.44612801,25073.72098,1.18763E+12,16.41497,0.880882,4559,346549886,1555,1.31E-09,0.000291799,1.31E-09,0.879788568,2.171156785,10.12961549,4.101752522,4.669315275,0.000291756,8.425077903,1.348391714
Spain-2021,Spain,Europe_and_Central_Asia,High-Income_Economy,2021,96.21966954,0.715437472,0.907896876,9.393203822,53.08142591,2.915758761,126,1308,1.429290056,66.52458894,26721.14818,1.267E+12,16.91558,0.56561476,5050,6.78E+08,1434,1.13E-09,0.00053512,1.13E-09,0.887599057,2.341152114,10.19324802,4.212491812,4.576973052,0.000534977,8.527341522,1.365009119
Switzerland-2015,Switzerland,Europe_and_Central_Asia,High-Income_Economy,2015,166.7701133,2.094741821,1.967453361,27.05151,218.8854131,0.736258569,446,1477,3.078320026,117.1384822,83806.4476,6.94118E+11,15.62121,0.36214653,1349,926032718,1923,2.77E-09,0.001334114,2.77E-09,1.405685145,3.334042463,11.33627716,4.771857514,5.122594669,0.001333225,7.207859871,0.55173255
Ukraine-2013,Ukraine,Europe_and_Central_Asia,Upper-middle_income_economy,2013,56.47603326,-1.176667333,-0.664322078,6.146130326,11.57438717,16.35285247,2556,2856,0.73299998,94.00166945,2432.41626,1.122E+11,5.549157,0.23847328,138,0,5412,4.82E-08,0,4.82E-08,0.549853999,1.966570997,7.797051417,4.553894465,4.051368048,0,4.934473933,2.8537569
Ukraine-2014,Ukraine,Europe_and_Central_Asia,Upper-middle_income_economy,2014,59.82100136,-1.024744391,-0.398846895,6.887543429,9.172992385,23.32072094,2356,2457,0.650340021,100.6917825,2308.643555,1.00891E+11,4.335921,0.47854823,134,0,4813,4.77E-08,0,4.77E-08,0.50098134,2.065284734,7.744848486,4.621946498,4.107935146,0,4.905274778,3.191328701
Ukraine-2015,Ukraine,Europe_and_Central_Asia,Upper-middle_income_economy,2015,47.02690249,-1.039613128,-0.554407001,8.03896422,6.283125555,35.3852494,2226,2271,0.614769995,107.8066163,2094.473877,91030967789,4.351729,0.26209512,199,0,4497,4.94E-08,0,4.94E-08,0.479192529,2.20154459,7.647535001,4.689572144,3.871761322,0,5.298317367,3.594163456
Ukraine-2016,Ukraine,Europe_and_Central_Asia,Upper-middle_income_economy,2016,38.59873608,-0.867796838,-0.609457552,6.678941231,4.770230333,38.95248887,1862,2233,0.483390003,105.5212049,2156.083008,93253017277,3.860387,0.08768693,274,0,4095,4.39E-08,0,4.39E-08,0.394330011,2.038481677,7.676512129,4.668344072,3.678797201,0,5.616771098,3.68769097
Ukraine-2017,Ukraine,Europe_and_Central_Asia,Upper-middle_income_economy,2017,31.14564034,-0.832255304,-0.51402235,6.165929096,4.637324095,54.82327584,1764,2283,0.448790014,104.0349829,2217.75293,95453762636,4.761672,0.044017926,359,0,4047,4.24E-08,0,4.24E-08,0.370728735,1.969337724,7.704700574,4.654293465,3.470276838,0,5.886104031,4.022190912
Ukraine-2018,Ukraine,Europe_and_Central_Asia,Upper-middle_income_economy,2018,27.73373109,-0.921338856,-0.45963183,5.424951741,3.373369461,54.41001726,1861,2107,0.471130013,99.19981507,2308.666992,98783535746,6.016317,0.08847815,506,1079101,3968,4.02E-08,1.09E-05,4.02E-08,0.386030822,1.86018912,7.744858634,4.607166343,3.358071732,1.09E-05,6.228511004,4.014760394
United Kingdom-2013,United Kingdom,Europe_and_Central_Asia,High-Income_Economy,2013,149.5380218,1.718897581,1.512266517,23.58764249,141.7268351,3.111741739,7966,14972,1.620110035,61.99911191,43281.57642,2.77557E+12,9.626945,1.2424408,4940,218676805,22938,8.26E-09,7.88E-05,8.26E-09,0.963216315,3.202243979,10.67550544,4.14312063,5.014215689,7.88E-05,8.505323019,1.413846719
United Kingdom-2014,United Kingdom,Europe_and_Central_Asia,High-Income_Economy,2014,135.5077937,1.746339202,1.623491168,22.20447501,116.5165886,1.654393011,7844,15196,2.264499903,59.09480412,44336.53786,2.86424E+12,11.64929,1.0791492,5393,937432772,23040,8.04E-09,0.000327288,8.04E-09,1.183106582,3.144345149,10.69958695,4.095923384,4.91638171,0.000327235,8.593042504,0.976216007
United Kingdom-2021,United Kingdom,Europe_and_Central_Asia,High-Income_Economy,2021,137.8992737,1.640584111,1.239673018,23.86540572,120.8739661,0.969313242,7263,11592,2.914760113,58.58453662,45873.8696,3.07476E+12,18.10662,6.295369,14384,6.51E+09,18855,6.13E-09,0.002116266,6.13E-09,1.364754054,3.213477509,10.73367274,4.087396088,4.93374902,0.00211403,9.573941276,0.677684874
United States-2013,United States,North_America,High-Income_Economy,2013,49.08047508,1.305924892,1.516476631,20.18863537,142.380812,2.452391182,283781,287831,2.702150106,29.94130628,54844.24258,1.73341E+13,33.92561,6.966339,17466,7932850061,571612,3.30E-08,0.000457645,3.30E-08,1.308913761,3.053464971,10.91227073,3.432092064,3.913631213,0.00045754,9.768068665,1.239067087
United States-2014,United States,North_America,High-Income_Economy,2014,49.56806294,1.371378064,1.461625457,20.48439822,149.5364768,1.850711802,293706,285096,2.717859983,29.90656934,55817.56325,1.77715E+13,34.10872,8.473753,18175,13863474640,578802,3.26E-08,0.000780094,3.26E-08,1.313148229,3.067327008,10.92986177,3.430968761,3.92332021,0.00077979,9.807857322,1.047568718
United States-2015,United States,North_America,High-Income_Economy,2015,50.83801577,1.35772121,1.43219924,21.39044804,137.0183852,1.473426547,301075,288335,2.786999941,27.68821393,57040.20821,1.83E+13,34.13966,12.050539,19755,19136866265,589410,3.22E-08,0.001046015,3.22E-08,1.331574133,3.108634441,10.95152924,3.356486374,3.948123775,0.001045468,9.891212522,0.905604455
United States-2016,United States,North_America,High-Income_Economy,2016,52.01192198,1.330895662,1.440504909,22.4192942,145.4524183,1.320522176,310244,295327,2.853499889,26.45259779,57658.67088,1.86279E+13,33.66898,18.722313,21270,22260631511,605571,3.25E-08,0.001195016,3.25E-08,1.348981798,3.153560221,10.96231326,3.312460801,3.970516831,0.001194303,9.965099922,0.841792236
United States-2017,United States,North_America,High-Income_Economy,2017,52.05487234,1.340532541,1.51742816,19.26596996,163.7800102,1.126824157,313052,293904,2.904320002,27.12533822,58703.14408,1.90857E+13,33.62495,29.653408,24448,24524617188,606956,3.18E-08,0.001284974,3.18E-08,1.362083633,3.008943123,10.9802656,3.336670886,3.971326705,0.001284149,10.10434459,0.754629861
United States-2018,United States,North_America,High-Income_Economy,2018,51.78331804,1.292747378,1.536972165,18.48426993,147.3448526,0.91316153,312046,285095,3.010099888,27.44535913,60127.21028,1.96519E+13,34.68312,39.581383,30515,48413888259,597141,3.04E-08,0.002463577,3.04E-08,1.388816151,2.96960747,11.0042344,3.347985024,3.966195195,0.002460547,10.32600642,0.648757125
United States-2019,United States,North_America,High-Income_Economy,2019,52.20557112,1.180357099,1.453415036,18.68539393,158.2439919,0.85525196,336340,285113,3.170490026,26.25848062,61400.54815,2.01596E+13,35.16919,41.06989,38548,1.01E+11,621453,3.08E-08,0.00501001,3.08E-08,1.428033541,2.979876936,11.02519033,3.305364688,3.974163111,0.004997502,10.55968544,0.618020514
United States-2020,United States,North_America,High-Income_Economy,2020,53.76514534,1.037831903,1.274593234,19.49397616,194.6691831,1.065369146,327586,269586,3.4677701,23.07977787,59493.14598,1.97236E+13,30.29941,37.344284,45342,74335474005,597172,3.03E-08,0.003768863,3.03E-08,1.496889425,3.020130997,10.9936332,3.181372396,4.003053958,0.003761779,10.72201109,0.725308973
United States-2021,United States,North_America,High-Income_Economy,2021,50.21477083,1.019277573,1.297531009,19.90146141,205.0090265,0.813464699,329229,262244,3.457050085,25.21365603,62996.28938,2.09179E+13,31.06195,20.916538,49289,1.51E+11,591473,2.83E-08,0.007218714,2.83E-08,1.494487131,3.039819081,11.05084698,3.266280498,3.936027983,0.007192784,10.8054765,0.595239214
