Country,Year,total,life,social,physical,health,ai_primario,ai_qualquer,ai_todos
Argentina,2008,11897,2542,2833,4248,2264,87,205,348
Argentina,2009,13219,2860,3215,4671,2464,76,251,388
Argentina,2010,14602,2942,3987,4899,2767,106,287,455
Argentina,2011,16029,3184,4744,5061,3035,104,257,462
Argentina,2012,17412,3303,5629,5394,3076,95,261,456
Argentina,2013,19237,3287,6690,6002,3250,111,302,486
Argentina,2014,20350,3546,7236,6036,3516,136,340,570
Argentina,2015,21282,3739,7669,6169,3692,110,287,498
Argentina,2016,22784,3834,8849,6242,3851,105,300,514
Argentina,2017,23707,4038,9091,6242,4321,91,293,490
Argentina,2018,25959,4343,10009,6950,4643,92,313,529
Argentina,2019,25953,4186,10257,6868,4630,128,336,511
Argentina,2020,30113,4666,11865,7690,5871,121,382,623
Argentina,2021,28548,4302,10967,7216,6052,128,364,593
Australia,2008,54064,9197,11873,16291,16640,577,1474,3196
Australia,2009,58962,9718,12984,17748,18446,594,1522,3223
Australia,2010,63525,10369,14138,19006,19946,608,1622,3732
Australia,2011,68771,10546,15626,21063,21464,672,1693,3698
Australia,2012,74180,11487,16537,23258,22856,767,1902,3854
Australia,2013,81759,12622,18174,25610,25301,770,2060,4086
Australia,2014,86508,13512,18902,28013,26043,878,2222,4407
Australia,2015,91362,13929,19928,29094,28356,882,2371,4562
Australia,2016,93975,14188,20147,30639,28956,915,2350,4674
Australia,2017,96726,14124,20858,31364,30311,966,2510,4954
Australia,2018,99499,14151,20832,33520,30956,1060,2794,5544
Australia,2019,105686,15070,21768,35995,32814,1184,3079,6362
Australia,2020,114706,16100,23358,38997,36218,1399,3593,7267
Australia,2021,117770,16710,24702,39058,37263,1635,3975,7655
Austria,2008,16472,3020,2019,5598,5813,222,443,1024
Austria,2009,17530,3224,2157,6044,6085,228,480,1231
Austria,2010,17771,3298,2359,6350,5752,236,531,1290
Austria,2011,18542,3247,2596,6860,5819,233,545,1359
Austria,2012,19206,3421,2696,7081,5979,229,562,1407
Austria,2013,20792,3732,3045,7483,6512,256,624,1528
Austria,2014,21905,3906,3228,8105,6654,290,651,1633
Austria,2015,22831,4117,3473,8316,6903,272,682,1672
Austria,2016,24550,4259,4045,9164,7067,306,737,1692
Austria,2017,24290,4309,3995,8995,6954,310,683,1684
Austria,2018,25419,4203,4404,9561,7237,363,822,2016
Austria,2019,26431,4272,4571,9952,7613,335,782,1987
Austria,2020,29996,4653,5517,10739,9062,407,903,2239
Austria,2021,31665,4926,6176,11181,9371,459,1081,2670
Belgium,2008,24665,4790,4456,7782,7604,223,564,1369
Belgium,2009,25855,4837,4717,8108,8170,229,510,1420
Belgium,2010,27320,4934,5503,8605,8255,260,673,1577
Belgium,2011,28715,5229,5878,9051,8523,274,662,1625
Belgium,2012,30467,5638,6244,9621,8945,316,721,1776
Belgium,2013,32400,5800,6812,10004,9766,295,702,1667
Belgium,2014,34344,6073,7132,10701,10403,293,719,1719
Belgium,2015,35242,6254,7459,10893,10619,302,704,1666
Belgium,2016,36522,6258,8043,11164,11024,310,728,1750
Belgium,2017,36581,6061,7906,11221,11368,301,764,1702
Belgium,2018,37723,6201,8290,11371,11831,291,778,1863
Belgium,2019,38196,6219,8109,11726,12125,344,830,2058
Belgium,2020,41761,6668,8375,12808,13900,379,934,2155
Belgium,2021,42745,6932,8614,13011,14176,399,999,2260
Brazil,2008,63893,12975,18448,15306,17103,410,982,2047
Brazil,2009,70154,14106,20383,16574,19028,460,1091,2204
Brazil,2010,78468,14942,23851,17976,21628,476,1155,2265
Brazil,2011,88638,16924,27729,20056,23817,571,1415,2606
Brazil,2012,105802,18679,36561,23225,27183,567,1467,2864
Brazil,2013,115049,19989,40297,25581,29038,679,1602,3012
Brazil,2014,128008,22756,44984,28513,31605,678,1744,3277
Brazil,2015,137234,23472,50508,30841,32255,755,1915,3619
Brazil,2016,155908,24789,61867,34806,34274,769,2043,3813
Brazil,2017,168276,26063,68108,36943,36999,893,2210,3860
Brazil,2018,178354,27832,71362,41094,37894,859,2395,4568
Brazil,2019,187660,28410,74973,43590,40481,969,2628,4872
Brazil,2020,218893,32845,87271,50013,48581,1085,2978,5302
Brazil,2021,209785,29334,82819,47045,50374,1000,2837,5098
Bulgaria,2008,3341,706,373,1605,653,57,112,236
Bulgaria,2009,3821,913,425,1813,665,65,133,227
Bulgaria,2010,3772,825,461,1750,730,68,143,259
Bulgaria,2011,3916,857,529,1798,725,42,101,221
Bulgaria,2012,4231,823,596,2011,796,62,133,266
Bulgaria,2013,4794,957,670,2177,986,64,176,262
Bulgaria,2014,5374,1132,783,2284,1168,66,164,295
Bulgaria,2015,5810,1142,991,2328,1329,73,179,315
Bulgaria,2016,5757,1136,888,2329,1403,67,140,323
Bulgaria,2017,6251,1142,1148,2462,1488,83,172,357
Bulgaria,2018,6827,1223,1225,2569,1777,112,212,439
Bulgaria,2019,7298,1317,1424,2766,1759,102,216,558
Bulgaria,2020,8276,1476,1672,2962,2138,118,265,592
Bulgaria,2021,8641,1570,1897,2994,2150,125,262,600
Chile,2008,8151,1147,2351,2727,1923,52,130,268
Chile,2009,9285,1275,2730,3220,2057,75,172,325
Chile,2010,11340,1699,3633,3468,2531,82,185,343
Chile,2011,12802,1609,4801,3724,2653,78,183,380
Chile,2012,12434,1603,4183,3951,2685,93,194,386
Chile,2013,13666,1773,4728,4233,2923,76,216,397
Chile,2014,14962,1878,5217,4719,3138,119,296,508
Chile,2015,17333,2086,6209,5303,3732,120,293,537
Chile,2016,19957,2264,8037,5783,3860,125,304,554
Chile,2017,19367,2299,6750,5917,4373,114,299,501
Chile,2018,20825,2535,7277,6660,4336,153,340,624
Chile,2019,22417,2641,8153,6963,4648,153,376,661
Chile,2020,24921,2907,8664,7832,5514,167,436,741
Chile,2021,25693,2915,9053,8093,5623,181,454,787
China,2008,413909,52515,68354,236904,56089,11691,24257,34233
China,2009,449341,59417,72466,252449,64977,11620,24761,38093
China,2010,490680,65649,76068,276463,72459,11724,25006,39883
China,2011,549561,73572,79302,315511,81132,11798,25705,36939
China,2012,515020,73896,60494,298675,81920,10169,22375,32752
China,2013,538031,81812,52955,310514,92717,9771,21878,30641
China,2014,518854,84273,45738,296194,92615,8813,20283,29011
China,2015,448542,78139,39912,247444,82988,6488,14979,25004
China,2016,375523,68643,20332,214865,71629,4729,11093,22495
China,2017,413155,76650,20851,234385,81222,5372,12506,24875
China,2018,476867,86522,25476,276888,87920,6575,15568,31390
China,2019,549979,99014,30968,321845,98098,8413,19574,39033
China,2020,611837,109321,38538,352872,111066,10220,23841,46074
China,2021,673900,118484,46547,389650,119148,12549,28517,56614
Colombia,2008,9723,1450,3803,2209,2255,66,149,230
Colombia,2009,11867,1804,4779,2792,2478,74,163,259
Colombia,2010,14138,2086,5888,3246,2906,70,180,284
Colombia,2011,16042,2309,6865,3652,3204,80,211,342
Colombia,2012,17805,2533,7103,4092,4056,101,233,411
Colombia,2013,20127,2627,8535,4645,4288,141,299,463
Colombia,2014,20755,2649,8591,4846,4638,125,280,461
Colombia,2015,21890,2699,9031,4805,5321,111,268,493
Colombia,2016,22686,2876,9160,5269,5343,90,241,417
Colombia,2017,24673,3122,9834,5728,5955,86,238,455
Colombia,2018,24663,3220,9691,5694,6018,117,284,581
Colombia,2019,24860,3220,9516,6004,6089,101,279,601
Colombia,2020,28277,3678,10195,6772,7607,121,343,681
Colombia,2021,29447,3846,10669,7123,7794,136,378,598
Croatia,2008,6089,904,2192,1575,1417,35,69,134
Croatia,2009,6851,1071,2334,1856,1588,52,112,175
Croatia,2010,7382,976,2654,2097,1650,64,128,183
Croatia,2011,7886,1069,2917,2202,1697,50,132,203
Croatia,2012,8316,1084,3037,2381,1813,64,144,238
Croatia,2013,8400,1114,2983,2351,1952,79,165,243
Croatia,2014,8930,1130,3493,2337,1966,66,142,260
Croatia,2015,8983,1065,3574,2317,2023,64,142,265
Croatia,2016,9840,1139,3877,2677,2146,67,165,277
Croatia,2017,9685,1223,3856,2644,1957,62,152,289
Croatia,2018,10540,1188,4344,2885,2117,74,194,329
Croatia,2019,10053,1334,3698,2751,2262,72,181,320
Croatia,2020,10893,1388,3747,3071,2680,104,240,392
Croatia,2021,11472,1458,3845,3335,2829,90,244,412
France,2008,110332,17870,23442,41365,27447,1048,2495,7022
France,2009,114085,18174,24725,42740,28298,1099,2579,7333
France,2010,115185,17776,26193,43764,27342,1156,2621,7810
France,2011,122417,18610,28237,45958,29511,1177,2769,8335
France,2012,129601,19438,31151,46941,31977,1308,3011,8767
France,2013,137087,19937,34713,48525,33787,1302,3000,9034
France,2014,141499,20595,34218,50524,36025,1330,3176,9717
France,2015,143685,20943,36366,51050,35190,1323,3309,9763
France,2016,149050,21358,38314,51366,37876,1202,2987,9608
France,2017,148703,20819,38744,50752,38272,1220,3030,9513
France,2018,152961,20744,41439,51557,39116,1318,3288,10315
France,2019,152225,20987,40921,51808,38403,1354,3323,10999
France,2020,161063,21841,41040,54657,43404,1533,3670,10940
France,2021,159535,21694,42146,53176,42425,1661,3871,11541
Greece,2008,14315,2123,1598,5372,5204,230,493,1163
Greece,2009,14332,1966,1664,5212,5481,187,436,1133
Greece,2010,14616,2017,1799,5337,5458,194,428,1064
Greece,2011,15215,2078,2012,5524,5593,185,432,1143
Greece,2012,15281,2131,2014,5613,5512,205,484,1157
Greece,2013,15600,1990,2248,5749,5606,195,466,1115
Greece,2014,16546,2145,2409,6176,5805,198,478,1231
Greece,2015,16322,2131,2545,6034,5611,200,490,1201
Greece,2016,17445,2240,2628,6634,5932,208,525,1240
Greece,2017,18462,2494,2944,6726,6292,224,582,1217
Greece,2018,18492,2297,2968,6746,6475,220,543,1301
Greece,2019,19734,2511,3269,7192,6750,218,600,1410
Greece,2020,22463,2859,3892,7790,7898,291,717,1636
Greece,2021,24541,3272,4169,8490,8606,305,777,1765
Hungary,2008,9279,2270,1453,3167,2360,77,210,416
Hungary,2009,9708,2373,1601,3277,2434,86,231,451
Hungary,2010,9759,2361,1722,3310,2345,99,253,474
Hungary,2011,10039,2268,1907,3538,2308,90,241,508
Hungary,2012,10452,2396,1986,3750,2299,118,269,546
Hungary,2013,11073,2375,2289,3866,2524,116,271,558
Hungary,2014,12406,2648,2620,4388,2732,121,294,596
Hungary,2015,12871,2726,2815,4513,2796,99,279,573
Hungary,2016,13465,2855,3013,4536,3046,98,255,512
Hungary,2017,14030,2816,3487,4741,2965,123,312,531
Hungary,2018,14970,2840,3866,5081,3158,152,372,698
Hungary,2019,16238,3052,4321,5429,3416,173,386,731
Hungary,2020,18695,3335,5578,6037,3726,186,437,793
Hungary,2021,20217,3406,6413,6458,3915,233,532,866
India,2008,48900,9613,3146,23251,12852,400,944,2086
India,2009,54799,10504,3847,25664,14746,421,1067,2642
India,2010,64690,12014,4557,30380,17697,697,1685,3661
India,2011,78021,14494,5607,36689,21188,745,1852,4385
India,2012,94488,17000,7252,43808,26347,1208,2917,6212
India,2013,111843,19937,9208,51152,31472,1335,3295,6213
India,2014,129443,22755,10573,59081,36950,1494,3823,7867
India,2015,134118,23656,11865,59656,38881,1723,4101,8692
India,2016,150762,25751,13960,65847,45135,1903,4805,9904
India,2017,169980,30279,16792,73501,49336,2297,5462,10965
India,2018,179523,31251,17580,80477,50152,2653,6202,12928
India,2019,184717,30135,18608,83478,52447,2706,6421,13073
India,2020,231541,39458,23737,98890,69364,3305,7937,17553
India,2021,255734,40511,28405,109145,77576,3797,9504,20845
Indonesia,2008,6039,1245,2203,1633,914,106,239,281
Indonesia,2009,8289,1592,3075,2489,1098,150,361,432
Indonesia,2010,10494,1948,3761,3349,1376,204,478,565
Indonesia,2011,13352,2311,5456,3885,1624,291,711,880
Indonesia,2012,21395,3846,8445,6698,2386,579,1371,1508
Indonesia,2013,30103,4870,12677,8905,3644,709,1734,1968
Indonesia,2014,36902,6341,15809,10670,4055,912,2205,2562
Indonesia,2015,53764,8076,24213,15553,5905,1547,3723,4206
Indonesia,2016,76500,10095,36413,21054,8915,2120,4971,5704
Indonesia,2017,111927,14860,54897,30143,11997,2712,6703,8023
Indonesia,2018,145885,16797,74193,38200,16666,3522,8930,11153
Indonesia,2019,192883,20888,99143,49370,23441,4110,11451,14282
Indonesia,2020,237208,23262,126099,59101,28718,4822,13661,16238
Indonesia,2021,286378,25600,155623,69792,35323,5636,16414,19341
Ireland,2008,9393,1821,1502,2896,3156,110,227,627
Ireland,2009,10029,1902,1613,3185,3301,102,233,760
Ireland,2010,11322,2332,1805,3535,3633,123,274,833
Ireland,2011,11897,2179,1980,3823,3906,134,309,780
Ireland,2012,12228,2272,2092,3825,4024,156,304,775
Ireland,2013,12863,2345,2202,3898,4410,135,281,720
Ireland,2014,13058,2316,2312,4027,4390,119,267,693
Ireland,2015,13635,2275,2606,4019,4727,132,299,761
Ireland,2016,14565,2512,2745,4214,5089,112,268,772
Ireland,2017,15207,2527,2885,4219,5560,133,269,734
Ireland,2018,15552,2500,3046,4423,5570,131,322,862
Ireland,2019,16465,2598,3257,4799,5806,142,367,1023
Ireland,2020,19292,2833,3912,5664,6874,169,424,1133
Ireland,2021,20623,2982,4349,5604,7678,224,512,1260
Israel,2008,15753,2997,2518,5408,4811,247,543,1115
Israel,2009,16126,3169,2561,5325,5056,205,498,1040
Israel,2010,16384,3274,2786,5415,4894,274,593,1219
Israel,2011,16548,3210,2812,5698,4822,262,591,1210
Israel,2012,16968,3179,2917,5905,4958,276,597,1344
Israel,2013,18661,3599,3429,6146,5479,268,619,1420
Israel,2014,19252,3607,3495,6415,5725,280,648,1531
Israel,2015,20490,3792,3797,6520,6376,262,642,1399
Israel,2016,21675,3764,4040,6758,7104,255,633,1469
Israel,2017,21593,3796,4076,6858,6853,233,612,1540
Israel,2018,22467,3714,4256,7219,7266,247,661,1761
Israel,2019,23565,3931,4555,7323,7744,280,756,2148
Israel,2020,26476,4292,5266,7787,9117,353,844,2520
Israel,2021,27506,4403,5417,7970,9711,424,955,2780
Italy,2008,67241,12774,5899,24135,24362,805,1764,4013
Italy,2009,71626,13200,6770,25627,25957,874,1848,4383
Italy,2010,73539,13597,7499,26451,25940,910,2028,4582
Italy,2011,76682,13993,8437,27682,26526,904,2015,4746
Italy,2012,82839,14780,10014,29443,28545,1070,2358,4998
Italy,2013,89895,15726,11208,32155,30759,1206,2555,5345
Italy,2014,94452,16068,12473,33928,31941,1142,2547,5322
Italy,2015,98941,16969,14050,34731,33151,1108,2532,5298
Italy,2016,102613,17017,14751,36598,34207,1130,2668,5522
Italy,2017,106139,17067,16063,37462,35490,1165,2743,5709
Italy,2018,109467,17085,17272,38220,36806,1200,2866,6040
Italy,2019,116291,18557,18027,40290,39361,1407,3243,6798
Italy,2020,139220,21280,21262,45551,51068,1634,3920,7752
Italy,2021,141898,21891,21743,46625,51595,1751,4187,8838
Japan,2008,118618,24630,5466,55317,32732,1222,2513,5801
Japan,2009,122237,25277,6130,55661,34782,1216,2551,5642
Japan,2010,123043,25007,6517,56163,34996,1403,2913,6042
Japan,2011,126969,24855,6836,57748,37200,1296,2750,5886
Japan,2012,129865,24645,7320,58711,38985,1407,3008,6307
Japan,2013,129734,24211,7861,57479,39985,1436,3070,6195
Japan,2014,132089,23890,8262,58846,40893,1400,3041,6376
Japan,2015,134393,24134,9096,58210,42670,1416,3123,6384
Japan,2016,137025,23884,8888,59622,44402,1419,3030,6568
Japan,2017,140239,24447,9554,58141,47877,1508,3173,6685
Japan,2018,141252,24160,10329,59049,47520,1607,3348,7416
Japan,2019,141672,23737,9909,58917,48924,1661,3505,7934
Japan,2020,151599,25130,11098,61322,53887,1904,3922,8618
Japan,2021,154087,25259,12063,60118,56498,1945,4122,8606
Luxembourg,2008,998,115,456,225,200,16,30,127
Luxembourg,2009,1230,141,548,321,219,41,57,192
Luxembourg,2010,1460,168,636,417,238,33,56,230
Luxembourg,2011,1699,170,750,466,305,32,56,248
Luxembourg,2012,1950,202,906,551,285,51,95,305
Luxembourg,2013,2259,232,1030,644,347,53,114,349
Luxembourg,2014,2511,273,1055,743,437,60,116,367
Luxembourg,2015,2557,281,1069,777,427,55,111,325
Luxembourg,2016,2441,258,1036,733,414,40,78,287
Luxembourg,2017,2629,260,1065,845,457,56,100,326
Luxembourg,2018,2659,260,1081,858,459,50,92,348
Luxembourg,2019,2617,312,974,880,451,58,113,341
Luxembourg,2020,2682,320,853,935,569,56,111,331
Luxembourg,2021,2919,369,889,1096,564,58,139,342
Malaysia,2008,5936,824,1138,2672,1300,87,205,634
Malaysia,2009,8265,1101,1758,3910,1496,103,271,742
Malaysia,2010,10651,1418,2111,5271,1850,115,316,1020
Malaysia,2011,14299,1860,2715,7410,2313,179,480,1282
Malaysia,2012,17474,2156,3669,8791,2853,200,554,1303
Malaysia,2013,21157,2429,4526,10886,3312,283,716,1458
Malaysia,2014,24588,2998,5151,12772,3667,357,845,1732
Malaysia,2015,26227,3089,6101,13171,3862,358,925,1635
Malaysia,2016,25857,2979,6603,12148,4121,371,930,1618
Malaysia,2017,29136,3211,8527,12617,4776,424,1044,1816
Malaysia,2018,32441,3600,9879,13736,5221,567,1364,2147
Malaysia,2019,33279,3587,10194,13972,5520,537,1300,2163
Malaysia,2020,39632,4291,12344,16203,6787,631,1596,2349
Malaysia,2021,45993,4954,14795,18323,7920,724,1968,3186
Mexico,2008,18473,3518,5103,6316,3522,171,378,827
Mexico,2009,21622,3946,6504,7168,3987,174,391,932
Mexico,2010,21933,3955,6377,7464,4127,192,431,892
Mexico,2011,25434,4591,7793,8594,4447,212,490,996
Mexico,2012,26813,4626,8166,9131,4869,215,495,976
Mexico,2013,29768,5070,9507,9802,5366,260,589,1093
Mexico,2014,32282,5636,10103,10284,6244,289,634,1187
Mexico,2015,35462,5919,11458,11179,6876,294,684,1190
Mexico,2016,37409,5995,12379,11753,7236,276,657,1205
Mexico,2017,39795,6808,13091,11977,7903,297,678,1211
Mexico,2018,43895,7625,14462,13459,8320,361,794,1426
Mexico,2019,44205,7309,14494,13501,8882,369,815,1537
Mexico,2020,48244,7841,14871,14936,10581,374,914,1755
Mexico,2021,49879,8203,15413,15295,10954,391,918,1678
Netherlands,2008,38626,7205,6835,10530,14010,418,961,2325
Netherlands,2009,42341,7637,7412,11661,15584,464,931,2375
Netherlands,2010,44889,8155,8287,12211,16192,401,966,2504
Netherlands,2011,47523,8405,8995,12779,17284,429,990,2611
Netherlands,2012,49955,8896,9556,13434,18026,472,1090,2635
Netherlands,2013,52775,9051,10182,14053,19442,456,1120,2686
Netherlands,2014,54845,9714,10638,14546,19919,433,1062,2645
Netherlands,2015,56439,9543,11354,15052,20457,441,1103,2592
Netherlands,2016,57864,9749,11638,15802,20651,440,1114,2760
Netherlands,2017,59665,9728,12263,16105,21535,462,1161,2800
Netherlands,2018,62328,9816,13274,17022,22133,544,1306,3295
Netherlands,2019,64769,10150,13599,17916,22964,633,1505,3883
Netherlands,2020,69665,10636,14298,19166,25417,699,1666,4227
Netherlands,2021,71529,11021,15126,19525,25667,805,1899,4677
Norway,2008,11960,2081,2124,4117,3624,100,257,676
Norway,2009,13727,2264,2595,4388,4462,113,289,682
Norway,2010,14469,2239,2959,4707,4546,103,306,758
Norway,2011,15801,2417,3184,5351,4829,124,315,730
Norway,2012,16704,2477,3579,5628,5003,139,365,800
Norway,2013,17369,2540,3780,5950,5089,151,370,733
Norway,2014,18693,2710,4086,6396,5483,127,388,831
Norway,2015,19648,2736,4512,6591,5789,131,386,827
Norway,2016,21255,2849,5113,7119,6161,137,365,852
Norway,2017,22592,2873,5732,7472,6493,181,452,953
Norway,2018,23667,3024,5859,8045,6725,185,488,1113
Norway,2019,25129,3150,6158,8752,7059,186,531,1167
Norway,2020,28222,3412,7130,10097,7568,277,734,1525
Norway,2021,29490,3554,7464,10411,8051,328,869,1755
Peru,2008,2744,589,968,496,689,7,19,32
Peru,2009,2813,563,1043,492,713,3,17,26
Peru,2010,3089,556,1166,546,818,3,18,32
Peru,2011,3457,650,1319,608,877,5,22,35
Peru,2012,4064,707,1477,714,1164,7,18,50
Peru,2013,5019,847,1717,820,1635,13,31,52
Peru,2014,9470,1257,4056,1352,2800,14,53,73
Peru,2015,6506,961,2393,1025,2125,20,44,95
Peru,2016,7136,1106,2885,1299,1840,20,53,100
Peru,2017,7916,1192,3223,1378,2118,20,52,109
Peru,2018,8787,1331,3707,1534,2209,29,64,161
Peru,2019,10852,1644,4406,2034,2764,29,72,182
Peru,2020,12692,1919,5306,2349,3114,29,84,243
Peru,2021,15558,1898,6927,3318,3414,48,130,319
Philippines,2008,1550,357,431,336,424,9,24,39
Philippines,2009,1716,362,475,378,498,9,26,55
Philippines,2010,1986,430,549,481,523,14,31,56
Philippines,2011,2127,419,584,500,619,5,16,41
Philippines,2012,2763,549,814,645,752,18,37,75
Philippines,2013,3208,646,965,756,837,23,45,85
Philippines,2014,3833,798,1165,953,914,29,60,128
Philippines,2015,4364,867,1362,993,1139,20,46,114
Philippines,2016,4266,821,1285,1104,1052,16,47,110
Philippines,2017,4917,895,1503,1326,1189,29,68,195
Philippines,2018,5565,952,1830,1466,1315,41,94,280
Philippines,2019,6591,1178,2159,1782,1470,64,153,391
Philippines,2020,8055,1318,2787,2035,1907,60,170,335
Philippines,2021,9726,1392,3883,2259,2186,78,189,405
Poland,2008,31901,6334,6675,12981,5896,267,587,1441
Poland,2009,37038,7099,9690,13467,6762,301,682,1439
Poland,2010,40355,6876,11844,14807,6807,371,747,1647
Poland,2011,45866,7304,14894,16234,7423,391,822,1723
Poland,2012,51770,7766,17183,18626,8182,381,906,1985
Poland,2013,61933,9370,19609,23431,9509,510,1171,2129
Poland,2014,68501,9739,22591,26109,10042,511,1213,2351
Poland,2015,74943,10059,25535,28091,11232,555,1321,2445
Poland,2016,76746,9010,27340,28750,11609,542,1285,2494
Poland,2017,78133,9287,29518,27007,12282,513,1214,2582
Poland,2018,76729,9022,29755,25052,12865,579,1270,2548
Poland,2019,72902,9172,26461,24107,13123,556,1314,2497
Poland,2020,77261,10078,26089,26456,14596,623,1488,2635
Poland,2021,77406,10265,25258,26290,15566,661,1564,2767
Portugal,2008,12864,2116,2439,5513,2784,131,287,854
Portugal,2009,14350,2309,3161,5731,3131,150,326,910
Portugal,2010,16165,2487,3481,6484,3694,153,346,1057
Portugal,2011,18547,2817,4145,7095,4477,176,405,1166
Portugal,2012,21778,3181,5420,8062,5095,206,492,1249
Portugal,2013,23965,3469,5603,8802,6075,238,554,1347
Portugal,2014,26657,3756,6881,9201,6798,222,526,1360
Portugal,2015,27534,3924,7059,9313,7218,241,541,1335
Portugal,2016,28710,3810,7829,9624,7432,235,536,1277
Portugal,2017,30461,3959,8776,9848,7861,224,555,1314
Portugal,2018,32063,4266,8969,10360,8447,292,648,1473
Portugal,2019,35340,4312,10429,11161,9418,264,660,1537
Portugal,2020,39019,4820,11115,12469,10598,319,767,1646
Portugal,2021,42324,5230,11932,12989,12150,368,860,1808
Romania,2008,6351,929,827,3344,1249,106,206,604
Romania,2009,6654,827,1181,3448,1190,118,248,712
Romania,2010,8547,1103,1636,4050,1756,145,319,821
Romania,2011,8643,1266,1419,4127,1828,114,258,717
Romania,2012,9452,1164,1845,4532,1907,140,282,739
Romania,2013,11887,1470,2638,5204,2570,153,293,728
Romania,2014,14229,1559,3866,5769,3028,157,352,817
Romania,2015,15913,1928,4449,6080,3450,129,323,837
Romania,2016,13961,1583,3590,5446,3337,122,289,713
Romania,2017,14622,1571,3793,5774,3478,124,300,825
Romania,2018,15295,1629,3875,5988,3798,131,295,811
Romania,2019,18061,1987,4421,6838,4810,131,327,900
Romania,2020,19708,2173,5073,7349,5108,174,428,975
Romania,2021,21982,2467,5811,8068,5633,192,454,1058
Singapore,2008,9795,1343,1263,5079,2105,184,365,961
Singapore,2009,10635,1481,1373,5488,2285,228,435,1073
Singapore,2010,11814,1656,1511,6024,2615,300,544,1217
Singapore,2011,13055,1786,1691,6680,2897,345,608,1303
Singapore,2012,14275,1996,1720,7375,3179,361,662,1429
Singapore,2013,15145,2061,1900,7710,3471,377,681,1432
Singapore,2014,16715,2222,2123,8634,3730,401,758,1618
Singapore,2015,17606,2358,2323,8730,4185,319,670,1550
Singapore,2016,18137,2434,2310,8819,4566,358,732,1715
Singapore,2017,18794,2453,2372,9131,4829,350,747,1705
Singapore,2018,19449,2471,2530,9639,4802,373,786,1903
Singapore,2019,20656,2470,2732,10175,5268,453,943,2294
Singapore,2020,24038,2725,3189,11302,6811,612,1162,2709
Singapore,2021,23902,2714,3373,11154,6656,683,1303,2960
Slovenia,2008,4497,665,1209,1842,770,51,148,259
Slovenia,2009,4815,729,1332,1915,829,46,128,242
Slovenia,2010,4991,734,1356,2022,877,71,162,273
Slovenia,2011,5526,752,1550,2249,970,73,171,324
Slovenia,2012,5845,870,1644,2342,986,98,192,347
Slovenia,2013,6495,883,1864,2560,1181,92,210,318
Slovenia,2014,6908,888,2095,2714,1206,99,212,336
Slovenia,2015,7368,958,2343,2590,1469,100,217,349
Slovenia,2016,7480,1031,2124,2795,1524,95,187,344
Slovenia,2017,7133,906,2217,2635,1366,84,186,343
Slovenia,2018,7861,936,2390,2915,1615,108,246,401
Slovenia,2019,8067,1019,2434,2992,1613,100,260,448
Slovenia,2020,9362,1138,2630,3544,2039,139,340,563
Slovenia,2021,9972,1259,2747,3563,2393,138,343,599
South Africa,2008,11203,1901,3169,3162,2958,88,226,353
South Africa,2009,12419,2094,3461,3529,3320,91,239,416
South Africa,2010,13934,2222,4247,3964,3484,79,284,410
South Africa,2011,17352,2429,5965,4823,4116,95,341,532
South Africa,2012,19814,2585,7059,5450,4711,123,375,536
South Africa,2013,21998,2918,7985,5990,5096,95,347,603
South Africa,2014,24860,3077,9505,6557,5708,139,415,631
South Africa,2015,24288,3298,8095,6874,6005,113,378,619
South Africa,2016,25777,3685,8533,7474,6057,107,395,692
South Africa,2017,25828,3645,8053,7851,6276,128,410,728
South Africa,2018,26209,3623,7952,8233,6391,131,444,810
South Africa,2019,27600,3877,8077,8970,6661,176,514,1031
South Africa,2020,31830,4308,9064,10395,8039,220,648,1117
South Africa,2021,33617,4582,10313,10535,8173,221,652,1168
Spain,2008,64504,10734,11982,22704,18987,736,1664,3621
Spain,2009,71607,11665,14044,24562,21224,847,1795,4100
Spain,2010,76647,12361,15383,26783,22020,905,1955,4293
Spain,2011,85766,13391,19123,29189,23979,967,2163,4707
Spain,2012,90185,13579,21266,31002,24282,1098,2393,4549
Spain,2013,96434,14248,24540,32049,25529,1061,2445,4456
Spain,2014,102185,14768,26494,33402,27456,1127,2568,4609
Spain,2015,105577,15129,28183,33234,28959,1040,2446,4469
Spain,2016,109386,14896,29883,34686,29846,937,2273,4275
Spain,2017,114946,15707,32106,34938,32121,1001,2401,4452
Spain,2018,118049,15588,34644,35901,31818,992,2488,4708
Spain,2019,122847,16432,34914,37253,34179,1133,2750,5174
Spain,2020,139073,17980,38348,41600,41079,1282,3177,5653
Spain,2021,141747,18798,39314,41939,41643,1413,3434,6097
Switzerland,2008,30568,5810,3879,10301,10533,205,590,1372
Switzerland,2009,32172,6017,4234,10936,10942,243,631,1486
Switzerland,2010,33698,6353,4665,11687,10953,253,657,1600
Switzerland,2011,34555,6418,4964,12172,10980,274,776,1779
Switzerland,2012,37069,6732,5172,13244,11893,315,840,1864
Switzerland,2013,39907,7136,5904,13911,12931,326,878,1893
Switzerland,2014,41765,7518,6173,14843,13203,329,903,2127
Switzerland,2015,44677,7834,6755,15809,14225,364,977,2070
Switzerland,2016,46317,7900,7107,16174,15081,331,947,2120
Switzerland,2017,48212,8043,7557,16376,16134,345,985,2286
Switzerland,2018,48550,7785,7874,16668,16144,416,1093,2689
Switzerland,2019,49917,8171,8076,16854,16748,436,1121,3268
Switzerland,2020,55773,8621,9137,18339,19624,590,1437,3936
Switzerland,2021,58165,8888,10010,18715,20527,633,1624,4256
Ukraine,2008,6656,672,377,5194,402,57,125,197
Ukraine,2009,7221,781,565,5356,476,48,118,209
Ukraine,2010,7527,801,615,5483,600,65,172,270
Ukraine,2011,7964,868,631,5825,620,84,174,295
Ukraine,2012,9750,935,995,6931,869,95,216,344
Ukraine,2013,12611,1450,1755,7841,1532,101,224,387
Ukraine,2014,14491,1695,2059,8765,1929,129,321,424
Ukraine,2015,15557,1802,2436,8939,2277,120,269,451
Ukraine,2016,18732,2471,3271,9688,3275,142,326,592
Ukraine,2017,23058,2827,5577,10956,3674,157,384,716
Ukraine,2018,30296,3397,8667,13209,4982,202,467,905
Ukraine,2019,40954,4419,14188,16233,6055,227,588,1159
Ukraine,2020,46963,4972,17417,17799,6761,288,715,1297
Ukraine,2021,48401,4888,17394,19186,6860,302,728,1293
United Kingdom,2008,148144,24732,33204,40905,48854,1457,3327,7462
United Kingdom,2009,154857,25368,35126,42315,51627,1484,3413,7803
United Kingdom,2010,160876,26766,36629,44322,52822,1608,3651,7983
United Kingdom,2011,169043,26249,39483,46700,56318,1613,3711,8134
United Kingdom,2012,176303,27282,41334,48675,58780,1778,4029,8317
United Kingdom,2013,183590,27853,42477,50745,62292,1825,4244,9112
United Kingdom,2014,189774,28789,42324,55073,63409,1784,4242,9395
United Kingdom,2015,197222,29330,44893,57908,64896,1712,4334,9402
United Kingdom,2016,202957,29561,46678,61079,65445,1717,4316,9740
United Kingdom,2017,207641,30040,48502,62478,66435,1880,4702,10135
United Kingdom,2018,212623,29970,50623,64905,66939,1953,4826,11162
United Kingdom,2019,218323,30656,50566,67595,69368,2302,5396,13049
United Kingdom,2020,241560,32356,54714,74297,80058,2596,6266,16530
United Kingdom,2021,246843,32682,56690,73954,83385,2957,6941,18546
United States,2008,541626,105018,102824,155241,176458,4412,10959,24536
United States,2009,553732,105001,107626,159393,179898,4338,11063,25254
United States,2010,578883,110733,113955,165408,187357,5022,12081,25521
United States,2011,598917,109084,120788,173179,194398,5015,12387,27680
United States,2012,618567,113193,122644,179616,202073,5185,12804,27614
United States,2013,650553,116592,126002,188225,218486,5461,13588,29155
United States,2014,679318,119691,131272,201308,226071,5390,13900,29692
United States,2015,696629,120981,136142,203147,235578,5323,14035,30670
United States,2016,703060,119909,136380,203259,242699,5028,13359,30738
United States,2017,714872,122029,137884,205271,248967,5332,13912,33483
United States,2018,729653,120803,142862,212635,252712,6509,16169,39586
United States,2019,761230,125338,150878,217927,266482,6789,17185,49443
United States,2020,819572,130105,158039,230181,300698,7954,19514,56448
United States,2021,803143,125771,164290,221504,290993,8689,21159,59402
