Country,Year,manuf_pib,ind_pib,manuf_exp,hitech_exp_wdi,pesq_pm,rd_pct_wdi,deflator,artigos_se_nsf
Argentina,2013,15.0110542553443,24.0058814423072,31.6131741589715,7.45820744914312,1193.37333,0.61849,464.780047776689,7700.03
Argentina,2014,14.7727785491821,24.2773944936602,31.2620642375565,7.06113490427245,1202.47388,0.59396,652.007262571679,8058.27
Argentina,2015,14.1815854549835,23.153056135905,28.1591258919034,9.22572828013488,1225.50983,0.62262,825.310738210731,8098.51
Argentina,2016,13.4880259708051,22.0541072112108,25.6479861222021,8.9823994804111,1254.06674,0.55815,1164.67339673925,8320.39
Argentina,2017,12.8351683415363,21.782123219335,27.6743405207163,9.20544177021613,1206.01905,0.55632,1467.56277769074,8535.98
Argentina,2018,14.0601434041581,23.7195923321304,19.4577177222696,5.40298410146417,1220.93622,0.4883,2084.4332574088,9044.42
Argentina,2019,13.5408390702829,23.1578477391434,16.55456541936,5.21279058881723,1224.69939,0.47813,3109.88226850322,9080.32
Argentina,2020,14.5905295089183,22.4088763711802,14.4214496007227,6.90388925607922,1250.48347,0.54126,4356.4191087013,9992.12
Argentina,2021,15.558416982668,23.4994644263761,13.5315510577839,4.42289139264312,1288.13477,0.5236,6700.26354104376,9943.87
Australia,2013,6.47475769538219,25.1836151421438,11.7663621499698,18.0075143774834,,2.17733,74.4080251953808,50403.4
Australia,2014,6.23700054223419,25.5698594984676,11.952126036613,18.9961304703814,,,75.4624096602889,52133.71
Australia,2015,6.16187153809786,23.6861098353126,13.7678544559038,19.6921472541598,,1.91969,74.9889525144353,53536.9
Australia,2016,5.93628731808457,22.3130168026382,13.7533180150723,20.6275044745549,,,74.4839637881886,54562.89
Australia,2017,5.6370711506194,23.4479311698975,11.7510093112444,18.0967924595604,,1.88102,77.199823087594,54671.54
Australia,2018,5.58025754369151,24.1083351497002,11.2645395870643,18.1371018191307,,,78.6250673484219,55784.76
Australia,2019,5.45170917330074,25.2555129054284,11.0489482828225,21.2199332352628,,1.82826,81.3585466868567,57313.1
Australia,2020,5.50480994024151,25.402839408227,10.5328054291376,21.4757898705835,,,82.876562212235,57901.21
Australia,2021,5.43021286709902,25.4357795203592,8.23857453952919,22.3940766008599,,1.85783,85.4131401626059,60308.46
Austria,2013,17.1063898788247,25.9697730865151,81.36669068678,15.3690648693427,4782.1241,2.97993,87.9501551699023,12202.11
Austria,2014,17.1867790689422,25.7857017006482,82.3462314374592,15.4904490132481,5009.44199,3.11263,89.7150897479378,12373.89
Austria,2015,17.242928730216,25.5152402246539,82.8092530807844,15.0327319949068,5073.42857,3.06917,91.7719290280246,12946.63
Austria,2016,17.6682251530651,25.9124691845374,82.8823194941048,14.4532591877111,5400.34772,3.13356,93.4373608656494,12789.07
Austria,2017,17.4427051605451,25.8023213025638,82.5985651230471,12.8851997037889,5416.07999,3.07376,94.3486721777502,12859.58
Austria,2018,17.3211161045372,25.7190926354333,80.893697747112,11.6500759838374,5682.44087,3.10828,96.0568359813149,12801.87
Austria,2019,17.1022858668807,25.5363771006496,81.0688257362778,11.4825348767666,5958.85643,3.14405,97.4724111917686,13266.8
Austria,2020,16.5973264696294,25.6544867826211,80.3885320645888,12.2718957660446,5829.2859,3.20758,100,13440.62
Austria,2021,16.9794494072387,25.7253456572227,79.3417677743618,11.017122140568,6323.00331,3.25565,101.801872992703,14370.95
Belgium,2013,12.6643780300003,19.9151935690442,67.9808698539433,10.6406117548271,4161.62059,2.32047,89.6575658680975,16396.54
Belgium,2014,12.5837894914118,19.6190570732838,70.234490113326,11.9393517315379,4544.86674,2.35858,90.4110442322977,16668.98
Belgium,2015,12.5677314710087,19.4767746872729,72.1493355868913,12.3351739681226,4731.81573,2.43496,91.4253101520778,16490.59
Belgium,2016,12.2484083375363,19.0981057822176,75.157256858039,13.3312451633933,4798.32663,2.53291,93.158084122665,16559.77
Belgium,2017,12.4458285747277,19.1545604130921,74.048307921478,11.4917903557909,4757.30821,2.67654,95.0055611847091,16085.55
Belgium,2018,12.343919956787,18.9641251486969,74.4053917671898,11.7058640594516,5040.00069,2.86365,96.6370749338723,16199.65
Belgium,2019,12.413251241175,19.2417105698694,75.021877681678,14.1440138847213,5290.87935,3.15154,98.428958972066,16216.59
Belgium,2020,12.0120090332978,19.0811705163268,76.1890929152875,15.2618615789713,5418.91258,3.36823,100,16602.95
Belgium,2021,10.744807994195,17.9965228539946,73.7274348151203,21.3799638763737,5770.89032,3.40589,102.69731875411,17845.94
Brazil,2013,10.4796122911618,21.2248099514406,32.5715331907528,11.9698618012495,852.71699,1.19567,125.696998117803,45991.35
Brazil,2014,10.3370973963623,20.4724627471447,32.1790576689769,12.3711688680768,903.20079,1.26971,135.560076726606,48188.5
Brazil,2015,10.5209374571105,19.3600439818506,34.8651659700771,14.4858996246715,,1.28464,145.816789370943,49341.87
Brazil,2016,10.7864511144495,18.3547582766688,36.1209000742178,16.0001642772964,,1.19584,157.633205095614,51744.75
Brazil,2017,10.7214980093214,18.188502309123,34.8248260736675,14.3118892236086,,1.1175,163.420526158681,55049.31
Brazil,2018,10.5284573770078,18.7490514528298,32.3576397610223,14.7442418256611,,1.15016,170.763883601096,58874.05
Brazil,2019,10.3325005328998,18.754627572495,30.1943927380285,14.0668052120423,,1.15115,177.977392089648,62581.11
Brazil,2020,10.692931568332,19.5061183894885,25.0396470697203,11.3500942678804,,1.21907,189.496978121955,66901.34
Brazil,2021,11.9043730112478,22.1234751955181,25.1214886663242,9.00155420026002,,1.13371,214.221162129305,69590.64
Bulgaria,2013,,23.507482622906,48.023936899104,8.29440219336705,1685.20345,0.63424,77.2894629993585,2639.63
Bulgaria,2014,,23.4443002330488,51.9421637983236,7.57800086773203,1822.03088,0.79007,78.3257493549063,2520.47
Bulgaria,2015,,24.0301415453605,54.5546006039434,8.45026671335107,1976.75906,0.94947,80.6345886803471,2498.86
Bulgaria,2016,,24.4597733742659,57.0427569119595,8.98610305298707,2236.855,0.77009,83.314526719667,2415.05
Bulgaria,2017,,23.9892938350887,55.286713071255,9.63608854549453,2125.46017,0.74037,87.3245565507748,2885.62
Bulgaria,2018,,22.2389608057501,57.4168807690336,10.3728902592084,2343.48736,0.75505,91.0229979475665,3244.55
Bulgaria,2019,,21.562453845875,57.8384191831806,10.8523101760506,2420.08954,0.83576,95.831418422529,4258.38
Bulgaria,2020,,21.843325499922,59.7520237377413,11.3032725784223,2401.16918,0.84549,99.9999967666607,4475.96
Bulgaria,2021,,20.7501959907094,58.1856692070003,10.9244735738213,2346.69591,0.76933,106.966096110398,4748.48
Chile,2013,9.98503290205937,29.4304382741697,13.4980191268737,6.69462231509352,334.78846,0.39031,80.8348352428658,4894.72
Chile,2014,9.92046571303201,28.9028693089623,13.6937140016561,7.09179365119211,426.80476,0.37668,85.5660105453844,5580.79
Chile,2015,10.3988646679795,27.8806409445573,13.8946604663754,6.72253052606446,455.29183,0.38296,89.8052634772631,5788.72
Chile,2016,9.70592438632348,26.7795648236165,14.0812033218595,8.42437955941115,495.36438,0.37103,93.9009726474457,6371.23
Chile,2017,9.16084501298879,27.3811558508707,12.9661564334413,7.1060964752424,494.62971,0.35679,98.4346917898808,6637.65
Chile,2018,9.6042139700833,27.8615223911065,12.9107255728876,6.91141099413123,523.65457,0.36916,100,7148.06
Chile,2019,8.97674256400038,27.1245649947609,12.8008428501963,7.63288202076965,507.31033,0.34243,102.566359255182,7479.71
Chile,2020,9.01832546015944,29.8465647278291,11.5599912808977,15.9750583433893,515.32026,0.33525,112.493412217237,8380.99
Chile,2021,8.55784652499058,30.899925407319,10.7321032238126,12.4417748590856,638.83802,0.36063,120.236335723061,9319.43
China,2013,30.1275021518721,43.3938707801605,94.0381521516055,31.5855813292794,1079.63795,1.96246,88.6949971691171,351525.76
China,2014,29.8300397890826,42.2827157791092,94.0039246038441,29.7037271802947,1101.80087,1.98475,89.6634855698566,379465.82
China,2015,28.3889960582852,40.0475902161032,94.3003313730696,30.4312672747562,1162.7108,2.01703,89.7841730948422,401135.63
China,2016,27.5237594259275,38.811156093921,93.7167028020422,30.2545232296357,1208.86205,2.0595,91.1122745445833,430349.69
China,2017,27.5998559245177,39.129944350895,93.511711476449,30.9118639785891,1235.84935,2.07771,94.8898339756055,464153.83
China,2018,27.34341880328,38.9777001747097,93.2388307531011,31.5481478595353,1317.48914,2.10232,98.1795156990859,513575.22
China,2019,26.2594662949297,37.7642333162735,92.8740842473991,30.8186302968419,1483.85803,2.20144,99.4721279847305,608625.08
China,2020,25.5809804288007,36.9115624066306,93.5416579304527,31.2766154241293,1600.30633,2.35712,100,671731.01
China,2021,26.621932558827,38.0924722040717,93.4459167956813,30.2190732796596,1685.97511,2.38165,104.473573585036,756203.38
Colombia,2013,12.6623563037307,32.7475552904174,16.9247192807713,7.76843663280142,58.0547,0.25761,95.4747646532672,4325.67
Colombia,2014,12.2693186420816,30.9858527230854,17.1448362035228,8.11983496308117,59.05478,0.30317,97.6092294031774,4795.16
Colombia,2015,12.4008937581087,28.5894478881361,23.4344948887716,9.8493456203733,70.66931,0.36542,100,5115.5
Colombia,2016,12.297778837716,27.689162311787,24.2533190686524,10.1857957756345,91.2603,0.27051,105.148334305146,5994.92
Colombia,2017,11.4095935667718,26.8148589146209,20.4602009068447,8.96236276389192,90.24729,0.26109,110.546372091236,6280.16
Colombia,2018,11.1518529729467,26.8954667535946,19.9796379042526,7.22139251354653,,0.31233,115.665309926839,6922.39
Colombia,2019,10.926657535177,25.993426836769,21.0779965271648,9.04845616228861,,0.32201,120.294953383022,7968.21
Colombia,2020,10.7275023510948,23.439238595813,22.400350678851,9.91355157220335,,0.2894,122.077393324367,8888.34
Colombia,2021,11.1991608490115,24.5553120236384,21.6338312040039,8.20914960906244,,,131.602009615523,9491.15
Croatia,2013,12.6092938617904,20.5073010518841,62.8057862462361,12.493497088882,1535.62032,0.79163,92.0214829790276,4111.71
Croatia,2014,12.7329054114291,20.6516894000178,63.3557007445093,10.4390521916801,1445.04267,0.76744,92.140876886744,3975.01
Croatia,2015,12.7376756733238,20.3715789931689,66.593111570583,10.7066240086763,1513.83841,0.82388,92.2548921224285,4033.56
Croatia,2016,12.8768448051129,20.2770886767859,67.9789133522014,14.4016994474882,1871.39921,0.84569,92.2680012414649,4023.84
Croatia,2017,12.7603957210649,19.7719778010134,67.2325782201511,8.73810136016396,1900.86092,0.84354,93.4021973894262,4316.99
Croatia,2018,12.2986766761783,19.2887373843767,66.5327393870269,8.83753101502131,1973.01528,0.94608,95.2951911670773,4590.14
Croatia,2019,11.9932247841766,19.5752741048337,67.3406993625424,8.28927083536396,2203.55061,1.07723,97.187361713426,4603.53
Croatia,2020,12.1571023175154,20.096957275737,65.9112273741857,9.68004103299381,2295.44402,1.23536,97.96138996139,4919.63
Croatia,2021,11.6586394254666,19.5841831924995,63.4599498278358,9.60673351412275,2414.42218,1.24187,100,5529.57
France,2013,10.2533499274342,17.5699939241217,76.9620880246645,27.1817177565412,4133.56261,2.23369,92.2710614868023,71475.21
France,2014,10.1814983481472,17.3416195349368,77.550562918085,27.4702736686884,4210.03605,2.27173,92.7977401424006,71223.41
France,2015,10.3199116417468,17.236441547058,78.7323283725094,28.2116908505326,4310.70957,2.22401,93.8504749093193,70877.24
France,2016,10.1652320223789,16.9433572396904,79.6980182102876,27.9331801598168,4392.04699,2.22468,94.335924216755,70242.04
France,2017,10.0100515756887,16.7483032647876,79.9472167846139,26.0180218998669,4546.76212,2.20422,94.8890564538999,69138.49
France,2018,9.88620521645328,16.725283255726,79.7942114817241,25.9347849255776,4670.53241,2.20407,95.9466835322152,67117.57
France,2019,9.91095000638926,16.907003960354,80.5034599709211,26.9265976407414,4773.97249,2.19668,97.1081402840986,66167.74
France,2020,9.24566710385932,16.272651205236,79.2210459691173,21.1920405248012,4883.2219,2.2742,100,65600.63
France,2021,9.09582515832787,16.0877289574672,78.3001810433008,22.305003085565,5058.05374,2.21278,101.221816140734,67690.4
Greece,2013,7.78048722385766,15.064315279116,30.94070080051,8.47893188139786,2655.47213,0.82288,102.798300595601,11564.91
Greece,2014,7.79323131183445,14.144282569928,32.5296898213842,11.5060312558605,2733.92303,0.84553,100.821001437819,11308.55
Greece,2015,8.2939794133625,14.4406143927451,36.3880330713537,12.9218253082768,3196.52298,0.9716,100.64481297452,11079.51
Greece,2016,8.1077472947053,14.3053359941807,37.1171045120441,13.7270081175833,2726.60076,1.00556,100.151692497107,10988.04
Greece,2017,8.01771265830777,13.5438938901132,35.5452261667004,12.1148895809545,3250.61522,1.1492,100.355614895143,10931.52
Greece,2018,8.18182062799694,13.6804076386379,34.3141237759414,12.9551889486437,3416.08087,1.2066,100.119979458447,11031.66
Greece,2019,7.83958999296986,13.4139572418293,37.5045090570401,12.5222555558252,3644.60084,1.26236,100.36528920845,11389.86
Greece,2020,8.42728042228222,14.2956021874194,43.1789891422737,13.2518669714424,4008.18457,1.48872,100,12102.88
Greece,2021,8.66558957724326,14.7711977789358,38.7775709491228,12.2848681524393,4244.36826,1.43353,101.39275644674,13776.67
Hungary,2013,18.7073217770592,25.0561210392632,81.8974246847191,19.3691523112004,2527.84945,1.38449,76.1309851147943,6153.78
Hungary,2014,19.4234614005581,25.6873886769853,83.4910804693238,16.6901975118435,2654.79529,1.3437,78.9403106632317,6494
Hungary,2015,20.2076761720927,26.3916783181703,85.6088130930811,17.08325844517,2569.66887,1.33884,81.1594474322558,6389.48
Hungary,2016,19.5575596990539,25.4486066021034,87.7871002783065,17.5764530213374,2625.94197,1.17645,82.2328217670034,6351.5
Hungary,2017,19.1033927278036,25.1587549896178,86.7735561991614,17.2630732776764,2902.24254,1.31498,85.5528015079503,6645.92
Hungary,2018,18.4028423209229,24.9697501840475,86.572548175088,16.8209858629646,3846.48666,1.50196,89.6981632218737,6658.99
Hungary,2019,17.3261619988245,24.6337376234071,86.8597067417349,17.3787600622128,4021.15293,1.46473,93.9614599919338,7035.03
Hungary,2020,17.2739907825324,24.3596848911298,86.8451661867215,17.4648807221778,4309.61589,1.58067,100,7350.5
Hungary,2021,16.5270428077403,23.8976973303284,85.7112500492847,16.3975126429279,4452.48668,1.63327,106.166948922961,7822.44
India,2013,15.253022692586,28.4048995600246,60.0804931317347,8.87350364988968,,0.70642,70.9363464075585,80194.85
India,2014,15.0655701107589,27.6564012026443,62.6143035432105,9.22122174793918,,0.70158,73.2997730356476,88315.77
India,2015,15.5838545863713,27.34739147794,68.7631584732676,8.02476917234515,214.34935,0.6931,74.9707059453487,94793.78
India,2016,15.1622371332529,26.6189999399789,71.5142380206267,7.66325704378624,,0.66984,77.3982386243201,104739.74
India,2017,15.0182387501718,26.5000166464804,69.6987012211939,7.36208114076572,,0.66603,80.4703743512893,115044.77
India,2018,14.8815306673017,26.4120919013735,69.268260401525,9.04145168835151,250.00794,0.66001,83.5960370388638,123052.68
India,2019,13.4558075633394,24.5914753075066,71.0205379047355,10.2237396907979,,0.65942,85.6069540558026,128579.54
India,2020,14.1204853576923,25.1229058078344,71.0145843098347,11.0325638466576,259.26325,0.64558,89.7288072623215,145711.12
India,2021,14.3770288531286,26.466523606501,68.0733689919056,10.2125596625118,,,97.2255663027036,173096.47
Indonesia,2013,21.0286886817218,42.6356774375889,37.1804571056594,9.67606262852233,,0.0847,117.03716759416,2652.31
Indonesia,2014,21.0751760505565,41.9283421270033,40.3072576763276,9.32850761968047,,,123.407704913933,3094.66
Indonesia,2015,20.9857874310206,40.0478624042506,44.075318248092,8.88987824359938,,,128.319631030817,4112.9
Indonesia,2016,20.5229746805052,39.3084439802081,46.860340946238,7.99860974921307,177.73496,0.24535,131.449249420225,5850.08
Indonesia,2017,20.1600223614347,39.3791548040237,41.8775192324309,8.44632702628773,214.08281,0.23805,137.091942591614,11115.87
Indonesia,2018,19.8631933835963,39.7297374523848,43.11955368942,8.21299200751234,215.18755,0.22632,142.326556547384,13147.37
Indonesia,2019,19.7035390875513,38.9517679950779,46.2914435756783,8.09206094724751,387.17063,0.27129,144.601630186014,17156.26
Indonesia,2020,19.8664218856304,38.2383937187942,46.614182661618,8.4247469855579,395.34168,0.28068,144.020835663022,20837
Indonesia,2021,19.2434077817738,39.8448191919686,44.9007416009427,7.20127970144306,,,152.667808069412,23653.58
Ireland,2013,19.0761287551304,23.8396733678378,84.5776206447973,24.9839328156584,5141.73776,1.53562,88.1853453021704,7005.24
Ireland,2014,19.58634485518,24.4288440676474,84.3096444389838,24.9189231516136,5290.95054,1.47756,88.4140192201743,7091.25
Ireland,2015,34.8913217286457,38.4401729288171,86.6137873934004,28.3389494347801,5242.06636,1.14062,96.2986156850128,6808.89
Ireland,2016,32.6267738894039,36.5192338386058,87.6083308140505,32.8418171476767,5143.85544,1.14954,96.4107698852688,7093.78
Ireland,2017,32.1593567756814,36.2543208523413,86.4802266647022,29.3340262522775,5114.19434,1.20821,97.8511311932151,7205.05
Ireland,2018,32.7799541366431,36.848503844665,88.0630365371726,25.0152782298751,4656.77702,1.08244,98.7530425992657,7397.98
Ireland,2019,31.9303074064122,35.880910077936,88.7204094217023,25.9769791902199,4961.4389,1.13733,102.107697913788,7763.57
Ireland,2020,33.6151990544761,37.1803685713508,89.8991029866128,25.8991544690003,5196.11055,1.12466,100,8400.81
Ireland,2021,34.3142984743754,38.0466211469982,89.2928042820662,28.4781475271992,5213.43167,1.0732,101.048750976761,9216.71
Israel,2013,12.9828311268844,20.5754790666646,92.3856272918218,19.0362582405147,,4.10651,93.1312859690689,11269.87
Israel,2014,12.5092649781181,19.9649384224167,92.6827022190732,19.4130528417277,,4.19613,93.8516244767406,11944.3
Israel,2015,12.9237212257425,19.9967940857239,94.7021611818398,23.6539775366063,,4.29761,96.0654330848531,12102.22
Israel,2016,12.0961436457446,19.1747519313502,92.2555376539468,21.8196172712291,,4.59051,96.2729401225217,12363.13
Israel,2017,11.5023862456544,18.6810595382266,93.591753124494,21.0679788533896,,4.74032,96.2451563468027,12385.3
Israel,2018,11.678065693861,18.8779508643639,92.9570187333745,22.5362840096475,,4.91965,96.9402358724344,12684.14
Israel,2019,11.6354672967477,18.9502208227104,93.0266199835024,23.0916656017552,,5.35528,98.7860578753071,12946.3
Israel,2020,12.3190734802149,19.4824194045547,91.6476911584148,28.197643074759,,5.83209,100,13366.53
Israel,2021,11.9008173223304,18.9071512661919,90.3808218300965,29.5956758722761,,5.75725,102.28740044336,14633.85
Italy,2013,13.7593478951288,20.6001539419293,81.6447586290394,7.77207145281516,1916.30366,1.29425,92.9623720044883,66220.78
Italy,2014,13.8362218969996,20.1870844682284,82.5731128622644,7.73691381710463,1947.34437,1.33148,93.801404551964,67444.12
Italy,2015,14.2623447666015,20.2895283210976,83.2475535707022,8.15204658018138,2075.80841,1.33213,94.5356598825873,69382.56
Italy,2016,14.6638600182643,20.6626457226581,83.6851644911395,8.29074616964551,2209.59265,1.35915,95.715627369582,69301.08
Italy,2017,14.8167748451842,20.7926142437946,83.0214117880224,7.8052686500986,2322.42382,1.36393,96.395037677377,70101.05
Italy,2018,14.9480712750382,20.9865490224579,82.6111537982938,7.47655885813922,2524.31271,1.41934,97.4270251334841,71037.79
Italy,2019,14.8032822287955,21.0122984359559,81.7028437320492,7.75802459594121,2670.65345,1.45558,98.44709281329,73935.81
Italy,2020,14.477256120151,20.9642039077686,80.7390855416071,8.587243012964,2614.68181,1.49869,100,80141.63
Italy,2021,15.365300568128,22.5572771105288,80.1652149960244,7.77024565516253,2658.8949,1.41065,101.283321872926,85699.51
Japan,2013,19.1807146120723,27.1266358606582,87.6099353742019,17.7587589107099,5166.83422,3.27895,93.9344882922901,106967.6
Japan,2014,19.4077759157435,28.0999841731293,87.6305090225259,17.7805347199635,5351.53211,3.36788,95.562895987198,103354.33
Japan,2015,20.0740179719411,29.3111606151366,87.2588990267739,18.0454889300336,5198.48902,3.24071,97.5432632233626,100597.44
Japan,2016,20.02776765534,29.3147155622977,87.3467476944336,17.620423854837,5232.70894,3.10665,98.1140602852573,101166.54
Japan,2017,20.1439342864069,29.4414450761698,86.5885562110256,17.5942774665502,5319.83455,3.16636,98.1353315160988,101854.44
Japan,2018,20.3304380979824,29.4467134085972,86.8692434053412,17.2970528139362,5339.51713,3.2192,98.0183258646232,101998.64
Japan,2019,20.0537040210689,29.1175822523162,86.6056946697442,17.0303844450023,5376.11987,3.21824,98.7853942704497,100156.22
Japan,2020,19.7836247262101,28.9859809440754,86.1390226496042,18.6333487896777,5450.44287,3.26556,100,100403.47
Japan,2021,19.6763666364,28.4504840570129,85.6152784621078,18.0039913482614,5589.76698,3.27383,99.9557539623753,106309.76
Luxembourg,2013,4.55439306028829,10.4429358659788,78.8484760097573,6.8438523675119,4661.60191,1.23381,88.2564838675104,759.01
Luxembourg,2014,4.7281297539333,10.8108782853283,77.1527758898352,5.97251741023821,4782.93933,1.217,90.724756306729,870.55
Luxembourg,2015,5.47955070401141,11.5395015328494,78.5794633269079,7.1063570044196,4636.38043,1.25226,92.7393855134672,806.07
Luxembourg,2016,5.79495456061575,12.0959361207718,79.6818178537068,7.96708640448661,4802.1785,1.2669,91.7121883520147,875.81
Luxembourg,2017,4.77590351553507,10.8183282634892,78.0004534081884,6.9688410293022,4969.23004,1.23898,93.6775555963034,833.15
Luxembourg,2018,4.95924941093589,10.9720784332984,81.5539105151176,6.97324123677991,4754.92191,1.17039,95.4008336321278,891.22
Luxembourg,2019,5.04282381983955,11.6004638626305,82.3088604077613,6.57356994288018,5090.81552,1.18209,96.2750571275692,930.55
Luxembourg,2020,4.92605331588321,11.342759831856,81.7615096666126,5.61923854995663,4920.65038,1.09627,100,962.87
Luxembourg,2021,4.64520710910134,10.5920099479324,82.0048064914848,6.0752020682151,4939.08633,1.03153,105.902131260212,1048.94
Malaysia,2013,22.8407424205833,39.8853736547897,60.6315003418679,48.4707442408569,,,96.4175317512833,14205.2
Malaysia,2014,22.8739302431305,39.9244244845871,61.5701463861358,49.2192547300414,2015.97275,1.26275,98.7966023208747,15764.08
Malaysia,2015,22.2933324025137,38.4497222119902,66.414936202965,48.4853806485296,2256.60241,1.27945,100,17240.13
Malaysia,2016,21.7969397965457,37.6832749440922,68.0179738974581,49.058669616671,2334.07987,1.41517,101.658259966424,17827.44
Malaysia,2017,21.8461950799461,38.114672270307,66.5950762518143,51.124071112731,,,105.499885905954,18867.8
Malaysia,2018,21.5281381981616,38.2914253580498,68.4240772452125,53.1812872322082,2110.44315,1.04026,106.158916974927,17628.87
Malaysia,2019,21.4089748962529,37.4765336887335,70.1215212704831,51.5927774360365,,,106.235167643949,18671.39
Malaysia,2020,22.2320858423886,35.9347266201835,73.1260443884642,53.8128736631656,711.51035,0.95055,105.366155761511,18858.11
Malaysia,2021,23.363165635524,37.6826861838931,70.2832707695381,51.6786836379514,,,111.346673949326,22347.89
Mexico,2013,18.1028096283966,32.1682751220869,75.0893659325092,20.5109447612712,254.46546,0.40806,78.0479123947407,12677.19
Mexico,2014,18.2289217370442,31.9175541245121,76.7092825210337,20.2220997751974,262.92059,0.41962,81.457333128084,13541.76
Mexico,2015,19.8234213947421,30.8402536108172,80.8520050396853,19.5727021142392,284.58114,0.41477,84.0846815010146,13741.34
Mexico,2016,19.8687757882998,30.6167913885108,80.9065097304957,20.6541116351274,319.5511,0.37601,89.1950018810292,14497.26
Mexico,2017,20.1618224119644,31.958684665724,80.3561587936184,21.1680967750153,330.64996,0.31955,95.0529682854956,15397.11
Mexico,2018,20.1893656987831,32.043865451756,79.471846811433,20.8917456407643,342.55971,0.29816,99.9999999958638,16402.64
Mexico,2019,19.8877542722301,31.8382961469653,79.9687313715216,20.4068584131191,355.30353,0.27629,104.319010231962,18006.46
Mexico,2020,20.1842735695707,30.9999803863186,79.1798885226162,21.5074249745377,369.04189,0.29185,109.138329565566,19332.61
Mexico,2021,20.8358358617373,31.9695289911386,76.5435901540485,19.8113406398377,384.76538,0.27305,114.03642804829,20345.96
Netherlands,2013,9.64816464758619,18.6870743291059,57.0553879762956,24.6659051147577,4887.39056,2.13953,89.5527258807015,31332.15
Netherlands,2014,9.66230344504418,17.6818782630222,59.7669070123292,24.5559687632591,4926.09272,2.15067,89.8609024067872,31445.39
Netherlands,2015,10.1488182500805,17.4148103121536,62.3742687119885,24.074012919385,4891.78146,2.11792,90.6592253527817,31291.69
Netherlands,2016,10.2669490054501,16.9640712326865,63.2188083560819,24.0087404866077,5109.20509,2.11546,91.1719474622063,31097.01
Netherlands,2017,10.5500219081827,17.1210117451832,64.2889997092393,22.9219025245367,5273.17623,2.14167,92.4842440337602,31234.91
Netherlands,2018,10.6594535821754,17.3241048530815,64.6904223550073,22.5132061163246,5496.79039,2.1027,94.8272507009577,31506.82
Netherlands,2019,10.420756670246,17.1127557495056,65.4873395923694,23.0482346929973,5592.12175,2.14036,97.698442691884,31471.58
Netherlands,2020,10.4840023369093,17.3794770859182,68.3026706407585,23.1639760853804,5799.27532,2.26514,100,32236.56
Netherlands,2021,10.7549772867478,17.7061297739891,66.1412554396012,22.0023211908273,6003.86605,2.21542,102.747338205767,34144.24
Norway,2013,6.61997045955963,35.5581627446958,16.4515267829679,21.0205001240338,5605.02472,1.64216,96.6698842691854,10322.4
Norway,2014,6.77145597747606,33.9388344132412,17.6577857985519,22.3154505616718,5722.57126,1.70369,96.9927989289089,10554.7
Norway,2015,6.86959678594939,30.8523541633202,21.7932408053581,22.2637499039318,5929.85725,1.92351,94.4788407274485,10602.45
Norway,2016,6.53860465289637,27.7690672030503,22.9574940176279,20.9563395259628,6120.84923,2.03286,92.9428066464015,11289.44
Norway,2017,6.36964089916267,29.6642536595013,19.3682507838713,21.5970984465797,6396.1696,2.08168,96.6760113021208,11939.18
Norway,2018,6.01150571931844,31.7926103289636,16.6206398404421,21.1178200437435,6484.23611,2.03482,102.806547495637,12225.59
Norway,2019,6.14479469538793,28.9241714222194,19.7053755620261,22.4920145628444,6737.55318,2.13599,102.315346925374,12508.85
Norway,2020,6.43763409132964,26.0383204611214,22.2827470322649,22.0688842926826,6766.01432,2.24436,100,13284.78
Norway,2021,5.51381024832847,36.8554062435763,13.2286917307329,20.5863715899543,7228.72168,1.88764,119.532069390306,13802.78
Peru,2013,14.831406515612,33.8594367461678,14.7608343950417,5.00038314811373,,0.08174,119.087274201146,653.3
Peru,2014,13.9596976357841,31.701403934103,12.5424301299451,4.25218632647416,,0.10805,121.984001985842,732.42
Peru,2015,13.7880201715375,30.3378798708175,15.4730227980744,5.24340385328889,,0.11702,125.266007054835,881.39
Peru,2016,13.3440281131691,30.5565505783828,10.712082440255,4.79971259913924,,0.12008,129.125305783114,1048.57
Peru,2017,12.9708469176106,31.2978841231473,9.34304419149026,5.12232328639173,,0.12085,133.79403556878,1356.5
Peru,2018,13.1690240955292,31.6240835005495,9.38521692322064,4.68019992138913,,0.12683,136.841081428887,1642.77
Peru,2019,12.8493511674786,30.4491957836385,9.53221689741643,4.07500438789898,,0.15696,139.40304241637,2380.17
Peru,2020,12.2526157277512,30.3192857092121,9.29541103451815,4.79483390340119,,0.17229,144.587680217236,3064.15
Peru,2021,12.061722254408,35.7261311136936,8.86740099091368,4.46164505002167,,0.13754,159.116815566474,4073.17
Philippines,2013,20.434498765772,30.7754466314331,78.1013022136419,,182.5933,0.13207,90.9160013917205,939.89
Philippines,2014,20.5750839907396,31.0474444753394,78.7258017022243,,,,93.6917171915396,1037.84
Philippines,2015,19.9280223742627,30.4819509834967,84.1683603088362,,103.17345,0.15683,93.017434027504,1339.31
Philippines,2016,19.5903031993868,30.2859171672694,84.268635265002,,,,94.2083471590834,1626.19
Philippines,2017,19.5002020558133,30.1265505767725,80.8345389911726,60.3176340363727,,,96.3942257040884,1973.91
Philippines,2018,19.0982471668147,30.5637401548214,81.8909660946722,61.3459931361948,170.21271,0.32222,100,2327.34
Philippines,2019,18.516454400296,30.3275078794624,81.1469880645746,62.2466747019023,302.08457,0.25926,100.697076297419,2884.66
Philippines,2020,17.6581790478661,28.3999175850521,79.8122088131795,67.0450915850689,320.27857,0.27625,102.359071660117,3137.34
Philippines,2021,17.6400846961045,28.8898091185459,79.6968331149038,64.2254083346106,,,104.695395425257,3948.12
Poland,2013,15.5581865074907,28.6768333488015,76.6388374227593,8.74501767247922,1868.31303,0.8807,98.2228030329837,28952.29
Poland,2014,16.9081122802504,29.9351239778153,77.5986005491831,10.0686277870269,2054.74753,0.9454,98.6965044902629,30165.6
Poland,2015,17.6693391336256,30.9939300295541,78.7541655459572,10.7755213322015,2158.37831,0.99807,100,31619.76
Poland,2016,18.2752041844413,30.6734871058329,80.2247333184309,10.7154228014203,2304.00747,0.9616,100.082862448389,33120.9
Poland,2017,16.8858634359557,28.8090759581658,79.7937323446367,10.6673187252222,2994.85672,1.03055,101.854532131266,32725.15
Poland,2018,16.4851063076839,28.8614617242515,79.9651708120333,10.3950333891095,3079.49249,1.19426,103.104285459836,33795.97
Poland,2019,16.6614878848919,28.8315242170352,79.9118365851179,9.8529348361967,3159.06604,1.3088,106.224681919848,34149.03
Poland,2020,16.2083685829628,28.5669486213815,79.6390092688578,9.86616548997166,3260.15498,1.37128,110.727115284487,34204.93
Poland,2021,17.3006156636927,28.4859993432319,79.4018928574489,9.44556514280936,3558.20467,1.41558,116.640204587683,34667.25
Portugal,2013,11.5651993214334,18.8830973772949,72.3644282953861,4.70027794789762,3605.75824,1.32325,88.9074034021545,13594.38
Portugal,2014,11.8414875390346,18.9850440099134,74.300096167859,4.88070967963708,3658.36239,1.28892,89.5514991025804,14102.86
Portugal,2015,12.2513540948869,19.5938498258589,74.9534723943428,5.07995277461314,3724.60014,1.24552,91.3088998024482,14401.12
Portugal,2016,12.2435166305722,19.448178094831,76.4451939801919,5.80540001054449,3992.10969,1.2815,93.0018462723383,14038.15
Portugal,2017,12.4309295704729,19.2493833127062,75.7132583729623,5.98812595371655,4348.10903,1.32224,94.4268213966762,14109.14
Portugal,2018,12.322133201471,19.3820435381975,76.0281581356463,5.28353269409281,4614.40041,1.35078,96.1759568812994,14381.18
Portugal,2019,11.9377600515866,18.886083188208,77.2176562534347,6.94181475443009,4859.21726,1.39487,97.9401780971481,15862.54
Portugal,2020,12.0900462439681,19.3945333422241,77.0548820865644,7.1147115711238,5131.43982,1.60979,100,16428.64
Portugal,2021,12.4429299331489,19.312836959793,75.7273908285045,6.250331404512,5430.93667,1.66711,102.019777102825,18387.68
Romania,2013,20.2152670692205,32.072608504292,75.4819213588763,7.3981832313214,923.69506,0.39022,179.358829539343,9617.4
Romania,2014,21.5132642153968,32.5700211539755,76.0889948277043,8.41047672645864,904.75745,0.38207,182.433346460945,9647.78
Romania,2015,20.2080251087435,30.811807082352,77.7513355965199,9.41414780224134,876.41011,0.48796,188.388946804441,10174.98
Romania,2016,20.1242845144537,30.1213847463155,79.521600690444,10.3924513925489,910.44851,0.48863,193.324583813028,9292.66
Romania,2017,19.8307791051555,29.1130933187854,80.4774667749588,9.77959738479042,887.74694,0.50693,202.316703030211,9590.84
Romania,2018,19.069928394043,29.1075109238852,82.2471363934133,10.0771915943775,876.17129,0.49698,214.824031459615,9157.14
Romania,2019,17.2425919406663,27.7745670712094,81.7210712441021,11.0725693077429,887.46612,0.47491,229.791009023413,10251.3
Romania,2020,15.9165222191834,26.6218787803176,82.3576459827225,11.9370424850698,942.32049,0.46414,239.228634635488,9723
Romania,2021,15.710445243797,26.2049211165386,79.0512779328975,11.4879408346099,988.67695,0.47108,252.634446749461,10812.95
Singapore,2013,17.6384096148755,23.4427286283197,67.8319478511095,50.3271857168025,6734.96456,1.92104,97.279600720971,11016.64
Singapore,2014,17.9997688921285,24.1685192477514,68.9014800202395,50.6403255755208,6756.24778,2.08228,97.0196014916219,11215.32
Singapore,2015,18.0893298548734,24.2880229055028,74.2359981647292,52.2174549984101,7134.93412,2.17445,100,11458.88
Singapore,2016,17.3698773941449,23.1093487528648,76.4147834163049,52.2327295013631,7052.85651,2.06892,100.7133558543,12012.77
Singapore,2017,18.4782631524341,23.4123135354968,74.0906481838615,53.0720442885638,6950.10748,1.89683,103.723682470636,12325.92
Singapore,2018,20.6143847051882,25.2558497884787,72.9437327371621,51.57228009959,7002.45715,1.80836,107.633909457792,11922.18
Singapore,2019,19.3067395308763,23.9539533055112,74.1910860777145,51.8165690079601,7509.61271,1.88845,107.282020437449,11605.14
Singapore,2020,19.6581730987491,23.2208286387592,77.4514550324755,55.2615580095711,7503.32643,2.15983,104.924480018638,12173.97
Singapore,2021,20.6115503058426,24.5513098502426,76.5014297647944,54.9722752514087,7956.39818,1.93761,116.499012277094,12432.16
Slovenia,2013,19.1692650538617,27.136357331722,82.2602381677486,6.73818283854427,4236.51087,2.59426,91.1141496033147,3472.87
Slovenia,2014,19.6425391528278,27.773620382746,82.8448724871087,6.41719007974407,4166.88131,2.38854,91.6895823369998,3375.52
Slovenia,2015,19.9837917138592,27.6272123283146,83.3267939888334,7.00769445649105,3836.54008,2.21611,92.4847128540228,3503.69
Slovenia,2016,20.2309490466323,27.5997956172164,84.6260315176312,7.14418674805758,3939.83347,2.02922,93.3036487431222,3360.12
Slovenia,2017,20.6408219046834,28.0311742193249,84.5471624621145,6.50844824804584,4510.81305,1.88219,94.5050554704644,3373.97
Slovenia,2018,20.4061968964047,28.0718729650095,83.9377646097962,6.83053982321457,4880.49036,1.96365,96.566166977325,3237.85
Slovenia,2019,20.5744094031508,28.5562740977565,84.441751448123,7.35392450360767,5060.56961,2.05725,98.824450370107,3531.2
Slovenia,2020,20.5177897656073,28.9448814140077,87.0061686682522,7.79985278570807,5187.16109,2.15559,100,3692.85
Slovenia,2021,19.9228972672545,28.150836487506,85.4131790075297,6.20930603257085,5235.17998,2.13847,102.683430771861,4058
South Africa,2013,12.3667757766351,24.5517417673484,42.3804646548217,6.52269958623918,430.44849,0.6633,89.9202320356868,9548.07
South Africa,2014,12.4807113856549,24.3052820058227,45.7884422856055,6.66015445560224,427.63838,0.70987,94.7458428172568,10086.81
South Africa,2015,12.5179444713924,23.7323079746326,47.64529995251,7.40645815320547,466.56084,0.73147,100.000000176439,10888.74
South Africa,2016,12.4836443520042,23.7825372977493,47.708438095805,6.65712319984824,481.99586,0.74992,106.95217214959,11955.09
South Africa,2017,12.5127045016941,23.6105564955695,44.0297498303507,5.67982442723305,516.53674,0.76257,112.806008890395,12809.68
South Africa,2018,12.4570332833175,23.5370608392744,43.4558465114563,5.27331266850248,500.79079,0.68586,117.310685699107,13232.48
South Africa,2019,12.4008912661528,23.6220152843652,42.9742326978661,4.89552263425361,479.86558,0.61304,122.722843148459,14690.16
South Africa,2020,11.725046778088,23.3394384079582,38.3879710523322,5.62171975958479,459.98774,0.60296,129.339315561787,15308.72
South Africa,2021,12.0775538850278,24.9006017482132,36.0522527481127,5.54756049045268,454.79773,0.6139,137.627951799849,15478.5
Spain,2013,10.8662587310316,20.0279432010078,67.7419004239125,6.97005295956388,2623.64689,1.26864,94.4801551990007,53214.96
Spain,2014,10.9975561841823,19.8695989889783,67.7493014916249,6.91215361464722,2614.44648,1.23401,94.271649970964,54348.74
Spain,2015,11.0137685905408,19.9230622051822,70.4262829315686,6.88833506484239,2622.53289,1.21165,94.7924459860799,53300.4
Spain,2016,10.9527706513192,19.7937250159622,71.6931324202851,7.80248141094868,2712.74943,1.1808,95.1452469189149,53890.2
Spain,2017,11.1145583338461,19.9047199031815,69.7654003709729,6.99949013494316,2847.3656,1.20198,96.3421211464971,53940.53
Spain,2018,10.7886322916564,19.7385743840512,67.354030886013,6.76693548745416,2984.29629,1.23288,97.4860438522988,54675.87
Spain,2019,10.6967320991298,19.9779055762497,66.6503264903958,6.84640091103014,3048.15265,1.24207,98.8787989204417,57221.5
Spain,2020,10.853212942808,20.1193927811735,65.9972400149394,7.76842135531122,3051.64642,1.39637,100,60134.98
Spain,2021,11.2560847091885,20.3165748530524,64.8520341062681,9.39320382214351,3229.64887,1.39617,102.556112365016,63622.32
Switzerland,2013,18.4192868942775,25.1241594165101,56.7639990192439,26.7510678341774,,,103.061357930943,21320.48
Switzerland,2014,18.2576883092773,24.8339450953448,68.810929858304,26.6587283403628,,,102.437842733836,21607.98
Switzerland,2015,17.8568423587127,24.7414169599893,68.6635380076204,27.0515100038866,5310.67497,3.04577,101.060065148007,21749.37
Switzerland,2016,18.2447554804173,24.8224218751812,67.1642354080598,27.335457169438,,,100.444278800262,22041.04
Switzerland,2017,18.432255769318,24.9653992896239,71.0727503503714,14.0238568621919,5257.57173,3.04671,100.10773985415,22610.58
Switzerland,2018,18.5519498038638,25.1021330566529,72.8212329036238,13.3182169315591,,,100.857772029829,22272.17
Switzerland,2019,19.2121227464848,25.7648791839408,73.77248618595,12.9094936723953,5561.84719,3.14983,100.766660672356,22460.04
Switzerland,2020,19.0466157972256,25.8222063386564,71.4692368472048,12.8450867094278,,,100,23197.82
Switzerland,2021,20.6927435425858,26.7731802845588,70.6371932864218,14.2350632729725,6003.41115,3.24862,101.934798216661,24649.1
Ukraine,2013,11.1405917419353,22.4302649907366,57.4240787547579,6.14613032578564,1139.62164,0.733,53.0540843607439,7161.36
Ukraine,2014,12.2281281606135,22.8189915653958,53.5916666719829,6.88754342926587,1002.50854,0.65034,61.4906056012719,6992.01
Ukraine,2015,11.9027791187924,21.7279577419459,48.7709571699446,8.03896421995305,1005.99722,0.61477,85.3991859536416,7186.44
Ukraine,2016,12.2191260296634,23.1783620717483,46.242478213964,6.67894123051556,1037.24086,0.48339,100,7441.45
Ukraine,2017,11.980302070255,23.2888002154817,45.3211713821499,6.16592909585636,994.07744,0.44878,122.098317497802,8390.3
Ukraine,2018,11.5340215521043,23.2933329813033,47.2421187614947,5.42495174066934,988.07663,0.47113,140.899663976268,9591.79
Ukraine,2019,10.7886004166753,22.5804196823995,42.5012731583918,5.48014872729842,880.55411,0.43384,152.518569076384,13766.38
Ukraine,2020,10.1013826063601,20.7999429657705,40.815261241336,5.85239384495226,846.24846,0.40318,168.220294965657,15062.95
Ukraine,2021,10.2832971524252,23.1537142195647,43.2038968922782,4.51050792257841,774.07275,0.38478,209.946929965551,15639.81
United Kingdom,2013,9.5981044921613,18.592711752238,58.5143208890498,23.5876424891453,4171.80763,1.62096,86.4108900194114,98612.77
United Kingdom,2014,9.44084101572958,18.3478341562377,68.2496476290818,22.2044750130662,4280.79983,2.26488,87.7900213276968,97947.22
United Kingdom,2015,9.38451755587091,18.1397353548933,71.6481714245796,22.3335907744673,4389.5625,2.27566,88.3774875721393,99583.05
United Kingdom,2016,9.13168940843145,17.6677948178206,76.1812352703602,23.5591126028431,4434.65942,2.32051,89.911184784863,100099.61
United Kingdom,2017,9.04234267998333,17.8215277161884,74.0197611871942,22.6194649609659,4472.69458,2.32602,91.2980898191242,100863.84
United Kingdom,2018,9.01545847936897,18.0023660420923,68.9892207680565,22.3331118559009,,2.70889,93.090057795961,101075.46
United Kingdom,2019,8.98151366135499,17.8736338534045,71.7820575556781,23.0942001089205,,2.6707,95.3813117700179,102035.76
United Kingdom,2020,9.08180842652208,17.4957170827215,68.3049140365334,23.0073604990707,,2.93993,100,103341.82
United Kingdom,2021,8.73281920838765,16.9553165949957,62.2455188736128,23.8654057182193,,2.89968,100.711756533859,108095.52
United States,2013,11.7719128367022,19.1988903588794,61.1842460654034,20.188635370966,3815.20951,2.69591,89.9343770048922,427372.54
United States,2014,11.6174420373125,19.2684337605714,61.4220021445613,20.4843982208576,3915.0339,2.70882,91.5006903474734,428017.63
United States,2015,11.6055807430427,18.4967127664639,63.7146529670619,21.3904480368657,3949.66371,2.77328,92.3498559134411,429258.44
United States,2016,11.1581029329942,17.9368724917791,63.2604946594473,22.4192942002286,3897.11007,2.83677,93.2274773497258,431807.73
United States,2017,11.1814907295506,18.3087442284361,61.3709365092424,19.2659699620243,4020.59227,2.88315,94.8969980783401,435377.24
United States,2018,11.2802494089516,18.5195461519261,58.9112087207058,18.4842699258676,4322.78826,2.98956,97.0709841824513,441099.68
United States,2019,10.9764075104612,18.1454838448797,59.1142323221412,18.6853939276571,4367.20971,3.14297,98.6731074507531,442656.75
United States,2020,10.4725237062381,17.2505706989302,60.1797719851552,19.4939761609452,4567.79267,3.41788,100,453889.89
United States,2021,10.5250313827085,17.5751653495616,57.5274298542755,19.9014614131792,4900.77179,3.4689,104.562972826319,471378.18
