Country_Year,Country,Year,zero_inv,pop_mi,v2_bcc_S,v2_bcc_T,v2_bcc_ST,v2_ccr_S,v2_ccr_T,v2_gap,intensiva_S,intensiva_T,extensiva_S,extensiva_T,conversao_ext,conversao_pc,agrupada_S,agrupada_T,super_crs_T,super_crs_ST
Argentina-2013,Argentina,2013,FALSE,42.582,0.1987,0.0387,0.1987,0.0941,0.0158,-0.1599,0.1616,0.0276,0.2321,0.0339,0.0691,0.0814,0.1524,0.006,0.0158,0.0941
Argentina-2016,Argentina,2016,FALSE,43.9,0.2741,0.0261,0.2741,0.2,0.0139,-0.248,0.0749,0.0214,0.2516,0.1019,0.1189,0.1852,0.1904,0.0062,0.0139,0.2012
Argentina-2017,Argentina,2017,FALSE,44.289,0.2691,0.012,0.2691,0.2682,0.0068,-0.257,0.1046,0.0237,0.2438,0.0291,0.0486,1,0.1266,0.0032,0.0068,0.2682
Argentina-2018,Argentina,2018,FALSE,44.655,0.3017,0.0724,0.3065,0.2977,0.0253,-0.2293,0.1388,0.2447,0.2875,0.4056,0.4661,0.4687,0.2559,0.0468,0.0253,0.3054
Argentina-2019,Argentina,2019,FALSE,44.973,0.3712,0.0348,0.3824,0.2569,0.0273,-0.3364,0.3744,0.6012,0.3712,0.5592,0.5592,1,0.1582,0.0315,0.0273,0.2641
Argentina-2020,Argentina,2020,FALSE,45.192,0.2246,0.1549,0.2535,0.2051,0.1344,-0.0697,0.1171,0.0659,0.2028,0.065,0.1297,1,0.0636,0.022,0.1344,0.2256
Argentina-2021,Argentina,2021,FALSE,45.312,0.423,0.0415,0.4306,0.3773,0.0262,-0.3815,0.176,0.1035,0.4121,0.1019,1,1,0.0866,0.0159,0.0262,0.3944
Australia-2013,Australia,2013,FALSE,23.128,1,1,1,1,1,0,1,1,1,1,1,1,1,0.5763,2.3314,3.0968
Australia-2015,Australia,2015,FALSE,23.816,0.6767,1,1,0.5013,1,0.3233,0.955,1,0.6767,0.4965,0.4965,1,0.1553,0.1859,2.2256,2.2256
Australia-2017,Australia,2017,FALSE,24.593,1,1,1,1,1,0,0.533,1,1,1,1,1,0.3197,0.5321,1.2583,1.995
Australia-2019,Australia,2019,FALSE,25.335,1,1,1,0.7124,0.8856,0,0.6702,0.8853,1,0.3982,0.3982,0.8853,0.2006,0.4159,0.8856,1.1405
Austria-2013,Austria,2013,FALSE,8.48,0.2688,0.1369,0.2688,0.2589,0.1178,-0.1319,0.789,0.1379,0.4369,0.0576,0.0715,0.1468,0.2688,0.0454,0.1178,0.2589
Austria-2014,Austria,2014,FALSE,8.546,0.3524,0.2692,0.3785,0.2716,0.2473,-0.0831,0.985,0.0634,0.3524,0.0346,0.0346,0.0634,0.2206,0.0144,0.2473,0.3582
Austria-2015,Austria,2015,FALSE,8.643,0.7225,0.895,0.9274,0.6353,0.5465,0.1725,1,0.3505,0.7225,0.1478,0.1478,0.3505,0.3333,0.0434,0.5465,0.7229
Austria-2016,Austria,2016,FALSE,8.737,0.596,0.3182,0.8221,0.4996,0.2134,-0.2778,0.5088,0.2818,0.596,0.295,0.295,0.4175,0.3069,0.0779,0.2134,0.6589
Austria-2017,Austria,2017,FALSE,8.798,0.6332,0.1754,0.6332,0.5032,0.1084,-0.4578,0.4899,0.115,0.6332,0.1113,0.126,0.1194,0.2067,0.0717,0.1084,0.5569
Austria-2018,Austria,2018,FALSE,8.841,0.4959,0.0864,0.5409,0.1909,0.0346,-0.4095,0.698,0.0577,0.4959,0.045,0.0489,0.0577,0.0945,0.0572,0.0346,0.2099
Austria-2019,Austria,2019,FALSE,8.88,0.5455,0.0367,0.5455,0.1936,0.0158,-0.5089,0.5378,0.0207,0.5455,0.0108,0.0108,0.0207,0.0696,0.0223,0.0158,0.1973
Austria-2020,Austria,2020,FALSE,8.917,0.4999,0.2379,0.6313,0.1762,0.2328,-0.262,1,0.0363,0.4999,0.0165,0.0165,0.0363,0.0599,0.046,0.2328,0.2759
Austria-2021,Austria,2021,FALSE,8.956,0.5678,0.0294,0.5678,0.2228,0.0293,-0.5384,1,0.0261,0.5836,0.0141,0.0141,0.0261,0.0714,0.0285,0.0293,0.2328
Belgium-2013,Belgium,2013,FALSE,11.159,0.2659,0.0242,0.2659,0.2631,0.0226,-0.2418,0.7128,0.0255,0.4484,0.0093,0.014,0.0287,0.2659,0.0055,0.0226,0.2631
Belgium-2016,Belgium,2016,FALSE,11.331,0.2877,0.0308,0.298,0.1218,0.0218,-0.2569,0.3836,0.0204,0.2906,0.0128,0.0144,0.0204,0.0663,0.0067,0.0218,0.1282
Belgium-2017,Belgium,2017,FALSE,11.375,0.2224,0.0089,0.2224,0.1354,0.0072,-0.2135,0.3354,0.0087,0.321,0.003,0.0049,0.0087,0.0397,0.003,0.0072,0.1354
Belgium-2018,Belgium,2018,FALSE,11.427,0.6018,0.0451,0.6181,0.2469,0.0193,-0.5567,0.6999,0.0449,0.6018,0.0348,0.0357,0.0449,0.1263,0.0315,0.0193,0.2541
Brazil-2013,Brazil,2013,FALSE,198.478,0.8647,0.1089,0.8647,0.6186,0.0877,-0.7558,0.1955,0.2057,0.6641,0.4986,0.6046,0.4494,0.7489,0.0247,0.0877,0.6186
Brazil-2014,Brazil,2014,FALSE,200.085,0.5423,0.0962,0.5706,0.5384,0.0926,-0.4462,0.1458,0.1573,0.5314,0.3084,0.3084,0.1821,0.317,0.009,0.0926,0.5646
Brazil-2015,Brazil,2015,FALSE,201.675,0.4062,0.082,0.4062,0.3893,0.0756,-0.3242,0.1061,0.1317,0.4234,0.1575,0.2201,0.2597,0.1102,0.008,0.0756,0.3893
Brazil-2016,Brazil,2016,FALSE,203.218,1,0.1044,1,0.7517,0.1034,-0.8956,0.0434,0.1111,1,1,1,0.8478,0.4636,0.0224,0.1034,0.7826
Brazil-2017,Brazil,2017,FALSE,204.703,0.7155,0.0428,0.7155,0.6477,0.0395,-0.6727,0.0957,0.0997,0.6245,0.1851,0.1903,0.2253,0.1458,0.012,0.0395,0.6477
Brazil-2018,Brazil,2018,FALSE,206.108,0.6907,0.0423,0.6907,0.531,0.0419,-0.6484,0.118,0.1601,0.6581,0.2031,0.2031,0.1909,0.1646,0.0156,0.0419,0.531
Brazil-2019,Brazil,2019,FALSE,207.455,0.4319,0.0422,0.4319,0.3771,0.0419,-0.3897,0.1155,0.0644,0.429,0.0642,0.0646,0.0817,0.1682,0.0118,0.0419,0.3827
Brazil-2020,Brazil,2020,FALSE,208.661,0.4884,0.0329,0.4884,0.3836,0.0327,-0.4555,0.148,0.0348,0.6043,0.04,0.0441,0.063,0.1789,0.0119,0.0327,0.3836
Bulgaria-2018,Bulgaria,2018,FALSE,7.025,0.0938,0.0557,0.121,0.0764,0.052,-0.0381,0.2185,0.0595,0.5456,0.2341,0.2341,0.0734,0.0243,0.0198,0.052,0.1094
Bulgaria-2019,Bulgaria,2019,FALSE,6.976,0.7813,0.1304,0.8325,0.3889,0.0379,-0.6509,0.8258,0.2788,0.8744,0.3467,0.3467,0.2788,0.2033,0.0665,0.0379,0.4126
Bulgaria-2021,Bulgaria,2021,FALSE,6.878,1,1,1,1,0.0706,0,1,0.325,1,1,1,0.325,0.2827,0.0362,0.0706,1.1365
Chile-2014,Chile,2014,FALSE,17.864,1,1,1,0.0757,0.0469,0,1,1,0.613,0.0422,0.0422,1,0.0388,0.0031,0.0469,0.0887
Chile-2015,Chile,2015,TRUE,18.048,0.6152,1,1,0.3699,0.4288,0.3848,1,1,0.616,0.3511,0.3511,1,0.393,0.2629,0.4288,0.4921
Chile-2017,Chile,2017,FALSE,18.559,0.3726,0.0608,0.3726,0.3697,0.0218,-0.3118,0.4368,0.0671,0.3765,0.0371,0.0637,0.0671,0.1128,0.0112,0.0218,0.3697
Chile-2018,Chile,2018,FALSE,18.893,0.1853,0.012,0.1853,0.178,0.0093,-0.1733,0.2445,0.0147,0.3339,0.0146,0.0146,0.0186,0.063,0.0031,0.0093,0.178
Chile-2019,Chile,2019,FALSE,19.198,0.3136,0.0175,0.3136,0.2878,0.0111,-0.2962,0.3199,0.0175,0.3886,0.0128,0.0128,0.0183,0.0873,0.0062,0.0111,0.2878
China-2013,China,2013,FALSE,1363.24,1,0.292,1,1,0.2824,-0.708,0.1979,0.4651,1,1,1,1,1,0.04,0.2824,2.2835
China-2014,China,2014,FALSE,1371.856,1,0.2811,1,1,0.2794,-0.7189,0.2047,0.7261,1,1,1,0.9158,0.885,0.0301,0.2794,3.399
China-2015,China,2015,FALSE,1379.863,1,0.4707,1,1,0.4687,-0.5293,0.1887,0.8078,1,1,1,1,0.8841,0.0476,0.4687,1.9244
China-2016,China,2016,FALSE,1387.795,1,0.5297,1,0.9399,0.5248,-0.4703,0.0896,0.8299,1,1,1,1,0.6247,0.0953,0.5248,1.1505
China-2017,China,2017,FALSE,1396.22,1,0.481,1,1,0.4749,-0.519,0.0971,0.7977,1,1,1,1,0.7617,0.1762,0.4749,2.4164
China-2018,China,2018,FALSE,1402.756,1,0.5344,1,1,0.4607,-0.4656,0.1567,1,1,1,1,1,0.7534,0.3263,0.4607,2.0297
China-2019,China,2019,FALSE,1407.748,1,1,1,1,0.9704,0,0.1918,1,1,1,1,1,1,0.5169,0.9704,1.9651
China-2020,China,2020,FALSE,1411.099,1,1,1,1,1,0,0.2902,1,1,1,1,1,1,0.7774,1.0192,3.7563
China-2021,China,2021,FALSE,1412.362,1,1,1,1,0.4324,0,0.2995,1,1,1,1,1,1,1,0.4324,4.4679
Colombia-2015,Colombia,2015,TRUE,46.97,1,1,1,0.5977,0.0824,0,1,1,0.8556,0.1756,0.1756,1,0.6561,0.0538,0.0824,0.5977
Colombia-2017,Colombia,2017,FALSE,48.131,1,1,1,0.9783,0.0242,0,1,1,0.7508,0.286,0.286,1,0.6009,0.0189,0.0242,0.9783
Colombia-2019,Colombia,2019,FALSE,49.908,0.9338,0.015,0.9338,0.8062,0.0091,-0.9188,0.5073,0.0669,0.6084,0.064,0.064,0.0669,0.3403,0.0101,0.0091,0.8062
Croatia-2015,Croatia,2015,TRUE,4.152,0.3026,0.912,0.9254,0.2021,0.4624,0.6094,0.8647,0.912,1,1,1,0.912,0.183,0.1114,0.4624,0.4939
Croatia-2018,Croatia,2018,FALSE,3.989,0.2153,0.0445,0.2364,0.1682,0.0413,-0.1708,0.6496,0.0815,0.4369,0.0877,0.0877,0.0815,0.1039,0.0386,0.0413,0.1975
Croatia-2019,Croatia,2019,FALSE,3.949,0.4448,0.0386,0.4622,0.3079,0.0193,-0.4063,0.7978,0.0594,0.5078,0.0692,0.0692,0.0594,0.1408,0.0268,0.0193,0.3189
France-2013,France,2013,FALSE,65.998,0.3908,0.0899,0.3908,0.3898,0.0773,-0.3009,0.571,0.1224,0.5309,0.0531,0.0826,0.1569,0.3908,0.0186,0.0773,0.3898
France-2014,France,2014,FALSE,66.312,0.2144,0.0753,0.217,0.2095,0.0708,-0.1391,0.294,0.0758,0.5279,0.0516,0.0666,0.093,0.1669,0.0086,0.0708,0.2152
France-2015,France,2015,FALSE,66.548,0.6201,0.0902,0.6201,0.5178,0.0867,-0.5299,0.6477,0.0945,0.6628,0.0384,0.0474,0.1009,0.202,0.0091,0.0867,0.5178
France-2016,France,2016,FALSE,66.724,0.4764,0.106,0.5097,0.2058,0.1017,-0.3703,0.329,0.1208,0.4764,0.0581,0.0582,0.1208,0.1885,0.0171,0.1017,0.2593
France-2017,France,2017,FALSE,66.918,0.5327,0.0736,0.5327,0.4581,0.0648,-0.4591,0.3061,0.0919,0.6324,0.0331,0.0424,0.0945,0.1809,0.025,0.0648,0.4581
France-2018,France,2018,FALSE,67.158,0.6891,0.0787,0.6891,0.4797,0.0659,-0.6104,0.3422,0.1257,0.707,0.048,0.0494,0.1297,0.198,0.0473,0.0659,0.4797
Greece-2014,Greece,2014,FALSE,10.892,0.1116,0.0501,0.1232,0.1082,0.0345,-0.0615,0.9781,0.0501,1,0.0309,0.0309,0.0502,0.0649,0.002,0.0345,0.112
Greece-2015,Greece,2015,TRUE,10.821,1,0.7052,1,0.7528,0.3576,-0.2948,1,0.7052,1,0.1756,0.1756,0.7052,0.6176,0.0725,0.3576,0.7528
Greece-2016,Greece,2016,FALSE,10.776,0.5221,0.1356,0.5765,0.4004,0.1238,-0.3864,0.5163,0.1356,0.7199,0.1245,0.1245,0.1356,0.258,0.0256,0.1238,0.4491
Greece-2017,Greece,2017,FALSE,10.755,0.3513,0.1691,0.3513,0.3353,0.154,-0.1822,0.3551,0.18,0.7287,0.1359,0.1359,0.1804,0.0663,0.0527,0.154,0.3353
Greece-2018,Greece,2018,FALSE,10.733,1,0.1821,1,0.9678,0.0868,-0.8179,1,0.434,1,0.3046,0.3046,0.434,0.5555,0.1094,0.0868,1.0186
Greece-2019,Greece,2019,FALSE,10.722,0.9986,0.0172,0.9986,0.7684,0.0161,-0.9814,1,0.0488,0.9986,0.0504,0.0504,0.0488,0.321,0.0166,0.0161,0.7684
Greece-2020,Greece,2020,FALSE,10.699,0.9649,0.4284,1,0.6699,0.3559,-0.5365,1,0.0438,0.9649,0.046,0.046,0.0438,0.2905,0.0261,0.3559,0.6699
Greece-2021,Greece,2021,FALSE,10.569,1,0.0592,1,0.8475,0.052,-0.9408,1,0.0334,1,0.0338,0.0338,0.0334,0.1635,0.0281,0.052,0.8777
Hungary-2013,Hungary,2013,TRUE,9.893,1,0.8481,1,0.1591,0.0878,-0.1519,1,0.8481,1,0.1819,0.1819,0.8481,0.198,0.059,0.0878,0.1591
Hungary-2014,Hungary,2014,FALSE,9.866,0.1558,0.1261,0.1751,0.1522,0.115,-0.0297,0.4083,0.0689,0.5035,0.0336,0.0336,0.0689,0.1193,0.0068,0.115,0.1733
Hungary-2015,Hungary,2015,FALSE,9.843,0.0377,0.2352,0.2352,0.0376,0.2154,0.1975,0.2142,0.165,0.338,0.2621,0.2878,0.1655,0.0168,0.0137,0.2154,0.2154
Hungary-2016,Hungary,2016,FALSE,9.814,0.1952,0.1532,0.2968,0.1516,0.148,-0.0421,0.18,0.1528,0.3036,0.1855,0.2017,0.2071,0.0961,0.03,0.148,0.2251
Hungary-2017,Hungary,2017,FALSE,9.788,0.334,0.1181,0.3865,0.3135,0.1138,-0.2158,0.473,0.3792,0.3464,0.3785,0.5261,0.414,0.1466,0.0782,0.1138,0.376
Hungary-2018,Hungary,2018,FALSE,9.776,0.1969,0.0198,0.2061,0.1043,0.0158,-0.177,0.2671,0.0231,0.3103,0.0214,0.022,0.0231,0.0445,0.0141,0.0158,0.107
Hungary-2019,Hungary,2019,FALSE,9.771,0.4669,0.0252,0.4669,0.3471,0.0204,-0.4417,0.5002,0.0595,0.4669,0.0614,0.0614,0.0595,0.1398,0.024,0.0204,0.3566
Hungary-2020,Hungary,2020,FALSE,9.75,0.4738,0.2909,0.4763,0.3953,0.2202,-0.1829,0.6205,0.032,0.4738,0.035,0.035,0.032,0.1678,0.0123,0.2202,0.3953
Hungary-2021,Hungary,2021,FALSE,9.71,0.6381,0.0384,0.6381,0.5454,0.029,-0.5997,0.6065,0.0199,0.6381,0.0203,0.0203,0.0199,0.106,0.0107,0.029,0.5497
India-2013,India,2013,FALSE,1295.827,0.6388,0.0254,0.6388,0.6065,0.0235,-0.6134,0.1314,0.0417,1,0.4108,0.4108,0.1382,0.6288,0.0022,0.0235,0.6065
India-2014,India,2014,FALSE,1312.274,1,0.0287,1,0.7117,0.0168,-0.9713,0.1217,0.0381,1,0.2834,0.2834,0.0528,0.3938,0.001,0.0168,0.7117
India-2015,India,2015,FALSE,1328.026,1,0.0562,1,0.9103,0.0385,-0.9438,0.123,0.0661,1,0.4412,0.4412,0.1577,0.5621,0.0022,0.0385,0.9103
India-2016,India,2016,FALSE,1343.946,1,0.0528,1,1,0.0384,-0.9472,0.0766,0.0784,1,0.3477,0.3477,0.2058,0.9532,0.0032,0.0384,2.3595
India-2017,India,2017,FALSE,1359.66,1,0.0401,1,0.9961,0.0285,-0.9599,0.0722,0.0566,1,0.3106,0.3106,0.1802,0.52,0.0055,0.0285,0.9961
India-2018,India,2018,FALSE,1374.657,1,0.0173,1,1,0.0151,-0.9827,0.0811,0.0291,1,0.1695,0.1695,0.046,0.634,0.0055,0.0151,1.0032
India-2019,India,2019,FALSE,1389.033,1,9e-4,1,1,8e-4,-0.9991,0.1423,0.0019,1,0.0042,0.0042,0.0019,1,2e-4,8e-4,1.9224
India-2020,India,2020,FALSE,1402.617,1,3e-4,1,1,3e-4,-0.9997,0.1752,4e-4,1,0.0017,0.0017,5e-4,0.9749,1e-4,3e-4,1.1695
Indonesia-2013,Indonesia,2013,FALSE,255.852,1,1,1,0.3745,0.0183,0,1,1,1,1,1,1,1,1,0.0183,0.3745
Indonesia-2016,Indonesia,2016,FALSE,264.628,1,1,1,1,0.0088,0,1,1,1,0.1263,0.1263,1,1,0.0034,0.0088,1.9061
Ireland-2016,Ireland,2016,FALSE,4.755,0.0712,0.0898,0.1091,0.0554,0.0807,0.0186,0.5482,0.063,0.2096,0.0193,0.021,0.063,0.0323,0.0089,0.0807,0.1064
Ireland-2018,Ireland,2018,FALSE,4.867,0.1924,0.0256,0.199,0.1402,0.0254,-0.1669,0.5187,0.0262,0.3059,0.0053,0.006,0.0296,0.0425,0.0118,0.0254,0.1404
Israel-2013,Israel,2013,FALSE,8.06,0.0243,0.2385,0.2458,0.019,0.1148,0.2142,0.3511,0.1736,0.1265,0.0794,0.1446,0.1738,0.0242,0.0281,0.1148,0.1192
Israel-2014,Israel,2014,FALSE,8.216,0.1063,0.115,0.1507,0.064,0.075,0.0087,0.3464,0.1137,0.2568,0.0402,0.0737,0.1223,0.0285,0.0191,0.075,0.1106
Israel-2015,Israel,2015,FALSE,8.38,0.0787,0.3311,0.3322,0.0497,0.1699,0.2524,0.3855,0.1689,0.1525,0.0755,0.1472,0.1689,0.0289,0.0335,0.1699,0.1699
Israel-2016,Israel,2016,FALSE,8.546,0.0852,0.0617,0.1177,0.0314,0.0308,-0.0235,0.3518,0.0337,0.0996,0.0119,0.0243,0.0337,0.0321,0.0103,0.0308,0.055
Israel-2017,Israel,2017,FALSE,8.713,0.1526,0.1259,0.1594,0.0723,0.0561,-0.0267,0.3715,0.0856,0.247,0.0269,0.0565,0.0856,0.0364,0.0423,0.0561,0.0925
Israel-2018,Israel,2018,FALSE,8.883,0.1422,0.0659,0.1422,0.0578,0.0319,-0.0764,0.4178,0.0601,0.2393,0.0137,0.0293,0.0601,0.041,0.0396,0.0319,0.076
Israel-2019,Israel,2019,FALSE,9.054,0.0989,0.0777,0.1252,0.0579,0.0338,-0.0212,0.5382,0.0649,0.1178,0.0089,0.018,0.0649,0.0549,0.0409,0.0338,0.0652
Israel-2020,Israel,2020,FALSE,9.215,0.1137,0.076,0.1304,0.0547,0.0242,-0.0377,0.9025,0.0564,0.3077,0.0066,0.0123,0.0564,0.0582,0.044,0.0242,0.0666
Israel-2021,Israel,2021,FALSE,9.371,0.0873,0.0432,0.0873,0.0567,0.0081,-0.0441,0.585,0.0429,0.3741,0.0052,0.0115,0.0429,0.0473,0.0432,0.0081,0.0608
Italy-2013,Italy,2013,FALSE,60.234,0.8204,0.0569,0.8204,0.7143,0.051,-0.7636,0.8121,0.0821,0.8951,0.0446,0.0446,0.0907,0.7745,0.0095,0.051,0.7143
Italy-2014,Italy,2014,FALSE,60.789,1,0.0501,1,1,0.0485,-0.9499,0.7978,0.0691,1,0.0527,0.0527,0.0691,0.5686,0.0052,0.0485,1.4035
Japan-2013,Japan,2013,FALSE,127.445,0.5915,0.5735,0.7872,0.5763,0.357,-0.018,0.428,0.8129,0.5915,0.5078,0.7792,1,0.5915,0.1256,0.357,0.5958
Japan-2014,Japan,2014,FALSE,127.276,1,0.7494,1,0.6643,0.747,-0.2506,0.5586,1,1,1,1,1,0.3507,0.1458,0.747,1.1321
Japan-2015,Japan,2015,FALSE,127.141,0.9434,1,1,0.5852,0.6474,0.0566,0.4243,1,0.9434,1,1,1,0.2351,0.1116,0.6474,0.8382
Japan-2016,Japan,2016,FALSE,127.076,0.5433,1,1,0.198,0.7692,0.4567,0.2144,1,0.5433,1,1,1,0.2201,0.1799,0.7692,0.8465
Japan-2017,Japan,2017,FALSE,126.972,0.9336,0.9369,1,0.5988,0.5669,0.0033,0.2144,1,0.9336,1,1,1,0.239,0.3154,0.5669,0.8389
Japan-2018,Japan,2018,FALSE,126.811,1,0.8455,1,0.5176,0.5447,-0.1545,0.3041,1,1,1,1,1,0.2659,0.4753,0.5447,0.8976
Japan-2019,Japan,2019,FALSE,126.633,0.4685,1,1,0.2979,0.7501,0.5315,0.2382,1,0.4685,0.4429,0.613,1,0.2762,0.5635,0.7501,0.7614
Japan-2020,Japan,2020,FALSE,126.261,0.5886,1,1,0.368,0.5458,0.4114,0.4168,0.7283,0.5886,0.3001,0.444,0.7283,0.2739,0.5681,0.5458,0.7225
Japan-2021,Japan,2021,FALSE,125.682,1,0.3972,1,0.7071,0.1257,-0.6028,0.4317,0.5776,1,0.5776,0.5776,0.5776,0.3313,0.3972,0.1257,0.8046
Luxembourg-2016,Luxembourg,2016,TRUE,0.582,0.4343,1,1,0.1017,1,0.5657,1,1,0.4343,0.526,1,1,0.0778,1,5.4799,5.4799
Luxembourg-2017,Luxembourg,2017,FALSE,0.596,0.1727,1,1,0.1668,1,0.8273,1,0.7014,0.2283,0.4294,1,0.7014,0.0806,0.8988,2.1944,2.1944
Luxembourg-2018,Luxembourg,2018,FALSE,0.608,0.1233,1,1,0.0917,1,0.8767,1,1,0.2147,0.2833,1,1,0.0522,0.9074,9.6672,9.6672
Luxembourg-2019,Luxembourg,2019,FALSE,0.62,0.167,1,1,0.1585,1,0.833,1,1,0.2388,0.3197,1,1,0.0686,1,12.224,12.224
Luxembourg-2020,Luxembourg,2020,FALSE,0.63,0.0452,1,1,0.0323,1,0.9548,1,1,0.2756,0.1535,1,1,0.0135,0.3473,2.8993,2.8993
Luxembourg-2021,Luxembourg,2021,FALSE,0.64,0.0857,1,1,0.0683,1,0.9143,1,1,0.3134,0.394,1,1,0.0178,1,11.3522,11.3522
Malaysia-2014,Malaysia,2014,TRUE,30.696,1,0.6808,1,1,0.5808,-0.3192,1,0.6808,1,0.4782,0.4782,0.6808,1,0.0954,0.5808,1.9411
Malaysia-2015,Malaysia,2015,FALSE,31.233,1,1,1,1,0.7095,0,0.6724,0.7525,1,0.535,0.535,0.7525,0.6685,0.0388,0.7095,1.518
Malaysia-2016,Malaysia,2016,FALSE,31.79,1,0.09,1,1,0.0817,-0.91,0.2206,0.09,1,0.6316,0.6316,0.2955,0.7233,0.0396,0.0817,1.4062
Malaysia-2018,Malaysia,2018,FALSE,32.911,0.9041,0.0204,0.9041,0.4986,0.02,-0.8837,0.5653,0.0454,1,0.049,0.049,0.0454,0.1899,0.0131,0.02,0.4986
Malaysia-2020,Malaysia,2020,FALSE,33.89,1,0.0247,1,0.7966,0.0227,-0.9753,0.6989,0.007,1,0.0071,0.0071,0.007,0.2411,0.0031,0.0227,0.7966
Mexico-2013,Mexico,2013,FALSE,118.343,1,1,1,0.3952,0.2531,0,0.527,0.8286,0.8697,1,1,1,0.7285,0.0811,0.2531,0.4373
Mexico-2014,Mexico,2014,FALSE,119.784,1,1,1,0.7209,0.2543,0,1,1,0.4673,0.6179,0.6179,1,0.6327,0.036,0.2543,0.8228
Mexico-2015,Mexico,2015,FALSE,121.072,1,1,1,0.8005,0.3923,0,0.3666,1,0.4795,1,1,1,0.365,0.0658,0.3923,0.8968
Mexico-2016,Mexico,2016,FALSE,122.251,0.6604,0.8299,0.8486,0.5167,0.3743,0.1695,0.2284,1,0.5394,1,1,1,0.3404,0.0929,0.3743,0.8462
Mexico-2017,Mexico,2017,FALSE,123.4,1,0.6652,1,1,0.1926,-0.3348,0.2992,1,0.6852,0.7192,0.7192,1,0.2552,0.0765,0.1926,1.1271
Mexico-2018,Mexico,2018,FALSE,124.574,1,0.2721,1,1,0.1821,-0.7279,0.3532,1,0.9165,1,1,1,0.5543,0.1862,0.1821,1.7627
Mexico-2019,Mexico,2019,FALSE,125.763,0.5589,0.402,0.6851,0.5253,0.2122,-0.1569,0.2707,0.4054,0.4548,0.2346,0.2346,0.4243,0.3437,0.0676,0.2122,0.5536
Mexico-2020,Mexico,2020,FALSE,126.799,1,0.3815,1,1,0.3473,-0.6185,0.3904,0.4513,0.7231,0.415,0.415,0.4513,0.4413,0.0912,0.3473,1.6061
Mexico-2021,Mexico,2021,FALSE,127.648,1,0.0066,1,1,0.0039,-0.9934,0.4056,0.0164,0.8496,0.0114,0.0114,0.0178,0.3967,0.0051,0.0039,1.2541
Netherlands-2013,Netherlands,2013,FALSE,16.804,0.3983,0.0307,0.3983,0.3976,0.0301,-0.3676,0.8018,0.0338,0.5778,0.0127,0.0168,0.0369,0.398,0.0071,0.0301,0.3976
Netherlands-2014,Netherlands,2014,FALSE,16.865,0.458,0.0279,0.458,0.3846,0.0271,-0.4301,0.9462,0.0213,0.5747,0.0104,0.0104,0.0213,0.2326,0.003,0.0271,0.3846
Netherlands-2015,Netherlands,2015,FALSE,16.94,0.2338,0.0506,0.2341,0.19,0.049,-0.1832,0.6547,0.0418,0.3573,0.0172,0.0213,0.0421,0.0639,0.005,0.049,0.19
Netherlands-2016,Netherlands,2016,FALSE,17.03,0.1745,0.037,0.1872,0.0821,0.0362,-0.1375,0.3779,0.0286,0.1949,0.0112,0.012,0.0286,0.0675,0.0059,0.0362,0.0977
Netherlands-2017,Netherlands,2017,FALSE,17.131,0.2994,0.0145,0.2994,0.2323,0.0127,-0.2849,0.3902,0.0154,0.4468,0.0052,0.0063,0.0155,0.0693,0.0049,0.0127,0.2323
Norway-2013,Norway,2013,FALSE,5.08,0.1771,0.0753,0.1771,0.1528,0.0693,-0.1017,0.8508,0.0727,0.2801,0.0167,0.0326,0.0763,0.1661,0.0189,0.0693,0.1528
Norway-2014,Norway,2014,FALSE,5.137,0.1137,0.1143,0.1628,0.1008,0.1128,6e-4,0.5168,0.0973,0.2293,0.0224,0.0383,0.1081,0.0439,0.0172,0.1128,0.1613
Norway-2016,Norway,2016,FALSE,5.235,0.2829,0.1482,0.3859,0.1937,0.1011,-0.1347,0.4631,0.0928,0.2915,0.0426,0.0697,0.1052,0.1173,0.0331,0.1011,0.255
Norway-2017,Norway,2017,FALSE,5.277,0.1818,0.0275,0.1818,0.1486,0.0256,-0.1543,0.457,0.0237,0.2686,0.0059,0.0088,0.0237,0.0301,0.012,0.0256,0.1486
Norway-2018,Norway,2018,FALSE,5.312,0.3406,0.0712,0.3775,0.1486,0.0431,-0.2694,0.6429,0.0549,0.3517,0.0219,0.025,0.0554,0.0611,0.0452,0.0431,0.1628
Norway-2019,Norway,2019,FALSE,5.348,0.2017,0.042,0.2017,0.1341,0.032,-0.1597,0.6245,0.0318,0.2149,0.0044,0.0073,0.0318,0.0385,0.0171,0.032,0.1434
Peru-2018,Peru,2018,TRUE,31.898,1,1,1,0.3213,0.0556,0,1,1,1,1,1,1,1,1,0.0556,0.3213
Peru-2019,Peru,2019,FALSE,32.449,1,1,1,0.4761,0.0431,0,1,1,1,1,1,1,0.4114,0.1252,0.0431,0.4859
Peru-2020,Peru,2020,FALSE,32.839,1,1,1,0.5051,0.6109,0,1,1,1,1,1,1,0.313,0.2692,0.6109,0.7259
Peru-2021,Peru,2021,FALSE,33.156,1,1,1,1,0.0146,0,1,1,1,1,1,1,0.8829,0.0631,0.0146,1.338
Philippines-2018,Philippines,2018,FALSE,109.465,0.404,0.0064,0.404,0.3545,0.0044,-0.3976,0.1105,0.0356,0.3385,0.0704,0.0821,1,0.2433,0.0052,0.0044,0.3545
Poland-2013,Poland,2013,FALSE,38.04,0.8612,0.1206,0.8612,0.5283,0.0836,-0.7407,0.7665,0.1223,1,0.1418,0.1418,0.1441,0.7176,0.0223,0.0836,0.5283
Poland-2014,Poland,2014,FALSE,38.012,0.7015,0.1964,0.7377,0.6543,0.1836,-0.505,0.7734,0.229,0.7954,0.1883,0.1883,0.229,0.4438,0.0156,0.1836,0.7035
Poland-2015,Poland,2015,FALSE,37.986,0.6062,0.2173,0.6223,0.59,0.179,-0.3889,0.5301,0.2317,0.847,0.2235,0.2235,0.2317,0.1749,0.0244,0.179,0.6109
Poland-2016,Poland,2016,FALSE,37.97,0.9283,0.1329,0.9535,0.6011,0.119,-0.7954,0.3089,0.145,0.9256,0.1905,0.1905,0.2127,0.3631,0.0238,0.119,0.6372
Poland-2017,Poland,2017,FALSE,37.975,0.8715,0.0386,0.8715,0.8358,0.0342,-0.8328,0.2589,0.0457,1,0.0544,0.0544,0.0471,0.1657,0.0118,0.0342,0.8358
Poland-2018,Poland,2018,FALSE,37.975,1,0.0327,1,0.638,0.0321,-0.9673,0.4765,0.1321,1,0.114,0.114,0.1353,0.2896,0.0254,0.0321,0.638
Poland-2019,Poland,2019,FALSE,37.965,0.7597,0.0194,0.7597,0.4956,0.0188,-0.7403,0.3611,0.0231,0.7775,0.0232,0.0232,0.0231,0.1133,0.0112,0.0188,0.4956
Poland-2020,Poland,2020,FALSE,37.899,0.6472,0.0296,0.6472,0.366,0.029,-0.6175,0.4191,0.0087,0.6472,0.0087,0.0087,0.0087,0.1112,0.0057,0.029,0.366
Poland-2021,Poland,2021,FALSE,36.982,1,0.0069,1,0.6399,0.0065,-0.9931,0.5126,0.0136,1,0.0136,0.0136,0.0136,0.1293,0.0049,0.0065,0.6399
Portugal-2014,Portugal,2014,FALSE,10.401,0.4273,0.0903,0.4273,0.4271,0.0844,-0.337,1,0.0643,0.9286,0.0269,0.0269,0.0643,0.2965,0.0058,0.0844,0.4271
Portugal-2015,Portugal,2015,FALSE,10.358,0.5068,0.307,0.5449,0.506,0.2743,-0.1998,1,0.1564,1,0.113,0.113,0.1564,0.2157,0.0258,0.2743,0.5433
Portugal-2016,Portugal,2016,FALSE,10.325,0.5495,0.2597,0.7145,0.4039,0.2567,-0.2898,0.4732,0.2605,0.7307,0.2344,0.2344,0.2605,0.2473,0.0553,0.2567,0.5226
Portugal-2017,Portugal,2017,FALSE,10.3,0.2989,0.0453,0.2989,0.2715,0.0422,-0.2535,0.4415,0.0546,0.7901,0.046,0.046,0.0549,0.0642,0.0127,0.0422,0.2715
Portugal-2018,Portugal,2018,FALSE,10.284,0.329,0.0606,0.3569,0.2292,0.0569,-0.2684,0.461,0.066,0.6999,0.0433,0.0433,0.0743,0.069,0.0277,0.0569,0.2425
Romania-2016,Romania,2016,FALSE,19.702,1,0.1752,1,0.7331,0.0692,-0.8248,0.7569,0.1196,1,0.203,0.203,0.1196,0.7223,0.0293,0.0692,0.7475
Romania-2017,Romania,2017,TRUE,19.589,1,1,1,1,0.0973,0,1,1,1,1,1,1,0.8395,0.2107,0.0973,1.3853
Romania-2018,Romania,2018,TRUE,19.474,1,0.5445,1,1,0.0405,-0.4555,1,0.5445,1,1,1,0.5445,1,0.2167,0.0405,1.2351
Romania-2019,Romania,2019,FALSE,19.372,1,0.0606,1,1,0.0474,-0.9394,1,0.2228,1,0.2327,0.2327,0.2228,0.5766,0.0514,0.0474,1.6124
Romania-2020,Romania,2020,FALSE,19.265,1,1,1,1,0.6692,0,1,0.3189,1,0.3591,0.3591,0.3189,0.626,0.0798,0.6692,1.8651
Romania-2021,Romania,2021,FALSE,19.122,1,0.0778,1,0.9212,0.064,-0.9222,1,0.0792,1,0.0799,0.0799,0.0792,0.2085,0.0544,0.064,0.946
Singapore-2013,Singapore,2013,FALSE,5.399,0.1798,1,1,0.1758,1,0.8202,1,1,0.4932,0.4473,0.4473,1,0.1781,0.2511,1.6464,1.6464
Singapore-2014,Singapore,2014,FALSE,5.47,0.2755,1,1,0.2291,1,0.7245,1,1,0.6837,0.4194,0.4194,1,0.0701,0.215,2.6329,2.6329
Singapore-2015,Singapore,2015,FALSE,5.535,0.1757,1,1,0.1477,0.9841,0.8243,1,0.6609,0.4095,0.2837,0.2837,0.6609,0.0564,0.1006,0.9841,0.9841
Singapore-2016,Singapore,2016,FALSE,5.607,0.2555,1,1,0.14,1,0.7445,1,0.826,0.3832,0.2573,0.2573,0.826,0.0627,0.2144,1.5085,1.5085
Singapore-2017,Singapore,2017,FALSE,5.612,0.3763,1,1,0.2926,1,0.6237,1,1,0.7426,0.3416,0.3416,1,0.0688,0.338,1.6664,1.6664
Singapore-2018,Singapore,2018,FALSE,5.639,0.2646,1,1,0.198,1,0.7354,1,1,0.5628,0.3541,0.3541,1,0.0761,0.6009,1.5583,1.5634
Singapore-2019,Singapore,2019,FALSE,5.704,0.1153,1,1,0.0745,1,0.8847,1,1,0.4498,0.179,0.179,1,0.0777,0.4484,1.0345,1.0345
Slovenia-2018,Slovenia,2018,TRUE,2.074,0.2818,1,1,0.2818,0.2433,0.7182,1,1,0.3172,0.8522,1,1,0.1595,0.5639,0.2433,0.4902
South Africa-2014,South Africa,2014,TRUE,55.595,0.9492,0.1128,0.9492,0.2237,0.0962,-0.8364,0.6048,0.1128,0.2642,0.1434,0.1434,0.1128,0.2437,0.03,0.0962,0.2379
South Africa-2016,South Africa,2016,FALSE,57.26,0.1156,0.0207,0.1204,0.0796,0.0161,-0.0949,0.0532,0.028,0.1786,0.0414,0.0501,0.0949,0.0355,0.0029,0.0161,0.0927
South Africa-2017,South Africa,2017,FALSE,57.635,0.1743,0.0091,0.1743,0.1597,0.0076,-0.1651,0.0477,0.0138,0.2774,0.0238,0.0312,0.1492,0.0366,0.0024,0.0076,0.1597
South Africa-2018,South Africa,2018,FALSE,58.613,0.1936,0.0078,0.1936,0.1574,0.0072,-0.1857,0.0971,0.0147,0.2824,0.0191,0.0217,0.0219,0.0493,0.0036,0.0072,0.1574
South Africa-2019,South Africa,2019,FALSE,59.588,0.1286,0.0023,0.1286,0.1242,0.002,-0.1263,0.0721,0.0024,0.2653,0.0039,0.0039,0.005,0.0603,5e-4,0.002,0.1242
South Africa-2020,South Africa,2020,FALSE,60.562,0.3278,0.02,0.3278,0.2395,0.0193,-0.3077,0.1761,0.0107,0.4425,0.0182,0.0182,0.0174,0.0957,0.0044,0.0193,0.2395
Spain-2013,Spain,2013,FALSE,46.62,0.2361,0.15,0.2751,0.2259,0.1465,-0.0861,0.6646,0.1959,0.53,0.1469,0.1469,0.2229,0.2331,0.0191,0.1465,0.2702
Spain-2014,Spain,2014,FALSE,46.481,0.7554,0.2045,0.8594,0.7474,0.1742,-0.5509,0.6847,0.4221,1,0.2098,0.2098,0.4221,0.1916,0.0249,0.1742,0.8503
Spain-2015,Spain,2015,FALSE,46.445,1,0.2646,1,1,0.2496,-0.7354,0.7613,0.3489,1,0.2436,0.2436,0.3489,0.3358,0.0351,0.2496,1.301
Spain-2016,Spain,2016,FALSE,46.484,0.5277,0.2254,0.602,0.3798,0.2032,-0.3024,0.3326,0.2875,0.5291,0.1757,0.1757,0.2875,0.1966,0.027,0.2032,0.5205
Spain-2017,Spain,2017,FALSE,46.593,1,0.0973,1,0.9428,0.0916,-0.9027,0.3213,0.153,1,0.0978,0.0978,0.1533,0.2188,0.0277,0.0916,0.9428
Spain-2018,Spain,2018,FALSE,46.798,1,0.06,1,0.7491,0.0599,-0.94,0.5757,0.0988,1,0.0872,0.0872,0.0988,0.227,0.0273,0.0599,0.7491
Spain-2019,Spain,2019,FALSE,47.135,0.7499,0.0566,0.7499,0.6316,0.0564,-0.6933,0.4003,0.0581,0.7543,0.0251,0.0251,0.0591,0.2459,0.0163,0.0564,0.639
Spain-2020,Spain,2020,FALSE,47.366,1,0.0544,1,0.6267,0.0543,-0.9456,0.7836,0.0341,1,0.0196,0.0196,0.0341,0.2442,0.0148,0.0543,0.6267
Spain-2021,Spain,2021,FALSE,47.416,1,0.0095,1,0.817,0.0069,-0.9905,0.6226,0.0166,1,0.011,0.011,0.0166,0.2478,0.0095,0.0069,0.8198
Switzerland-2015,Switzerland,2015,FALSE,8.282,0.0848,0.0589,0.0857,0.0722,0.0417,-0.0259,0.6296,0.0301,0.178,0.0082,0.0141,0.0301,0.0496,0.0061,0.0417,0.0773
Ukraine-2013,Ukraine,2013,TRUE,46.127,1,1,1,0.0783,0.155,0,1,1,1,1,1,1,0.1289,0.1278,0.155,0.1666
Ukraine-2014,Ukraine,2014,TRUE,43.701,1,1,1,0.1215,0.8532,0,1,1,1,1,1,1,0.1342,0.2945,0.8532,0.8635
Ukraine-2015,Ukraine,2015,TRUE,43.462,0.3552,1,1,0.2268,0.5071,0.6448,0.1227,1,0.7505,1,1,1,0.2056,0.1723,0.5071,0.5307
Ukraine-2016,Ukraine,2016,TRUE,43.251,1,1,1,0.2854,0.0615,0,1,1,1,1,1,1,0.3266,0.0771,0.0615,0.308
Ukraine-2017,Ukraine,2017,TRUE,43.041,1,1,1,0.5393,0.0181,0,1,1,1,1,1,1,0.4652,0.0425,0.0181,0.5393
Ukraine-2018,Ukraine,2018,FALSE,42.788,0.5646,0.0412,0.5646,0.5642,0.0148,-0.5235,0.2824,0.1402,1,0.4087,0.4087,0.197,0.4845,0.0268,0.0148,0.5642
United Kingdom-2013,United Kingdom,2013,FALSE,64.128,0.2496,0.3076,0.4725,0.248,0.3048,0.058,0.4983,0.3363,0.5661,0.1753,0.1966,0.4219,0.2417,0.0266,0.3048,0.4692
United Kingdom-2014,United Kingdom,2014,FALSE,64.602,0.336,0.1608,0.3513,0.3205,0.1504,-0.1752,0.4094,0.1898,0.5668,0.0904,0.1247,0.2272,0.1981,0.0182,0.1504,0.3508
United Kingdom-2021,United Kingdom,2021,FALSE,67.026,0.5753,0.1058,0.5753,0.4926,0.0379,-0.4695,0.945,0.1051,0.7536,0.0215,0.0271,0.1051,0.3136,0.1058,0.0379,0.4931
United States-2013,United States,2013,FALSE,316.061,0.7111,1,1,0.5258,1,0.2889,0.2615,1,0.7111,1,1,1,0.345,0.117,1.0259,1.3723
United States-2014,United States,2014,FALSE,318.385,0.6943,1,1,0.5167,0.9843,0.3057,0.2311,1,0.6943,1,1,1,0.2883,0.142,0.9843,1.3258
United States-2015,United States,2015,FALSE,320.826,0.7561,1,1,0.5581,1,0.2439,0.2616,1,0.7561,0.9913,1,1,0.2788,0.2015,1.566,1.7733
United States-2016,United States,2016,FALSE,323.072,0.8029,1,1,0.5555,1,0.1971,0.2382,1,0.8029,0.7692,0.959,1,0.2818,0.3127,1.4875,1.6901
United States-2017,United States,2017,FALSE,325.122,0.7822,1,1,0.5699,0.9789,0.2178,0.2552,1,0.7822,0.6588,0.8433,1,0.3168,0.495,0.9789,1.2556
United States-2018,United States,2018,FALSE,326.839,0.7752,1,1,0.5495,0.667,0.2248,0.2955,1,0.7752,0.4744,0.6125,1,0.3954,0.6607,0.667,0.9508
United States-2019,United States,2019,FALSE,328.329,0.752,1,1,0.5324,0.9168,0.248,0.3118,1,0.752,0.3112,0.4143,1,0.4995,0.6856,0.9168,0.9319
United States-2020,United States,2020,FALSE,331.527,0.7787,0.8061,0.8061,0.5011,0.5594,0.0273,0.636,0.8061,0.7787,0.1894,0.2434,0.8061,0.5875,0.6234,0.5594,0.5594
United States-2021,United States,2021,FALSE,332.05,0.6386,0.3491,0.6386,0.4494,0.1062,-0.2895,0.3937,0.3491,0.6386,0.0821,0.1287,0.3491,0.6386,0.3491,0.1062,0.4494
