Country_Year,Country,Year,income,regiao,zero_inv,pop_mi,manuf_pib,manuf_exp,fdh_S,ccr_S,bcc_S,fdh_T,ccr_T,bcc_T,fdh_ST,ccr_ST,bcc_ST,fdh_C,ccr_C,bcc_C,se_S,se_T,se_ST,bcc_S_int,bcc_T_int,bcc_C_int,bcc_S_semzeros,bcc_T_semzeros,bcc_C_semzeros,classe,topsis,sw_S,sw_T,sw_C
Argentina-2013,Argentina,2013,Média-alta,Latin America and the caribbean,FALSE,42.5825,15.0111,31.6132,0.1183,0.061,0.1152,0.0478,0.014,0.0257,0.1183,0.061,0.1152,0.0478,0.0292,0.0328,0.5291,0.5469,0.5291,0.0802,0.0245,0.0353,0.1898,0.0403,0.1681,2,0.4866,0.0902,0.02,0.0239
Argentina-2016,Argentina,2016,Média-alta,Latin America and the caribbean,FALSE,43.9003,13.488,25.648,0.2483,0.0796,0.1455,0.0478,0.0147,0.0267,0.2483,0.0796,0.1455,0.0478,0.0261,0.0319,0.5471,0.551,0.5471,0.0993,0.0268,0.0362,0.2414,0.0466,0.1435,2,0.4866,0.1154,0.0209,0.0235
Argentina-2017,Argentina,2017,Média-alta,Latin America and the caribbean,FALSE,44.2889,12.8352,27.6743,0.2163,0.0738,0.1456,0.0478,0.008,0.0135,0.2163,0.0738,0.1456,0.0478,0.0152,0.0168,0.507,0.5935,0.507,0.0862,0.015,0.0182,0.1529,0.0147,0.0282,2,0.4867,0.1269,0.0106,0.0132
Argentina-2018,Argentina,2018,Média-alta,Latin America and the caribbean,FALSE,44.6549,14.0601,19.4577,0.3129,0.1141,0.1965,0.3347,0.1093,0.1956,1,0.1726,0.2698,0.3347,0.1545,0.2119,0.5806,0.5588,0.6397,0.1366,0.213,0.2645,0.3763,0.4346,0.9612,2,0.4867,0.157,0.1533,0.157
Argentina-2019,Argentina,2019,Média-alta,Latin America and the caribbean,FALSE,44.9735,13.5408,16.5546,0.2079,0.0901,0.1573,0.3825,0.0842,0.1515,0.8284,0.145,0.2007,0.3825,0.1594,0.1835,0.5725,0.556,0.7225,0.1035,0.1682,0.2153,0.1812,0.2078,0.4086,2,0.4867,0.1359,0.1189,0.1407
Argentina-2020,Argentina,2020,Média-alta,Latin America and the caribbean,FALSE,45.1919,14.5905,14.4214,0.2812,0.1042,0.1765,0.4782,0.0461,0.0523,1,0.1169,0.186,0.4782,0.0531,0.0544,0.5903,0.8821,0.6285,0.0862,0.0546,0.0572,0.1765,0.0555,0.0626,2,0.4868,0.1598,0.0432,0.0426
Argentina-2021,Argentina,2021,Média-alta,Latin America and the caribbean,FALSE,45.3123,15.5584,13.5316,0.2887,0.0959,0.1795,0.2869,0.0355,0.0448,0.6665,0.1038,0.1869,0.2869,0.045,0.0481,0.5344,0.7912,0.5552,0.0913,0.048,0.0514,0.1799,0.0478,0.0594,2,0.4868,0.1605,0.0371,0.0385
Australia-2013,Australia,2013,Alta,East Asia and Pacific,FALSE,23.128,6.4748,11.7664,1,0.437,1,1,1,1,1,1,1,1,1,1,0.437,1,1,1,1,1,1,1,1,1,0.487,0.6857,0.619,0.6159
Australia-2015,Australia,2015,Alta,East Asia and Pacific,FALSE,23.8161,6.1619,13.7679,0.495,0.0918,0.3765,1,0.1015,0.167,1,0.1599,0.3951,1,0.1409,0.1765,0.2439,0.6081,0.4047,0.4646,0.1979,0.1979,0.3765,0.167,0.1798,1,0.4875,0.3052,0.1336,0.1433
Australia-2017,Australia,2017,Alta,East Asia and Pacific,FALSE,24.5926,5.6371,11.751,0.9085,0.1188,0.5454,1,0.2879,0.6329,1,0.3359,0.6794,1,0.4278,0.6717,0.2179,0.4549,0.4945,0.5585,0.8319,0.8319,0.5529,0.6329,0.6927,1,0.4883,0.4409,0.4851,0.5236
Australia-2019,Australia,2019,Alta,East Asia and Pacific,FALSE,25.3349,5.4517,11.0489,0.8842,0.1529,0.4993,1,0.2596,0.3172,1,0.3162,0.5911,1,0.2696,0.3172,0.30620000000000003,0.8185,0.535,0.6792,0.5195,0.5195,0.4993,0.3172,0.3172,1,0.4902,0.4097,0.2581,0.2563
Austria-2013,Austria,2013,Alta,Europe and Central Asia,FALSE,8.4798,17.1064,81.3667,0.4634,0.092,0.3275,0.125,0.0232,0.052,0.4634,0.092,0.3275,0.1912,0.0336,0.0596,0.281,0.4473,0.281,0.5454,0.0804,0.0844,0.3844,0.0576,0.0837,2,0.4866,0.2559,0.0381,0.0449
Austria-2014,Austria,2014,Alta,Europe and Central Asia,FALSE,8.5463,17.1868,82.3462,0.4272,0.0719,0.2766,0.0625,0.0064,0.0173,0.4272,0.0719,0.2766,0.0956,0.0145,0.0226,0.2598,0.3704,0.2598,0.4009,0.0282,0.029,0.3137,0.0188,0.0287,2,0.4865,0.2233,0.0129,0.018
Austria-2015,Austria,2015,Alta,Europe and Central Asia,FALSE,8.6427,17.2429,82.8093,0.5327,0.1292,0.4049,0.0937,0.0254,0.0473,0.5327,0.1292,0.4049,0.0937,0.0257,0.0524,0.319,0.5355,0.319,0.7158,0.0712,0.0718,0.4723,0.053,0.0696,2,0.4866,0.3106,0.034,0.0384
Austria-2016,Austria,2016,Alta,Europe and Central Asia,FALSE,8.7367,17.6682,82.8823,0.598,0.0911,0.3736,0.3125,0.0391,0.0989,0.9999,0.1024,0.3736,0.3125,0.0631,0.1132,0.2439,0.3954,0.2741,0.5738,0.1585,0.1585,0.434,0.1074,0.139,2,0.4867,0.295,0.073,0.0862
Austria-2017,Austria,2017,Alta,Europe and Central Asia,FALSE,8.7976,17.4427,82.5986,0.5734,0.086,0.3223,0.1209,0.0261,0.06,0.611,0.0947,0.3223,0.1719,0.0505,0.0732,0.2668,0.4346,0.2939,0.494,0.0898,0.0898,0.3375,0.06,0.0821,2,0.4867,0.2706,0.0456,0.0593
Austria-2018,Austria,2018,Alta,Europe and Central Asia,FALSE,8.8405,17.3211,80.8937,0.5158,0.0781,0.2342,0.1154,0.0179,0.0264,0.6359,0.0809,0.2342,0.1319,0.0249,0.0284,0.3333,0.6784,0.3456,0.4933,0.0314,0.0314,0.2359,0.0264,0.0296,2,0.4868,0.191,0.0216,0.0235
Austria-2019,Austria,2019,Alta,Europe and Central Asia,FALSE,8.8799,17.1023,81.0688,0.2491,0.0908,0.2319,0.0577,0.0065,0.0083,0.2491,0.0912,0.2319,0.0659,0.0079,0.0086,0.3917,0.7924,0.3934,0.5382,0.0126,0.0126,0.2319,0.0083,0.0088,2,0.4869,0.191,0.0068,0.007
Austria-2020,Austria,2020,Alta,Europe and Central Asia,FALSE,8.9169,16.5973,80.3885,0.6483,0.1065,0.2455,0.1428,0.0133,0.0153,0.8071,0.1088,0.2455,0.1428,0.0149,0.0157,0.4338,0.8696,0.4432,0.5971,0.0281,0.0281,0.2455,0.0153,0.016,2,0.4871,0.2056,0.0125,0.0126
Austria-2021,Austria,2021,Alta,Europe and Central Asia,FALSE,8.9558,16.9794,79.3418,0.3391,0.1211,0.2358,0.1332,0.008,0.0084,0.3391,0.1227,0.2358,0.1332,0.0084,0.0085,0.5137,0.9542,0.5202,0.7062,0.0261,0.0261,0.2358,0.0084,0.0086,1,0.4872,0.195,0.0067,0.0067
Belgium-2013,Belgium,2013,Alta,Europe and Central Asia,FALSE,11.1594,12.6644,67.9809,0.5478,0.1001,0.3612,0.011,0.003,0.0079,0.5478,0.1001,0.3612,0.0312,0.0058,0.0095,0.2771,0.3746,0.2771,0.4118,0.0115,0.0119,0.3938,0.0085,0.0112,2,0.4868,0.2993,0.0059,0.0075
Belgium-2016,Belgium,2016,Alta,Europe and Central Asia,FALSE,11.3314,12.2484,75.1573,0.4488,0.0724,0.1886,0.0192,0.0026,0.0035,0.5211,0.0724,0.1886,0.0286,0.0035,0.0037,0.384,0.7604,0.384,0.3324,0.0039,0.0039,0.1886,0.0035,0.0038,2,0.4866,0.1551,0.0029,0.003
Belgium-2017,Belgium,2017,Alta,Europe and Central Asia,FALSE,11.3751,12.4458,74.0483,0.4393,0.0709,0.1272,0.018,9e-4,0.001,0.4393,0.0709,0.1272,0.0286,0.0018,0.002,0.5571,0.9917,0.5571,0.3106,0.0029,0.0029,0.1272,0.001,0.0021,2,0.4863,0.1055,7e-4,0.0016
Belgium-2018,Belgium,2018,Alta,Europe and Central Asia,FALSE,11.427,12.3439,74.4054,0.5861,0.0826,0.2852,0.0769,0.0124,0.0203,0.6805,0.0826,0.2852,0.0879,0.0181,0.0221,0.2898,0.6104,0.2898,0.4593,0.0246,0.0246,0.2891,0.0203,0.023,2,0.4868,0.2344,0.0164,0.0182
Brazil-2013,Brazil,2013,Média-alta,Latin America and the caribbean,FALSE,198.4778,10.4796,32.5715,0.9039,0.1565,0.6066,1,0.3121,0.4817,1,0.3617,0.6066,1,0.3177,0.5571,0.2579,0.648,0.5962,0.1782,0.3162,0.3281,0.6394,0.4986,0.6416,1,0.4865,0.4457,0.3207,0.3855
Brazil-2014,Brazil,2014,Média-alta,Latin America and the caribbean,FALSE,200.0848,10.3371,32.1791,0.8796,0.0767,0.3727,0.3626,0.0423,0.115,0.8796,0.0999,0.3727,0.3626,0.0958,0.1497,0.2057,0.3673,0.2681,0.0899,0.0706,0.1314,0.3842,0.115,0.1596,1,0.4865,0.3033,0.0844,0.1183
Brazil-2015,Brazil,2015,Média-alta,Latin America and the caribbean,FALSE,201.6753,10.5209,34.8652,0.3545,0.0677,0.2473,0.5524,0.0386,0.0535,0.9302,0.0805,0.2495,0.5524,0.0528,0.057,0.2738,0.7216,0.3227,0.0503,0.0462,0.0553,0.2473,0.0535,0.0578,1,0.4866,0.2045,0.0436,0.0465
Brazil-2016,Brazil,2016,Média-alta,Latin America and the caribbean,FALSE,203.2177,10.7865,36.1209,1,0.095,0.4705,0.8681,0.1255,0.3637,1,0.1715,0.4705,0.8681,0.2393,0.4351,0.2018,0.345,0.3644,0.1075,0.1832,0.3766,0.5145,0.3776,0.4703,1,0.487,0.3731,0.2638,0.33
Brazil-2017,Brazil,2017,Média-alta,Latin America and the caribbean,FALSE,204.7031,10.7215,34.8248,0.3811,0.0911,0.2961,0.7981,0.0658,0.0882,1,0.1178,0.3081,0.7981,0.0821,0.0917,0.3078,0.7456,0.3825,0.0605,0.0769,0.0887,0.2961,0.0882,0.0931,1,0.4872,0.2455,0.0723,0.0754
Brazil-2018,Brazil,2018,Média-alta,Latin America and the caribbean,FALSE,206.1076,10.5285,32.3576,0.4654,0.1047,0.3056,1,0.085,0.1019,1,0.1351,0.3286,1,0.0968,0.1039,0.3424,0.8337,0.4113,0.0624,0.0937,0.102,0.3056,0.1019,0.105,1,0.4876,0.2536,0.0831,0.0841
Brazil-2019,Brazil,2019,Média-alta,Latin America and the caribbean,FALSE,207.4551,10.3325,30.1944,0.3128,0.1144,0.2747,0.9295,0.0506,0.0535,0.9295,0.1367,0.2812,0.9864,0.0535,0.0541,0.4165,0.946,0.4862,0.0639,0.0519,0.0535,0.2747,0.0535,0.0545,1,0.4876,0.2263,0.0423,0.0424
Brazil-2020,Brazil,2020,Média-alta,Latin America and the caribbean,FALSE,208.6612,10.6929,25.0396,0.3559,0.1423,0.256,0.9487,0.0371,0.0374,0.9487,0.1669,0.2635,1,0.0412,0.0427,0.5557,0.9911,0.6331,0.0703,0.0324,0.0441,0.256,0.0374,0.0429,1,0.4876,0.2104,0.0281,0.0324
Bulgaria-2018,Bulgaria,2018,Alta,Europe and Central Asia,FALSE,7.025,NA,57.4169,0.6736,0.4893,0.4901,0.3333,0.0438,0.112,0.847,0.5153,0.5181,1,0.0438,0.112,0.9984,0.3916,0.9946,0.1882,0.0313,0.0313,0.4901,0.1289,0.1755,2,0.4867,NA,NA,NA
Bulgaria-2019,Bulgaria,2019,Alta,Europe and Central Asia,FALSE,6.9758,NA,57.8384,0.6107,0.5813,0.5855,0.7911,0.1102,0.1327,0.7925,0.5954,0.5975,0.7911,0.1102,0.1327,0.9928,0.8301,0.9964,0.4045,0.1317,0.1317,0.5855,0.2715,0.2715,2,0.4869,NA,NA,NA
Bulgaria-2021,Bulgaria,2021,Alta,Europe and Central Asia,FALSE,6.8777,NA,58.1857,1,0.7455,0.7504,0.2637,0.0486,0.061,1,0.7455,0.7504,0.2637,0.0486,0.061,0.9934,0.7968,0.9934,0.6299,0.0654,0.0654,1,1,1,2,0.487,NA,NA,NA
Chile-2014,Chile,2014,Alta,Latin America and the caribbean,FALSE,17.8642,9.9205,13.6937,0.3557,0.1805,0.1825,0.0478,0.0051,0.0071,0.3557,0.1817,0.1825,0.0478,0.0051,0.014,0.9886,0.7174,0.9953,0.1337,0.0071,0.0073,0.1825,0.0074,0.0237,2,0.4866,0.158,0.0055,0.0102
Chile-2015,Chile,2015,Alta,Latin America and the caribbean,TRUE,18.0476,10.3989,13.8947,0.7047,0.3265,0.3284,0.1913,0.1907,0.1913,1,0.3982,0.3982,0.1913,0.1907,0.1913,NA,NA,NA,0.4223,0.4101,0.416,NA,NA,NA,2,0.4869,0.251,0.149,0.138
Chile-2017,Chile,2017,Alta,Latin America and the caribbean,FALSE,18.5589,9.1608,12.9662,0.4921,0.2502,0.2535,0.0478,0.0131,0.0133,0.4921,0.2509,0.2535,0.0478,0.0131,0.0133,0.987,0.9825,0.9897,0.2546,0.0158,0.0158,0.2535,0.0173,0.0181,2,0.4868,0.2092,0.0105,0.0101
Chile-2018,Chile,2018,Alta,Latin America and the caribbean,FALSE,18.8932,9.6042,12.9107,0.3588,0.2586,0.2619,0.0478,0.0047,0.0064,0.5019,0.2591,0.2619,0.0478,0.0047,0.0067,0.9876,0.7368,0.9893,0.2014,0.0071,0.0071,0.2619,0.0066,0.0089,2,0.4868,0.2247,0.005,0.0049
Chile-2019,Chile,2019,Alta,Latin America and the caribbean,FALSE,19.1978,8.9767,12.8008,0.421,0.3255,0.3296,0.0478,0.0057,0.0072,0.5019,0.3256,0.3296,0.0478,0.0057,0.0072,0.9873,0.787,0.9876,0.2828,0.0079,0.0079,0.3296,0.0074,0.0078,2,0.4869,0.2804,0.0055,0.0053
China-2013,China,2013,Média-alta,East Asia and Pacific,FALSE,1363.2403,30.1275,94.0382,1,0.1496,1,1,0.3188,1,1,0.3804,1,1,0.4663,1,0.1496,0.3188,0.3804,0.1802,0.4328,0.9607,1,1,1,1,0.5035,0.7442,0.6904,0.694
China-2014,China,2014,Média-alta,East Asia and Pacific,FALSE,1371.8564,29.83,94.0039,1,0.1123,0.8887,0.5794,0.1576,0.1997,1,0.2045,0.8887,0.5794,0.1796,0.2015,0.1263,0.7891,0.2301,0.091,0.1707,0.1995,0.8887,0.1997,0.2015,1,0.5029,0.7528,0.1588,0.1612
China-2015,China,2015,Média-alta,East Asia and Pacific,FALSE,1379.8634,28.389,94.3003,1,0.1029,0.8741,1,0.2509,0.3331,1,0.2862,0.8741,1,0.2979,0.3373,0.1177,0.7532,0.3274,0.0907,0.2813,0.3338,0.8741,0.3331,0.3374,1,0.5052,0.7346,0.2647,0.271
China-2016,China,2016,Média-alta,East Asia and Pacific,FALSE,1387.7955,27.5238,93.7167,1,0.0957,0.6407,1,0.2025,0.208,1,0.2359,0.6407,1,0.2644,0.265,0.1493,0.9735,0.3682,0.0807,0.2026,0.2767,0.6407,0.208,0.2651,1,0.5079,0.564,0.1563,0.2067
China-2017,China,2017,Média-alta,East Asia and Pacific,FALSE,1396.2201,27.5999,93.5117,1,0.1047,0.7548,1,0.4064,0.4295,1,0.4191,0.7548,1,0.4329,0.4344,0.1388,0.9462,0.5553,0.0957,0.4157,0.4345,0.7548,0.4295,0.4345,1,0.5342,0.6568,0.3296,0.3304
China-2018,China,2018,Média-alta,East Asia and Pacific,FALSE,1402.7556,27.3434,93.2388,1,0.1222,0.7655,1,0.4935,0.4936,1,0.5299,0.7655,1,0.6171,0.6176,0.1596,0.9999,0.6922,0.1115,0.4652,0.6284,0.7655,0.4936,0.6177,1,0.5832,0.6613,0.3584,0.4737
China-2019,China,2019,Média-alta,East Asia and Pacific,FALSE,1407.748,26.2595,92.8741,1,0.1432,1,1,0.8328,0.8508,1,0.8369,1,1,0.8409,0.8508,0.1432,0.9788,0.8369,0.149,0.8431,0.8502,1,0.8508,0.8508,1,0.6721,0.8539,0.6224,0.6329
China-2020,China,2020,Média-alta,East Asia and Pacific,FALSE,1411.0987,25.581,93.5417,1,0.1484,1,1,1,1,1,1,1,1,1,1,0.1484,1,1,0.1627,1,1,1,1,1,1,0.7765,0.8406,0.7033,0.7001
China-2021,China,2021,Média-alta,East Asia and Pacific,FALSE,1412.3621,26.6219,93.4459,1,0.1794,1,1,1,1,1,1,1,1,1,1,0.1794,1,1,0.1978,1,1,1,1,1,1,0.8234,0.7769,0.6851,0.6725
Colombia-2015,Colombia,2015,Média-alta,Latin America and the caribbean,TRUE,46.9699,12.4009,23.4345,0.4619,0.4581,0.4581,0.0956,0.0952,0.0956,0.4619,0.4581,0.4581,0.0956,0.0952,0.0956,NA,NA,NA,1,0.298,0.298,NA,NA,NA,2,0.487,0.3389,0.0768,0.0716
Colombia-2017,Colombia,2017,Média-alta,Latin America and the caribbean,FALSE,48.131100000000004,11.4096,20.4602,0.8854,0.5837,0.6028,0.0956,0.065,0.0694,0.8854,0.5837,0.6028,0.0956,0.065,0.0694,0.9682,0.9356,0.9682,0.4334,0.0985,0.0985,0.6453,0.3038,0.3038,2,0.4871,0.5039,0.0526,0.0512
Colombia-2019,Colombia,2019,Média-alta,Latin America and the caribbean,FALSE,49.908,10.9267,21.078,0.5636,0.5257,0.5483,0.0956,0.0307,0.0324,0.5636,0.5262,0.5483,0.0956,0.0307,0.0324,0.9589,0.9487,0.9597,0.327,0.0343,0.0343,0.5483,0.0462,0.0462,2,0.4872,0.4462,0.0258,0.0254
Croatia-2015,Croatia,2015,Alta,Europe and Central Asia,TRUE,4.1517,12.7377,66.5931,1,0.5588,0.6009,0.3308,0.0686,0.0977,1,0.5588,0.6009,0.3308,0.0686,0.0977,NA,NA,NA,0.6708,0.1331,0.1331,NA,NA,NA,2,0.4869,0.5271,0.0738,0.0679
Croatia-2018,Croatia,2018,Alta,Europe and Central Asia,FALSE,3.9888,12.2987,66.5327,0.4743,0.4032,0.4067,0.1652,0.0377,0.0429,0.5236,0.4088,0.41,0.6607,0.0377,0.0429,0.9915,0.8794,0.9968,0.3612,0.0429,0.0429,0.4067,0.0527,0.0527,2,0.4869,0.3505,0.0334,0.0325
Croatia-2019,Croatia,2019,Alta,Europe and Central Asia,FALSE,3.9494,11.9932,67.3407,0.5257,0.3819,0.3859,0.0826,0.0268,0.0288,0.5257,0.3827,0.3859,0.087,0.0268,0.0288,0.9898,0.9308,0.9918,0.3854,0.0366,0.0366,0.3859,0.0516,0.0516,2,0.4869,0.3245,0.0224,0.0218
France-2013,France,2013,Alta,Europe and Central Asia,FALSE,65.998,10.2533,76.9621,1,0.0921,0.5166,0.1002,0.0159,0.0425,1,0.0927,0.5166,0.1002,0.0308,0.0506,0.1783,0.3728,0.1795,0.3232,0.0515,0.0557,0.5208,0.0425,0.0517,1,0.4871,0.4061,0.031,0.0387
France-2014,France,2014,Alta,Europe and Central Asia,FALSE,66.312,10.1815,77.5506,0.3583,0.0785,0.277,0.0602,0.0035,0.0035,0.5357,0.0793,0.277,0.0602,0.0063,0.0064,0.2832,0.9936,0.2862,0.2596,0.009,0.009,0.277,0.0035,0.0064,1,0.4854,0.2352,0.0026,0.0051
France-2015,France,2015,Alta,Europe and Central Asia,FALSE,66.5482,10.3199,78.7323,0.5715,0.0847,0.386,0.0639,0.0095,0.0124,0.5715,0.0855,0.386,0.0639,0.0118,0.0129,0.2193,0.7663,0.2216,0.3112,0.0134,0.0134,0.386,0.0124,0.0129,1,0.4873,0.3131,0.01,0.0104
France-2016,France,2016,Alta,Europe and Central Asia,FALSE,66.7241,10.1652,79.698,0.5617,0.0827,0.3176,0.1205,0.0112,0.0123,0.5617,0.0856,0.3176,0.1205,0.0126,0.0126,0.2603,0.9062,0.2695,0.2752,0.0194,0.0194,0.3176,0.0123,0.0127,1,0.4867,0.2615,0.0097,0.0097
France-2017,France,2017,Alta,Europe and Central Asia,FALSE,66.918,10.0101,79.9472,0.3805,0.0829,0.3026,0.177,0.0118,0.0122,0.6373,0.0879,0.3026,0.177,0.0173,0.0177,0.2739,0.9709,0.2904,0.2749,0.0273,0.0273,0.3026,0.0122,0.0177,1,0.4861,0.2562,0.0093,0.014
France-2018,France,2018,Alta,Europe and Central Asia,FALSE,67.1583,9.8862,79.7942,0.4219,0.0905,0.3309,0.3358,0.0213,0.0218,1,0.1012,0.3309,0.3358,0.0296,0.0302,0.2735,0.9771,0.3059,0.3031,0.0516,0.0516,0.3309,0.0218,0.0303,1,0.4867,0.2808,0.0165,0.0239
Greece-2014,Greece,2014,Alta,Europe and Central Asia,FALSE,10.8924,7.7932,32.5297,0.7087,0.4339,0.4778,0.0263,0.0028,0.0033,0.7087,0.4339,0.4778,0.0263,0.0028,0.0033,0.908,0.8461,0.908,0.3629,0.0041,0.0041,0.4778,0.0033,0.0033,2,0.4867,0.4234,0.0026,0.0025
Greece-2015,Greece,2015,Alta,Europe and Central Asia,TRUE,10.8209,8.294,36.388,0.9076,0.727,0.727,0.0956,0.0944,0.0956,0.9076,0.727,0.727,0.0956,0.0944,0.0956,NA,NA,NA,1,0.1255,0.1255,NA,NA,NA,2,0.4873,0.5395,0.0791,0.0762
Greece-2016,Greece,2016,Alta,Europe and Central Asia,FALSE,10.776,8.1077,37.1171,0.7911,0.3906,0.588,0.1913,0.0316,0.0366,0.7911,0.3923,0.588,0.1913,0.0316,0.0366,0.6642,0.863,0.6672,0.4715,0.0428,0.0428,0.588,0.042,0.042,2,0.4874,0.5203,0.0302,0.03
Greece-2017,Greece,2017,Alta,Europe and Central Asia,FALSE,10.7547,8.0177,35.5452,0.7122,0.3141,0.4041,0.6695,0.033,0.0361,1,0.3307,0.4149,0.6695,0.033,0.0361,0.7774,0.9122,0.797,0.3125,0.0497,0.0497,0.4041,0.0365,0.0365,2,0.4872,0.3572,0.0279,0.0269
Greece-2018,Greece,2018,Alta,Europe and Central Asia,FALSE,10.7329,8.1818,34.3141,1,0.473,0.7698,0.4304,0.11,0.2029,1,0.497,0.7806,0.4304,0.11,0.2029,0.6145,0.5419,0.6366,0.889,0.2757,0.2757,0.9267,0.3353,0.3353,2,0.4875,0.6586,0.1589,0.1569
Greece-2019,Greece,2019,Alta,Europe and Central Asia,FALSE,10.7216,7.8396,37.5045,1,0.374,0.6884,0.1435,0.0219,0.0285,1,0.374,0.6884,0.1435,0.0219,0.0285,0.5433,0.7674,0.5433,0.4912,0.0339,0.0339,0.6957,0.0313,0.0313,2,0.4876,0.6165,0.0235,0.0233
Greece-2020,Greece,2020,Alta,Europe and Central Asia,FALSE,10.6986,8.4273,43.179,1,0.434,0.7764,0.2391,0.0279,0.0337,1,0.4348,0.7764,0.2391,0.0279,0.0337,0.559,0.8265,0.56,0.5932,0.0378,0.0378,0.7764,0.036,0.036,2,0.4878,0.7002,0.028,0.0278
Greece-2021,Greece,2021,Alta,Europe and Central Asia,FALSE,10.5692,8.6656,38.7776,1,0.5413,0.8132,0.3344,0.0186,0.0191,1,0.5427,0.8132,0.3344,0.0186,0.0191,0.6657,0.9747,0.6673,0.7007,0.023,0.023,0.8132,0.02,0.02,2,0.4882,0.7199,0.0153,0.015
Hungary-2013,Hungary,2013,Alta,Europe and Central Asia,TRUE,9.8931,18.7073,81.8974,0.3499,0.3001,0.3001,0.0957,0.0947,0.0957,0.4027,0.3056,0.3056,0.0957,0.0947,0.0957,NA,NA,NA,0.3956,0.0979,0.1406,NA,NA,NA,2,0.4869,0.2229,0.0786,0.0724
Hungary-2014,Hungary,2014,Alta,Europe and Central Asia,FALSE,9.8664,19.4235,83.4911,0.2767,0.1669,0.2403,0.0478,0.0124,0.0154,0.2767,0.1669,0.2403,0.0478,0.013,0.0157,0.6945,0.809,0.6945,0.1765,0.0178,0.0194,0.2431,0.0199,0.0242,2,0.4868,0.2081,0.0126,0.0125
Hungary-2015,Hungary,2015,Alta,Europe and Central Asia,FALSE,9.843,20.2077,85.6088,0.2726,0.163,0.1817,0.2107,0.0218,0.0256,0.6713,0.1776,0.1909,0.2107,0.0237,0.0376,0.8974,0.8496,0.9302,0.1082,0.0234,0.0253,0.1817,0.026,0.0422,2,0.4863,0.1614,0.0199,0.0288
Hungary-2016,Hungary,2016,Alta,Europe and Central Asia,FALSE,9.814,19.5576,87.7871,0.3073,0.1966,0.2503,0.2392,0.0438,0.0472,0.5594,0.2049,0.2539,0.2392,0.0438,0.0472,0.7853,0.9271,0.8069,0.1708,0.053,0.0534,0.2503,0.0562,0.0594,2,0.4869,0.2152,0.0385,0.0371
Hungary-2017,Hungary,2017,Alta,Europe and Central Asia,FALSE,9.7879,19.1034,86.7736,0.3245,0.1731,0.2441,0.287,0.0946,0.1416,1,0.224,0.2748,0.287,0.1127,0.1481,0.7091,0.6679,0.8152,0.2524,0.1811,0.2178,0.2814,0.2515,0.3445,2,0.4868,0.2087,0.1119,0.1127
Hungary-2018,Hungary,2018,Alta,Europe and Central Asia,FALSE,9.7755,18.4028,86.5725,0.3557,0.1683,0.2228,0.1435,0.0098,0.0098,0.3557,0.1703,0.2228,0.1435,0.0098,0.0098,0.7556,0.9951,0.7646,0.1704,0.0107,0.0107,0.2228,0.0104,0.0108,2,0.4869,0.1963,0.0076,0.0073
Hungary-2019,Hungary,2019,Alta,Europe and Central Asia,FALSE,9.7711,17.3262,86.8597,0.48,0.2135,0.3435,0.1913,0.0307,0.0369,0.48,0.2161,0.3435,0.1913,0.0307,0.037,0.6214,0.8313,0.6291,0.2521,0.0418,0.0418,0.3435,0.0418,0.0436,2,0.487,0.305,0.0306,0.0302
Hungary-2020,Hungary,2020,Alta,Europe and Central Asia,FALSE,9.7502,17.274,86.8452,0.5311,0.2288,0.3889,0.0956,0.0167,0.0212,0.5311,0.2291,0.3889,0.0956,0.0167,0.0212,0.5883,0.7905,0.5892,0.2836,0.024,0.0241,0.3921,0.0241,0.025,2,0.4871,0.3458,0.0175,0.0172
Hungary-2021,Hungary,2021,Alta,Europe and Central Asia,FALSE,9.7099,16.527,85.7113,0.5755,0.2401,0.3779,0.0957,0.0095,0.0104,0.5755,0.2401,0.3779,0.0957,0.0095,0.0104,0.6353,0.9109,0.6354,0.3002,0.0113,0.0113,0.3779,0.0112,0.0112,2,0.4871,0.3402,0.0085,0.0083
India-2013,India,2013,Média-baixa,South Asia,FALSE,1295.827,15.253,60.0805,1,0.3685,1,0.5192,0.0714,0.0988,1,0.3778,1,0.5192,0.0714,0.0988,0.3685,0.7226,0.3778,0.0679,0.0347,0.0531,1,0.0988,0.0988,1,0.4911,0.8071,0.0812,0.081
India-2014,India,2014,Média-baixa,South Asia,FALSE,1312.2741,15.0656,62.6143,1,0.4239,0.5907,0.2436,0.0163,0.0166,1,0.429,0.6004,0.2436,0.0163,0.0166,0.7176,0.9821,0.7145,0.0386,0.0029,0.0094,0.5907,0.0167,0.0167,1,0.4882,0.5269,0.0124,0.012
India-2015,India,2015,Média-baixa,South Asia,FALSE,1328.0255,15.5839,68.7632,1,0.4926,0.7149,0.5518,0.0347,0.0353,1,0.5109,0.7376,0.5518,0.0347,0.0353,0.689,0.9833,0.6926,0.0537,0.0135,0.0159,0.7149,0.0353,0.0353,1,0.4924,0.6169,0.0262,0.0253
India-2016,India,2016,Média-baixa,South Asia,FALSE,1343.946,15.1622,71.5142,1,0.5282,1,1,0.0717,0.0742,1,0.5556,1,1,0.0717,0.0742,0.5282,0.9665,0.5556,0.0815,0.0513,0.0596,1,0.0742,0.0742,1,0.4947,0.8122,0.058,0.0578
India-2017,India,2017,Média-baixa,South Asia,FALSE,1359.6596,15.0182,69.6987,1,0.5422,0.7325,1,0.0757,0.0768,1,0.5933,0.7805,1,0.0757,0.0768,0.7402,0.985,0.7602,0.054,0.0133,0.0298,0.7325,0.0769,0.0769,1,0.4883,0.6505,0.0571,0.0551
India-2018,India,2018,Média-baixa,South Asia,FALSE,1374.6565,14.8815,69.2683,1,0.6386,0.8423,1,0.072,0.073,1,0.6847,0.8868,1,0.072,0.073,0.7581,0.9858,0.772,0.0626,0.0133,0.023,0.8423,0.0731,0.0731,1,0.4881,0.7361,0.0542,0.0524
India-2019,India,2019,Média-baixa,South Asia,FALSE,1389.0327,13.4558,71.0205,1,0.6792,1,0.0641,0.0026,0.0026,1,0.6792,1,0.0641,0.0026,0.0026,0.6792,0.9907,0.6792,0.0931,0.0015,0.0015,1,0.0026,0.0026,1,0.4981,0.8103,0.0019,0.0019
India-2020,India,2020,Média-baixa,South Asia,FALSE,1402.6175,14.1205,71.0146,1,1,1,0.0186,0.0014,0.0014,1,1,1,0.0186,0.0014,0.0014,1,0.9852,1,0.0897,2e-4,3e-4,1,0.0014,0.0014,1,0.4639,0.7874,0.001,0.001
Indonesia-2013,Indonesia,2013,Média-alta,East Asia and Pacific,FALSE,255.8524,21.0287,37.1805,0.7708,0.5302,0.542,0.0478,0.0289,0.0301,0.7708,0.5302,0.542,0.0478,0.0289,0.0301,0.9784,0.9576,0.9784,1,1,1,0.543,0.062,0.062,2,0.487,0.4543,0.0231,0.0227
Indonesia-2016,Indonesia,2016,Média-alta,East Asia and Pacific,FALSE,264.6275,20.523,46.8603,1,0.5358,0.8383,0.0956,0.0261,0.0445,1,0.5358,0.8383,0.0956,0.0261,0.0445,0.6391,0.5858,0.6391,1,1,1,0.9894,0.0727,0.0727,2,0.4876,0.7218,0.035,0.0346
Ireland-2016,Ireland,2016,Alta,Europe and Central Asia,FALSE,4.7553,32.6268,87.6083,0.2294,0.1211,0.1606,0.0192,0.0025,0.0027,0.2861,0.1215,0.161,0.0957,0.0037,0.0048,0.7542,0.9303,0.7544,0.3596,0.0135,0.0135,0.1606,0.0027,0.005,2,0.4866,0.1424,0.0021,0.0038
Ireland-2018,Ireland,2018,Alta,Europe and Central Asia,FALSE,4.8673,32.78,88.063,0.2888,0.1297,0.1919,0.0192,0.0025,0.0026,0.3353,0.1298,0.1919,0.0955,0.0029,0.0036,0.6761,0.9538,0.6766,0.4552,0.014,0.014,0.1919,0.0026,0.0037,2,0.4868,0.1682,0.002,0.0028
Israel-2013,Israel,2013,Alta,Middle East and North Africa,FALSE,8.0595,12.9828,92.3856,0.2632,0.0467,0.094,0.0891,0.0068,0.0073,0.4159,0.0488,0.094,0.4476,0.0139,0.0172,0.4971,0.9374,0.5193,0.2646,0.0194,0.0194,0.094,0.0073,0.0179,2,0.4862,0.0789,0.0058,0.0143
Israel-2014,Israel,2014,Alta,Middle East and North Africa,FALSE,8.2157,12.5093,92.6827,0.3094,0.0518,0.1103,0.0594,0.0047,0.0052,0.3852,0.0527,0.1103,0.2985,0.0079,0.0094,0.4699,0.9139,0.4775,0.3063,0.0127,0.0127,0.1103,0.0052,0.0097,2,0.4862,0.0923,0.0042,0.0078
Israel-2015,Israel,2015,Alta,Middle East and North Africa,FALSE,8.3801,12.9237,94.7022,0.3266,0.0521,0.084,0.1498,0.0066,0.0067,0.4486,0.0559,0.0871,0.4383,0.02,0.0236,0.6205,0.9857,0.6424,0.2987,0.0332,0.0332,0.084,0.0067,0.0243,2,0.4858,0.07,0.0051,0.02
Israel-2016,Israel,2016,Alta,Middle East and North Africa,FALSE,8.546,12.0961,92.2555,0.1578,0.0527,0.085,0.0468,0.0018,0.0019,0.1578,0.0532,0.085,0.137,0.0056,0.0065,0.6205,0.9872,0.6258,0.3255,0.0102,0.0102,0.085,0.0019,0.0066,2,0.4857,0.0704,0.0014,0.0055
Israel-2017,Israel,2017,Alta,Middle East and North Africa,FALSE,8.7133,11.5024,93.5918,0.1811,0.0561,0.0891,0.1969,0.0071,0.0072,0.4052,0.0604,0.0928,0.3126,0.0204,0.0232,0.63,0.9883,0.6505,0.3629,0.0419,0.0419,0.0891,0.0072,0.0237,1,0.4856,0.0735,0.0054,0.0195
Israel-2018,Israel,2018,Alta,Middle East and North Africa,FALSE,8.8828,11.6781,92.957,0.129,0.0635,0.0926,0.1038,0.0058,0.0059,0.1338,0.067,0.0965,0.2294,0.016,0.0178,0.6854,0.9852,0.6936,0.4019,0.0392,0.0392,0.0926,0.0059,0.0181,1,0.4849,0.0782,0.0044,0.0149
Israel-2019,Israel,2019,Alta,Middle East and North Africa,FALSE,9.054,11.6355,93.0266,0.1187,0.077,0.1167,0.1092,0.0054,0.0055,0.1774,0.0799,0.1167,0.2092,0.0123,0.0132,0.6603,0.987,0.6846,0.5307,0.0405,0.0405,0.1167,0.0055,0.0134,1,0.4849,0.0972,0.004,0.0109
Israel-2020,Israel,2020,Alta,Middle East and North Africa,FALSE,9.2151,12.3191,91.6477,0.1437,0.0865,0.1365,0.1197,0.0055,0.0056,0.2148,0.0892,0.1365,0.2167,0.0111,0.0118,0.6338,0.988,0.6537,0.561,0.0436,0.0436,0.1365,0.0056,0.0119,1,0.4834,0.116,0.0041,0.0096
Israel-2021,Israel,2021,Alta,Middle East and North Africa,FALSE,9.3714,11.9008,90.3808,0.1581,0.0894,0.1416,0.0896,0.0052,0.0052,0.2167,0.0917,0.1416,0.1198,0.0101,0.0107,0.6308,0.9888,0.6477,0.5591,0.0429,0.0429,0.1416,0.0052,0.0108,1,0.4788,0.123,0.0038,0.0087
Italy-2013,Italy,2013,Alta,Europe and Central Asia,FALSE,60.2339,13.7593,81.6448,1,0.1526,0.7695,0.1091,0.0148,0.0431,1,0.1526,0.7695,0.1091,0.0196,0.0431,0.1983,0.3433,0.1983,0.4531,0.0494,0.0503,0.8387,0.0446,0.045,1,0.488,0.6092,0.0312,0.031
Italy-2014,Italy,2014,Alta,Europe and Central Asia,FALSE,60.7892,13.8362,82.5731,1,0.1516,0.729,0.0661,0.0073,0.0188,1,0.1516,0.729,0.0661,0.01,0.019,0.2079,0.3872,0.2079,0.3832,0.022,0.022,0.7483,0.0188,0.0196,1,0.4882,0.5944,0.0139,0.0141
Japan-2013,Japan,2013,Alta,East Asia and Pacific,FALSE,127.4449,19.1807,87.6099,1,0.0598,0.5915,1,0.1693,0.5078,1,0.1803,0.5915,1,0.3332,0.6293,0.1011,0.3334,0.3048,0.32,0.5245,0.6943,0.5915,0.5078,0.6422,1,0.4824,0.4558,0.354,0.4621
Japan-2014,Japan,2014,Alta,East Asia and Pacific,FALSE,127.2761,19.4078,87.6305,0.9657,0.0448,0.356,1,0.14,0.4318,1,0.1448,0.4318,1,0.4074,0.6425,0.1258,0.3241,0.3354,0.2407,0.5625,0.684,0.356,0.4318,0.652,1,0.4822,0.2714,0.2999,0.495
Japan-2015,Japan,2015,Alta,East Asia and Pacific,FALSE,127.141,20.074,87.2589,1,0.0429,0.2821,1,0.1361,0.3058,1,0.1477,0.3089,1,0.3219,0.389,0.1521,0.4449,0.4783,0.2099,0.375,0.3986,0.2821,0.3058,0.3914,1,0.483,0.2182,0.2276,0.3141
Japan-2016,Japan,2016,Alta,East Asia and Pacific,FALSE,127.0761,20.0278,87.3467,0.4462,0.0386,0.2671,1,0.1487,0.2005,1,0.1565,0.2708,1,0.2162,0.2173,0.1446,0.7417,0.5778,0.1844,0.2272,0.2272,0.2671,0.2005,0.2179,1,0.4838,0.2225,0.1594,0.1678
Japan-2017,Japan,2017,Alta,East Asia and Pacific,FALSE,126.9721,20.1439,86.5886,0.7062,0.0395,0.2843,1,0.2951,0.4391,1,0.2951,0.4391,1,0.4685,0.4861,0.1388,0.672,0.672,0.2032,0.4889,0.4895,0.2843,0.4391,0.4873,1,0.4863,0.2312,0.3455,0.3846
Japan-2018,Japan,2018,Alta,East Asia and Pacific,FALSE,126.8109,20.3304,86.8692,0.5454,0.0445,0.3159,1,0.3702,0.4996,1,0.3702,0.4996,1,0.5283,0.5384,0.1409,0.741,0.741,0.2235,0.5904,0.5904,0.3159,0.4996,0.5394,1,0.4894,0.2642,0.3971,0.4223
Japan-2019,Japan,2019,Alta,East Asia and Pacific,FALSE,126.6329,20.0537,86.6057,0.6186,0.0507,0.3359,1,0.3119,0.3635,1,0.3119,0.3707,1,0.4541,0.4596,0.151,0.858,0.8414,0.2382,0.5821,0.5821,0.3359,0.3635,0.4604,1,0.491,0.2908,0.2858,0.3585
Japan-2020,Japan,2020,Alta,East Asia and Pacific,FALSE,126.2609,19.7836,86.139,0.6484,0.0546,0.3417,1,0.2656,0.2926,1,0.2697,0.3465,1,0.4355,0.4405,0.1598,0.9077,0.7783,0.2488,0.5633,0.5633,0.3417,0.2926,0.4413,1,0.4911,0.2972,0.2279,0.3495
Japan-2021,Japan,2021,Alta,East Asia and Pacific,FALSE,125.6817,19.6764,85.6153,0.7112,0.0579,0.4009,0.8284,0.2646,0.3328,1,0.2712,0.4067,0.8284,0.3427,0.3503,0.1445,0.7951,0.667,0.2799,0.4562,0.4562,0.4009,0.3328,0.3508,1,0.4901,0.3421,0.2652,0.2742
Luxembourg-2016,Luxembourg,2016,Alta,Europe and Central Asia,TRUE,0.582,5.795,79.6818,0.3315,0.1768,0.1793,0.0954,0.0952,0.0954,0.526,0.2175,0.22,1,0.1055,1,NA,NA,NA,1,0.4915,0.4915,NA,NA,NA,2,0.4867,0.1424,0.0715,0.617
Luxembourg-2017,Luxembourg,2017,Alta,Europe and Central Asia,FALSE,0.5963,4.7759,78.0005,0.2688,0.1774,0.1832,0.1434,0.0975,0.1041,0.6834,0.2294,0.2311,0.1434,0.1091,0.1295,0.9683,0.9363,0.9924,1,0.2792,0.2792,0.1959,0.4562,1,2,0.4868,0.1532,0.0789,0.0879
Luxembourg-2018,Luxembourg,2018,Alta,Europe and Central Asia,FALSE,0.6079,4.9592,81.5539,0.2925,0.1751,0.1771,0.4302,0.1279,0.1347,0.7498,0.2235,0.2236,0.4302,0.1279,0.2454,0.9882,0.9495,0.9996,0.8921,0.5217,0.5217,0.1771,0.1685,1,2,0.4868,0.1487,0.1063,0.1718
Luxembourg-2019,Luxembourg,2019,Alta,Europe and Central Asia,FALSE,0.62,5.0428,82.3089,0.336,0.1936,0.1959,0.478,0.1714,0.1759,0.8331,0.2655,0.2673,0.478,0.1714,0.1797,0.9879,0.974,0.9933,1,0.5694,0.5694,0.1959,0.2509,0.3956,2,0.4868,0.1628,0.1375,0.1281
Luxembourg-2020,Luxembourg,2020,Alta,Europe and Central Asia,FALSE,0.6304,4.9261,81.7615,0.4111,0.2589,0.26,0.6214,0.0823,0.1268,1,0.3214,0.3221,0.6214,0.0823,0.1605,0.9959,0.6489,0.9978,0.8492,0.3472,0.3749,0.26,0.1329,0.2832,2,0.4862,0.2277,0.0981,0.1206
Luxembourg-2021,Luxembourg,2021,Alta,Europe and Central Asia,FALSE,0.6401,4.6452,82.0048,0.4901,0.3017,0.3038,1,0.235,0.3578,1,0.4892,0.4907,1,0.235,0.3578,0.9931,0.6569,0.997,1,1,1,0.3038,0.3743,0.5128,2,0.4865,0.2659,0.277,0.26
Malaysia-2014,Malaysia,2014,Média-alta,East Asia and Pacific,TRUE,30.6961,22.8739,61.5701,1,1,1,0.4782,0.4635,0.4782,1,1,1,0.4782,0.4635,0.4782,NA,NA,NA,1,0.4648,0.4648,NA,NA,NA,2,0.488,0.6907,0.4008,0.3931
Malaysia-2015,Malaysia,2015,Média-alta,East Asia and Pacific,FALSE,31.2328,22.2933,66.4149,1,0.456,0.9527,0.8607,0.1272,0.2277,1,0.4939,0.9666,0.8607,0.1272,0.2277,0.4786,0.5586,0.511,0.5156,0.1995,0.201,1,0.241,0.241,2,0.4881,0.8193,0.179,0.1782
Malaysia-2016,Malaysia,2016,Média-alta,East Asia and Pacific,FALSE,31.7897,21.7969,68.018,0.9379,0.3829,0.8453,0.4782,0.0872,0.193,1,0.3912,0.8453,0.4782,0.0872,0.193,0.4529,0.4518,0.4628,0.5208,0.1328,0.1541,1,0.246,0.246,2,0.4878,0.6852,0.1486,0.1483
Malaysia-2018,Malaysia,2018,Média-alta,East Asia and Pacific,FALSE,32.911,21.5281,68.4241,0.8613,0.4503,0.7621,0.0865,0.0235,0.0251,1,0.4526,0.7621,0.0865,0.0235,0.0251,0.5909,0.9361,0.5939,0.3108,0.0255,0.0255,0.7621,0.026,0.026,2,0.4882,0.6818,0.0205,0.0202
Malaysia-2020,Malaysia,2020,Média-alta,East Asia and Pacific,FALSE,33.8895,22.2321,73.126,1,0.5795,0.9542,0.0956,0.0059,0.0063,1,0.5795,0.9542,0.0956,0.0059,0.0063,0.6073,0.9369,0.6073,0.3891,0.0064,0.0064,0.9542,0.0065,0.0065,2,0.4885,0.8547,0.0051,0.005
Mexico-2013,Mexico,2013,Média-alta,Latin America and the caribbean,FALSE,118.3432,18.1028,75.0894,0.4856,0.2262,0.4384,1,0.4477,0.7837,1,0.5049,0.873,1,0.4477,0.7837,0.516,0.5713,0.5783,0.335,0.7434,0.7549,0.7288,1,1,2,0.4871,0.3379,0.5979,0.5844
Mexico-2014,Mexico,2014,Média-alta,Latin America and the caribbean,FALSE,119.7843,18.2289,76.7093,0.5072,0.1807,0.4402,0.6563,0.1782,0.3911,1,0.2764,0.516,0.6563,0.1785,0.3911,0.4105,0.4555,0.5356,0.1709,0.3057,0.3861,0.5277,0.4775,0.5043,2,0.4871,0.3551,0.2997,0.2937
Mexico-2015,Mexico,2015,Média-alta,Latin America and the caribbean,FALSE,121.0719,19.8234,80.852,0.5149,0.1697,0.412,0.5165,0.237,0.4266,0.7853,0.3376,0.5351,1,0.2765,0.4475,0.412,0.5556,0.631,0.1622,0.3854,0.4432,0.442,0.4266,0.5143,2,0.4872,0.351,0.3363,0.3588
Mexico-2016,Mexico,2016,Média-alta,Latin America and the caribbean,FALSE,122.2513,19.8688,80.9065,0.5442,0.1847,0.4335,0.7033,0.3228,0.5278,0.8299,0.4227,0.6152,1,0.3397,0.5452,0.426,0.6116,0.6871,0.1806,0.4986,0.5479,0.4549,0.5278,0.5989,2,0.4873,0.3723,0.4228,0.4419
Mexico-2017,Mexico,2017,Média-alta,Latin America and the caribbean,FALSE,123.3998,20.1618,80.3562,0.5478,0.1951,0.3969,0.7692,0.2541,0.3103,0.8355,0.346,0.49370000000000003,1,0.2541,0.3129,0.4916,0.8188,0.7009,0.1654,0.3163,0.3237,0.3969,0.3152,0.3272,2,0.4874,0.3538,0.2575,0.2581
Mexico-2018,Mexico,2018,Média-alta,Latin America and the caribbean,FALSE,124.5738,20.1894,79.4718,0.6557,0.2836,0.6062,1,0.599,1,1,0.7317,1,1,0.599,1,0.4679,0.599,0.7317,0.2987,1,1,0.6332,1,1,2,0.4876,0.525,0.7874,0.7828
Mexico-2019,Mexico,2019,Média-alta,Latin America and the caribbean,FALSE,125.7628,19.8878,79.9687,0.6012,0.3148,0.43,1,0.1455,0.1534,1,0.4169,0.5105,1,0.1455,0.1534,0.732,0.9485,0.8167,0.2243,0.1735,0.1735,0.43,0.1543,0.1543,2,0.4877,0.3749,0.1188,0.1148
Mexico-2020,Mexico,2020,Média-alta,Latin America and the caribbean,FALSE,126.7986,20.1843,79.1799,1,0.3669,0.646,1,0.3257,0.3592,1,0.4952,0.7495,1,0.3257,0.3592,0.568,0.9069,0.6607,0.2783,0.3708,0.3708,0.646,0.372,0.372,2,0.488,0.5829,0.2956,0.2913
Mexico-2021,Mexico,2021,Média-alta,Latin America and the caribbean,FALSE,127.6483,20.8358,76.5436,0.764,0.4138,0.5483,0.3825,0.0104,0.0112,1,0.4159,0.5508,0.3825,0.0104,0.0112,0.7547,0.9316,0.7551,0.2668,0.0124,0.0124,0.5483,0.0113,0.0113,2,0.4878,0.483,0.0086,0.0083
Netherlands-2013,Netherlands,2013,Alta,Europe and Central Asia,FALSE,16.8044,9.6482,57.0554,0.9086,0.1089,0.4802,0.0218,0.0042,0.012,0.9086,0.1089,0.4802,0.0218,0.0074,0.0137,0.2268,0.3506,0.2268,0.4963,0.0169,0.017,0.5257,0.0127,0.0151,2,0.487,0.3874,0.0088,0.0104
Netherlands-2014,Netherlands,2014,Alta,Europe and Central Asia,FALSE,16.865,9.6623,59.7669,0.8477,0.0988,0.3979,0.0109,0.0016,0.0034,0.8477,0.0988,0.3979,0.0109,0.0026,0.0038,0.2482,0.475,0.2482,0.4244,0.0043,0.0043,0.4088,0.0034,0.004,2,0.487,0.3292,0.0026,0.003
Netherlands-2015,Netherlands,2015,Alta,Europe and Central Asia,FALSE,16.9399,10.1488,62.3743,0.3045,0.0864,0.1779,0.0445,0.0023,0.0024,0.3045,0.0864,0.1779,0.0472,0.0027,0.003,0.4853,0.949,0.4855,0.3409,0.0055,0.0055,0.1779,0.0024,0.003,1,0.4866,0.1453,0.0019,0.0023
Netherlands-2016,Netherlands,2016,Alta,Europe and Central Asia,FALSE,17.0303,10.2669,63.2188,0.1979,0.0933,0.1521,0.0381,0.0017,0.0017,0.1979,0.0934,0.1521,0.0534,0.003,0.0032,0.6135,0.9896,0.6141,0.3621,0.0063,0.0063,0.1521,0.0017,0.0032,1,0.4862,0.1242,0.0013,0.0026
Netherlands-2017,Netherlands,2017,Alta,Europe and Central Asia,FALSE,17.1313,10.55,64.289,0.2014,0.0912,0.1625,0.0317,0.0014,0.0015,0.2014,0.0912,0.1625,0.0445,0.0024,0.0026,0.5612,0.9896,0.5612,0.3697,0.0052,0.0052,0.1625,0.0015,0.0026,1,0.4863,0.1336,0.0011,0.0021
Norway-2013,Norway,2013,Alta,Europe and Central Asia,FALSE,5.0796,6.62,16.4515,0.2516,0.0742,0.2021,0.0312,0.0058,0.0144,0.2516,0.0742,0.2021,0.0478,0.0132,0.0185,0.3671,0.4063,0.3671,0.3848,0.0276,0.0276,0.2338,0.0169,0.0313,2,0.4866,0.165,0.0109,0.0146
Norway-2014,Norway,2014,Alta,Europe and Central Asia,FALSE,5.1372,6.7715,17.6578,0.2086,0.061,0.1364,0.0192,0.0042,0.0051,0.2422,0.0613,0.1364,0.0956,0.0054,0.0054,0.4473,0.8271,0.4492,0.3151,0.0094,0.0094,0.1364,0.0051,0.0058,2,0.4866,0.1191,0.0042,0.0042
Norway-2016,Norway,2016,Alta,Europe and Central Asia,FALSE,5.2345,6.5386,22.9575,0.3108,0.0667,0.202,0.033,0.0098,0.0188,0.3108,0.0667,0.202,0.1434,0.0191,0.0232,0.3299,0.5214,0.3299,0.4247,0.0279,0.0279,0.2129,0.0188,0.0277,2,0.4866,0.1716,0.0148,0.019
Norway-2017,Norway,2017,Alta,Europe and Central Asia,FALSE,5.277,6.3696,19.3683,0.2883,0.0654,0.1351,0.0192,0.0023,0.0025,0.3344,0.0654,0.1351,0.0956,0.0029,0.0036,0.484,0.9102,0.4844,0.4144,0.0073,0.0073,0.1351,0.0025,0.0037,2,0.4865,0.1167,0.0021,0.0029
Norway-2018,Norway,2018,Alta,Europe and Central Asia,FALSE,5.3119,6.0115,16.6206,0.3723,0.0857,0.2022,0.0577,0.01,0.0124,0.4323,0.0867,0.2022,0.1875,0.0123,0.013,0.4236,0.8127,0.4287,0.5399,0.0227,0.0227,0.2022,0.0124,0.0136,2,0.4868,0.1732,0.0102,0.0104
Norway-2019,Norway,2019,Alta,Europe and Central Asia,FALSE,5.3479,6.1448,19.7054,0.4239,0.0985,0.1641,0.0476,0.003,0.0031,0.5271,0.0991,0.1641,0.0714,0.0046,0.0052,0.6002,0.9777,0.6037,0.6154,0.0169,0.0169,0.1641,0.0031,0.0054,2,0.4866,0.1391,0.0023,0.0042
Peru-2018,Peru,2018,Média-alta,Latin America and the caribbean,TRUE,31.8975,13.169,9.3852,1,0.5716,1,1,0.2945,1,1,0.7233,1,1,0.2945,1,NA,NA,NA,0.7367,0.9655,0.9655,NA,NA,NA,2,0.4868,0.5952,0.6347,0.6634
Peru-2019,Peru,2019,Média-alta,Latin America and the caribbean,FALSE,32.4494,12.8494,9.5322,0.5727,0.5142,0.5153,1,0.1688,0.267,1,0.5471,0.6247,1,0.1688,0.267,0.9979,0.6322,0.8758,0.4807,0.2634,0.2634,0.5153,1,1,2,0.4868,0.3907,0.203,0.2026
Peru-2020,Peru,2020,Média-alta,Latin America and the caribbean,FALSE,32.8386,12.2526,9.2954,0.7953,0.73,0.7311,1,0.4228,0.7449,1,0.8704,1,1,0.4228,0.7449,0.9985,0.5677,0.8704,0.4815,0.5025,0.5025,0.7311,1,1,2,0.4869,0.5599,0.5591,0.5475
Peru-2021,Peru,2021,Média-alta,Latin America and the caribbean,FALSE,33.1558,12.0617,8.8674,1,1,1,0.3333,0.0618,0.1104,1,1,1,0.3333,0.0618,0.1104,1,0.56,1,1,0.1035,0.1035,1,1,1,2,0.487,0.6918,0.0814,0.0814
Philippines-2018,Philippines,2018,Média-baixa,East Asia and Pacific,FALSE,109.4652,19.0982,81.891,0.3614,0.2456,0.2975,0.0956,0.0374,0.0448,0.4025,0.2456,0.2975,0.0956,0.0374,0.0448,0.8256,0.8351,0.8256,0.1035,0.0363,0.0507,0.3199,0.0717,0.0825,2,0.4869,0.2495,0.0361,0.0348
Poland-2013,Poland,2013,Alta,Europe and Central Asia,FALSE,38.0402,15.5582,76.6388,0.7484,0.343,0.6928,0.2853,0.0494,0.1133,0.7484,0.343,0.6928,0.2853,0.0494,0.1133,0.4951,0.4358,0.4951,0.4152,0.0983,0.1054,0.8405,0.1525,0.1525,2,0.4875,0.5646,0.0871,0.0865
Poland-2014,Poland,2014,Alta,Europe and Central Asia,FALSE,38.0117,16.9081,77.5986,0.7898,0.2922,0.6646,0.0873,0.0436,0.0697,0.7898,0.2922,0.6646,0.0873,0.0436,0.0697,0.4397,0.6257,0.4397,0.3216,0.0699,0.0712,0.69,0.0697,0.0697,2,0.4876,0.5769,0.0558,0.0556
Poland-2015,Poland,2015,Alta,Europe and Central Asia,FALSE,37.9864,17.6693,78.7542,0.7862,0.3098,0.6038,0.1814,0.0441,0.0495,1,0.318,0.6038,0.1814,0.0441,0.0495,0.513,0.8904,0.5266,0.2575,0.0508,0.0508,0.6038,0.0501,0.0501,2,0.4879,0.5408,0.0408,0.0402
Poland-2016,Poland,2016,Alta,Europe and Central Asia,FALSE,37.9701,18.2752,80.2247,1,0.3205,0.7409,0.1527,0.0544,0.0745,1,0.3266,0.7409,0.1527,0.0544,0.0745,0.4326,0.7302,0.4409,0.3085,0.0763,0.0763,0.7492,0.0745,0.0745,2,0.488,0.646,0.0612,0.061
Poland-2017,Poland,2017,Alta,Europe and Central Asia,FALSE,37.9748,16.8859,79.7937,0.8495,0.2989,0.5985,0.0955,0.0206,0.0232,1,0.3009,0.5985,0.0955,0.0206,0.0232,0.4994,0.8884,0.5027,0.2656,0.024,0.024,0.5985,0.0233,0.0233,2,0.488,0.5334,0.0191,0.0188
Poland-2018,Poland,2018,Alta,Europe and Central Asia,FALSE,37.9748,16.4851,79.9652,1,0.2464,0.629,0.2073,0.054,0.0771,1,0.254,0.6316,0.2073,0.054,0.0771,0.3917,0.6996,0.4021,0.2549,0.0784,0.0784,0.638,0.0771,0.0771,2,0.488,0.5324,0.0634,0.0633
Poland-2019,Poland,2019,Alta,Europe and Central Asia,FALSE,37.9655,16.6615,79.9118,0.8622,0.2141,0.4397,0.1241,0.0167,0.0184,1,0.2164,0.4397,0.1241,0.0167,0.0184,0.4871,0.9076,0.4922,0.2115,0.019,0.019,0.4397,0.0184,0.0184,2,0.4878,0.382,0.015,0.0148
Poland-2020,Poland,2020,Alta,Europe and Central Asia,FALSE,37.8991,16.2084,79.639,0.9,0.2178,0.405,0.0756,0.008,0.0083,1,0.2185,0.405,0.0756,0.008,0.0083,0.5379,0.954,0.5396,0.2151,0.0086,0.0086,0.405,0.0084,0.0084,2,0.4878,0.3475,0.0067,0.0066
Poland-2021,Poland,2021,Alta,Europe and Central Asia,FALSE,36.9815,17.3006,79.4019,1,0.2343,0.5005,0.0561,0.007,0.0078,1,0.2343,0.5005,0.0561,0.007,0.0078,0.4681,0.8937,0.4681,0.2679,0.008,0.008,0.5005,0.0078,0.0078,2,0.4882,0.4317,0.0063,0.0063
Portugal-2014,Portugal,2014,Alta,Europe and Central Asia,FALSE,10.4011,11.8415,74.3001,0.8793,0.3376,0.6108,0.0478,0.0076,0.0099,0.8793,0.3376,0.6108,0.0478,0.0076,0.0099,0.5528,0.7699,0.5528,0.4399,0.0118,0.0118,0.6173,0.0109,0.0109,2,0.4874,0.5464,0.0081,0.0081
Portugal-2015,Portugal,2015,Alta,Europe and Central Asia,FALSE,10.3581,12.2514,74.9535,1,0.4173,0.6602,0.2388,0.0241,0.0266,1,0.4188,0.6602,0.2388,0.0241,0.0266,0.6321,0.9066,0.6343,0.4956,0.0296,0.0296,0.6602,0.0286,0.0286,2,0.4876,0.5947,0.0219,0.0216
Portugal-2016,Portugal,2016,Alta,Europe and Central Asia,FALSE,10.3255,12.2435,76.4452,0.9331,0.3464,0.6002,0.4772,0.0611,0.0737,1,0.3536,0.6009,0.4772,0.0611,0.0737,0.5772,0.829,0.5884,0.4552,0.085,0.085,0.6002,0.0799,0.0799,2,0.4875,0.54,0.0611,0.0607
Portugal-2017,Portugal,2017,Alta,Europe and Central Asia,FALSE,10.3003,12.4309,75.7133,0.9323,0.3479,0.4434,0.2861,0.0099,0.0108,0.9598,0.3502,0.4454,0.2861,0.0099,0.0108,0.7845,0.9091,0.7863,0.3741,0.0178,0.0178,0.4434,0.0109,0.0109,2,0.4872,0.3974,0.0084,0.008
Portugal-2018,Portugal,2018,Alta,Europe and Central Asia,FALSE,10.2838,12.3221,76.0282,0.8477,0.3562,0.4603,0.5239,0.0172,0.0188,1,0.3628,0.4669,0.5239,0.0172,0.0188,0.7737,0.9169,0.7771,0.4073,0.0324,0.0324,0.4603,0.0189,0.0189,2,0.4874,0.4081,0.0144,0.0139
Romania-2016,Romania,2016,Alta,Europe and Central Asia,FALSE,19.7023,20.1243,79.5216,1,0.9073,0.9439,0.0953,0.0589,0.0668,1,0.9073,0.9439,0.0953,0.0589,0.0668,0.9612,0.8818,0.9612,0.7962,0.0918,0.0918,1,0.2609,0.2609,2,0.4874,0.7765,0.0518,0.0504
Romania-2017,Romania,2017,Alta,Europe and Central Asia,TRUE,19.5887,19.8308,80.4775,1,0.8804,0.8821,0.2379,0.237,0.2379,1,0.8995,0.901,0.2379,0.237,0.2379,NA,NA,NA,0.8426,0.37,0.37,NA,NA,NA,2,0.4873,0.6594,0.1887,0.1792
Romania-2018,Romania,2018,Alta,Europe and Central Asia,TRUE,19.4739,19.0699,82.2471,1,1,1,0.2376,0.2366,0.2376,1,1,1,0.2376,0.2366,0.2376,NA,NA,NA,1,0.3781,0.3781,NA,NA,NA,2,0.4875,0.7392,0.1899,0.1805
Romania-2019,Romania,2019,Alta,Europe and Central Asia,FALSE,19.3717,17.2426,81.7211,0.9313,0.8648,0.9174,0.285,0.0999,0.1074,0.9313,0.8715,0.9174,0.285,0.0999,0.1074,0.9427,0.9303,0.9499,0.7635,0.1323,0.1323,0.9184,0.1601,0.1601,2,0.4876,0.745,0.0861,0.0846
Romania-2020,Romania,2020,Alta,Europe and Central Asia,FALSE,19.2652,15.9165,82.3576,1,0.9864,1,0.4275,0.1561,0.1648,1,1,1,0.4275,0.1561,0.1648,0.9864,0.9473,1,0.8439,0.2035,0.2035,1,0.2512,0.2512,2,0.4877,0.8015,0.1309,0.1286
Romania-2021,Romania,2021,Alta,Europe and Central Asia,FALSE,19.122,15.7104,79.0513,1,0.9553,0.9846,0.57,0.0579,0.0707,1,0.9779,0.9912,0.57,0.0579,0.0707,0.9703,0.8182,0.9866,0.6846,0.0684,0.0684,0.9846,0.0725,0.0725,2,0.4877,0.8367,0.0545,0.0528
Singapore-2013,Singapore,2013,Alta,East Asia and Pacific,FALSE,5.3992000000000004,17.6384,67.8319,0.6669,0.185,0.43,0.2864,0.082,0.1093,1,0.2055,0.4536,0.2864,0.082,0.1103,0.4302,0.7497,0.4531,0.8645,0.1339,0.1339,0.4313,0.1093,0.1128,2,0.4874,0.3711,0.0904,0.0911
Singapore-2014,Singapore,2014,Alta,East Asia and Pacific,FALSE,5.4697,17.9998,68.9015,0.6376,0.1944,0.3477,0.3469,0.0456,0.0476,0.9395,0.2121,0.3581,0.3965,0.0456,0.0476,0.5591,0.9571,0.5923,0.8858,0.1278,0.1278,0.3477,0.0482,0.0482,2,0.4875,0.301,0.0383,0.0377
Singapore-2015,Singapore,2015,Alta,East Asia and Pacific,FALSE,5.535,18.0893,74.236,0.6758,0.1917,0.2695,0.2974,0.0225,0.0234,0.8658,0.2062,0.2835,0.3148,0.0225,0.0234,0.7112,0.9628,0.7272,0.8585,0.1028,0.1028,0.2695,0.0234,0.024,2,0.4871,0.2324,0.0176,0.0169
Singapore-2016,Singapore,2016,Alta,East Asia and Pacific,FALSE,5.6073,17.3699,76.4148,0.7315,0.2101,0.3403,0.4883,0.0415,0.0428,1,0.2348,0.3584,0.4883,0.0415,0.0428,0.6173,0.9702,0.655,0.9678,0.1741,0.1741,0.3403,0.0429,0.0429,2,0.4876,0.2924,0.0324,0.0316
Singapore-2017,Singapore,2017,Alta,East Asia and Pacific,FALSE,5.6123,18.4783,74.0906,0.7806,0.2341,0.3302,1,0.0835,0.0859,1,0.2952,0.3823,1,0.0835,0.0859,0.7091,0.9723,0.772,1,0.3983,0.3983,0.3302,0.0862,0.0862,1,0.4877,0.2803,0.0651,0.0629
Singapore-2018,Singapore,2018,Alta,East Asia and Pacific,FALSE,5.6387,20.6144,72.9437,0.9245,0.2811,0.3794,1,0.1468,0.1529,1,0.3962,0.4729,1,0.1468,0.1529,0.741,0.9601,0.8378,1,0.5996,0.5996,0.3794,0.1534,0.1534,1,0.4869,0.3413,0.116,0.1123
Singapore-2019,Singapore,2019,Alta,East Asia and Pacific,FALSE,5.7036,19.3067,74.1911,1,0.3142,0.4086,0.7552,0.105,0.1091,1,0.3942,0.4727,0.7552,0.105,0.1091,0.7689,0.9623,0.834,1,0.4462,0.4462,0.4086,0.1095,0.1095,1,0.4857,0.3702,0.0827,0.0801
Slovenia-2018,Slovenia,2018,Alta,Europe and Central Asia,TRUE,2.0739,20.4062,83.9378,0.6797,0.3113,0.3129,0.1917,0.1911,0.1917,1,0.3882,0.3882,0.1917,0.1911,0.1917,NA,NA,NA,0.98,0.4779,0.4779,NA,NA,NA,2,0.4869,0.2383,0.1498,0.1378
South Africa-2014,South Africa,2014,Média-alta,Sub-Saharan Africa,TRUE,55.5949,12.4807,45.7884,0.2956,0.2094,0.2094,0.1434,0.1408,0.1434,0.6031,0.2442,0.2442,0.1434,0.1408,0.1434,NA,NA,NA,1,1,1,NA,NA,NA,2,0.4868,0.1517,0.1192,0.1074
South Africa-2016,South Africa,2016,Média-alta,Sub-Saharan Africa,FALSE,57.2596,12.4836,47.7084,0.2726,0.1075,0.15,0.1434,0.0073,0.0073,0.2806,0.1096,0.15,0.1434,0.0085,0.0134,0.7168,0.9927,0.7303,0.0441,0.0071,0.0113,0.15,0.0076,0.0148,2,0.4867,0.1335,0.0056,0.0108
South Africa-2017,South Africa,2017,Média-alta,Sub-Saharan Africa,FALSE,57.6351,12.5127,44.0297,0.2899,0.1112,0.1496,0.1434,0.0059,0.0064,0.2985,0.1131,0.1504,0.1434,0.008,0.0122,0.7431,0.9263,0.7516,0.044,0.0055,0.0104,0.1496,0.0065,0.0133,2,0.4867,0.1327,0.0049,0.0098
South Africa-2018,South Africa,2018,Média-alta,Sub-Saharan Africa,FALSE,58.6131,12.457,43.4558,0.3601,0.1465,0.1933,0.1913,0.0087,0.0095,0.3601,0.1495,0.1947,0.1913,0.0088,0.0124,0.7579,0.919,0.7677,0.0588,0.0082,0.0109,0.1933,0.0095,0.0132,2,0.4868,0.1714,0.0073,0.0096
South Africa-2019,South Africa,2019,Média-alta,Sub-Saharan Africa,FALSE,59.588,12.4009,42.9742,0.4441,0.2017,0.2462,0.0478,0.0021,0.0023,0.4441,0.2017,0.2462,0.0478,0.0021,0.0025,0.8195,0.886,0.8195,0.068,0.0012,0.0021,0.2462,0.0024,0.0027,2,0.4867,0.2208,0.0018,0.0018
South Africa-2020,South Africa,2020,Média-alta,Sub-Saharan Africa,FALSE,60.5623,11.725,38.388,0.6273,0.3091,0.3764,0.2869,0.014,0.0153,0.6273,0.3136,0.3798,0.2869,0.014,0.0153,0.821,0.9129,0.8258,0.1092,0.0095,0.0095,0.3764,0.0155,0.0155,2,0.4871,0.3322,0.0118,0.0113
Spain-2013,Spain,2013,Alta,Europe and Central Asia,FALSE,46.6202,10.8663,67.7419,1,0.1711,0.5266,0.2105,0.0279,0.0412,1,0.1742,0.5266,0.2105,0.0285,0.0412,0.325,0.6787,0.3308,0.2809,0.0442,0.0442,0.5276,0.0412,0.0412,1,0.4883,0.4266,0.0335,0.0334
Spain-2014,Spain,2014,Alta,Europe and Central Asia,FALSE,46.4811,10.9976,67.7493,0.5453,0.1789,0.5071,0.3061,0.0357,0.0483,0.5896,0.1835,0.5071,0.3061,0.0357,0.0483,0.3527,0.7395,0.3619,0.2855,0.0517,0.0517,0.5071,0.0483,0.0483,1,0.4884,0.4153,0.0397,0.0395
Spain-2015,Spain,2015,Alta,Europe and Central Asia,FALSE,46.4446,11.0138,70.4263,1,0.2023,0.6993,0.3539,0.0525,0.0851,1,0.2128,0.6993,0.3539,0.0525,0.0851,0.2892,0.6172,0.3043,0.3483,0.093,0.093,0.7065,0.0851,0.0851,1,0.4889,0.5725,0.0687,0.0686
Spain-2016,Spain,2016,Alta,Europe and Central Asia,FALSE,46.4842,10.9528,71.6931,0.5557,0.1776,0.4251,0.4737,0.0365,0.0419,0.921,0.1866,0.4266,0.4737,0.0365,0.0419,0.4178,0.8712,0.4373,0.2782,0.0474,0.0474,0.4251,0.0419,0.0419,1,0.4884,0.3526,0.034,0.0337
Spain-2017,Spain,2017,Alta,Europe and Central Asia,FALSE,46.5934,11.1146,69.7654,0.6296,0.1924,0.4768,0.4923,0.0374,0.0434,0.9573,0.2009,0.4768,0.4923,0.0374,0.0434,0.4035,0.8619,0.4213,0.3097,0.0485,0.0485,0.4768,0.0434,0.0434,1,0.4887,0.396,0.0353,0.035
Spain-2018,Spain,2018,Alta,Europe and Central Asia,FALSE,46.7977,10.7886,67.354,0.6664,0.1938,0.5159,0.4637,0.0371,0.0446,0.9017,0.201,0.5159,0.4637,0.0371,0.0446,0.3756,0.8316,0.3895,0.3237,0.0477,0.0477,0.5159,0.0446,0.0446,1,0.4889,0.4289,0.0365,0.0362
Spain-2019,Spain,2019,Alta,Europe and Central Asia,FALSE,47.1348,10.6967,66.6503,0.4564,0.2206,0.4461,0.293,0.0201,0.021,0.4564,0.2263,0.4461,0.4112,0.0201,0.021,0.4945,0.9577,0.5072,0.3445,0.0335,0.0335,0.4461,0.021,0.021,1,0.4892,0.3646,0.0165,0.0164
Spain-2020,Spain,2020,Alta,Europe and Central Asia,FALSE,47.3655,10.8532,65.9972,0.5072,0.244,0.4951,0.2675,0.0183,0.0191,0.5072,0.2482,0.4951,0.3753,0.0183,0.0191,0.4928,0.9573,0.5014,0.3811,0.0282,0.0282,0.4951,0.0191,0.0191,1,0.4897,0.4047,0.015,0.015
Spain-2021,Spain,2021,Alta,Europe and Central Asia,FALSE,47.4156,11.2561,64.852,0.5618,0.25,0.4484,0.1719,0.0077,0.0078,0.5618,0.2515,0.4484,0.2413,0.0077,0.0078,0.5575,0.9898,0.5609,0.3869,0.0163,0.0163,0.4484,0.0078,0.0078,1,0.4896,0.3688,0.0059,0.0057
Switzerland-2015,Switzerland,2015,Alta,Europe and Central Asia,FALSE,8.2824,17.8568,68.6635,0.1004,0.0566,0.0983,0.0192,7e-4,7e-4,0.1501,0.0566,0.0983,0.0286,0.002,0.0022,0.5757,0.992,0.5757,0.5146,0.006,0.006,0.0983,7e-4,0.0022,1,0.4851,0.0803,5e-4,0.0018
Ukraine-2013,Ukraine,2013,Média-alta,Europe and Central Asia,TRUE,46.127,11.1406,57.4241,0.3844,0.1996,0.202,0.526,0.5251,0.526,0.9657,0.5653,0.5653,0.526,0.5257,0.526,NA,NA,NA,0.2066,0.6373,0.9535,NA,NA,NA,2,0.4868,0.1594,0.3975,0.3475
Ukraine-2014,Ukraine,2014,Média-alta,Europe and Central Asia,TRUE,43.7014,12.2281,53.5917,0.3733,0.2388,0.2453,1,1,1,1,1,1,1,1,1,NA,NA,NA,0.1861,1,1,NA,NA,NA,2,0.4868,0.2054,0.6981,0.6103
Ukraine-2015,Ukraine,2015,Média-alta,Europe and Central Asia,TRUE,43.4625,11.9028,48.771,0.5543,0.4101,0.4262,1,0.624,0.6915,1,0.8517,0.8786,1,0.624,0.6915,NA,NA,NA,0.2804,0.5817,0.5817,NA,NA,NA,2,0.4869,0.3695,0.5005,0.4679
Ukraine-2016,Ukraine,2016,Média-alta,Europe and Central Asia,TRUE,43.2511,12.2191,46.2425,0.7632,0.6852,0.726,1,0.2486,0.3308,1,0.7885,0.8564,1,0.2486,0.3308,NA,NA,NA,0.4407,0.256,0.256,NA,NA,NA,2,0.4869,0.6473,0.2489,0.2332
Ukraine-2017,Ukraine,2017,Média-alta,Europe and Central Asia,TRUE,43.0408,11.9803,45.3212,1,0.9391,1,0.6315,0.1294,0.1815,1,0.9391,1,0.6315,0.1294,0.1815,NA,NA,NA,0.6198,0.1396,0.1396,NA,NA,NA,2,0.487,0.8816,0.1373,0.1309
Ukraine-2018,Ukraine,2018,Média-alta,Europe and Central Asia,FALSE,42.7881,11.534,47.2421,1,1,1,0.9982,0.1762,0.2189,1,1,1,0.9982,0.1762,0.2189,1,0.8046,1,0.276,0.1219,0.1351,1,0.9175,0.9175,2,0.4871,0.8526,0.1702,0.1669
United Kingdom-2013,United Kingdom,2013,Alta,Europe and Central Asia,FALSE,64.1282,9.5981,58.5143,0.9379,0.0985,0.4583,0.2782,0.0317,0.0466,1,0.1049,0.4583,0.2782,0.0402,0.0481,0.2149,0.6786,0.229,0.3303,0.052,0.052,0.4583,0.0466,0.0484,1,0.4882,0.3704,0.0374,0.0389
United Kingdom-2014,United Kingdom,2014,Alta,Europe and Central Asia,FALSE,64.6022,9.4408,68.2496,0.4014,0.0745,0.3175,0.1241,0.0097,0.0107,0.6,0.077,0.3175,0.1241,0.0115,0.0117,0.2348,0.9057,0.2426,0.3022,0.0194,0.0194,0.3175,0.0107,0.0118,1,0.486,0.2655,0.0085,0.009
United Kingdom-2021,United Kingdom,2021,Alta,Europe and Central Asia,FALSE,67.0264,8.7328,62.2455,1,0.1439,0.5511,0.7512,0.0215,0.0215,1,0.1585,0.5511,0.7512,0.0261,0.0263,0.2611,0.9978,0.2877,0.6992,0.1051,0.1051,0.5511,0.0215,0.0263,1,0.487,0.4601,0.0154,0.0197
United States-2013,United States,2013,Alta,North America,FALSE,316.0605,11.7719,61.1842,0.3407,0.0334,0.3297,0.0508,0.0372,0.0404,0.3407,0.0532,0.3297,0.5168,0.1123,0.1128,0.1014,0.9208,0.1614,0.1962,0.1163,0.1163,0.3297,0.0404,0.1129,1,0.4589,0.2805,0.0296,0.091
United States-2014,United States,2014,Alta,North America,FALSE,318.3855,11.6174,61.422,0.3122,0.0337,0.2773,0.0413,0.0298,0.0371,0.3122,0.054,0.2773,0.6332,0.1322,0.1328,0.1216,0.8047,0.1947,0.1965,0.1414,0.1414,0.2773,0.0371,0.1329,1,0.4478,0.2251,0.0261,0.1092
United States-2015,United States,2015,Alta,North America,FALSE,320.8263,11.6056,63.7147,0.3393,0.0347,0.2651,0.0591,0.0382,0.0472,0.3393,0.0625,0.2651,0.9074,0.1743,0.175,0.1309,0.8092,0.2356,0.2071,0.2012,0.2012,0.2651,0.0472,0.1751,1,0.439,0.2084,0.033,0.1448
United States-2016,United States,2016,Alta,North America,FALSE,323.072,11.1581,63.2605,0.2756,0.0359,0.2756,0.0715,0.0559,0.0715,0.2756,0.0779,0.2756,1,0.2533,0.2541,0.1301,0.7817,0.2825,0.2191,0.3125,0.3125,0.2756,0.0715,0.2543,1,0.4376,0.2151,0.05,0.2104
United States-2017,United States,2017,Alta,North America,FALSE,325.1223,11.1815,61.3709,0.3168,0.0395,0.3168,0.1139,0.0846,0.1139,0.3168,0.104,0.3168,1,0.3512,0.3522,0.1248,0.7422,0.3285,0.2487,0.495,0.495,0.3168,0.1139,0.3523,1,0.4448,0.2475,0.0798,0.2897
United States-2018,United States,2018,Alta,North America,FALSE,326.8387,11.2802,58.9112,0.3954,0.0462,0.3954,0.1529,0.0997,0.1529,0.3954,0.1274,0.3954,1,0.3776,0.3783,0.1169,0.6519,0.3223,0.2854,0.6607,0.6607,0.3954,0.1529,0.3784,1,0.4028,0.312,0.1079,0.309
United States-2019,United States,2019,Alta,North America,FALSE,328.3293,10.9764,59.1142,0.4995,0.0541,0.4995,0.1594,0.0961,0.1594,0.4995,0.1322,0.4995,0.9215,0.3115,0.3119,0.1082,0.6033,0.2647,0.3101,0.6856,0.6856,0.4995,0.1594,0.3119,1,0.2765,0.3964,0.113,0.2485
United States-2020,United States,2020,Alta,North America,FALSE,331.5273,10.4725,60.1798,0.5875,0.0594,0.5875,0.1463,0.0825,0.1463,0.5875,0.1262,0.5875,0.454,0.2432,0.2433,0.1011,0.5638,0.2148,0.3896,0.6234,0.6234,0.5875,0.1463,0.2433,1,0.3592,0.4658,0.1035,0.1873
United States-2021,United States,2021,Alta,North America,FALSE,332.0497,10.525,57.5274,0.6386,0.0611,0.6386,0.0821,0.0438,0.0821,0.6386,0.0959,0.6386,0.2547,0.1255,0.1255,0.0957,0.5332,0.1502,0.3662,0.3491,0.3491,0.6386,0.0821,0.1255,1,0.2257,0.5086,0.0584,0.0954
