DMU,bcc_ST,peers
Argentina-2013,0.11522490313207993,India-2013; Malaysia-2014; Romania-2020
Argentina-2016,0.14552618766743744,India-2013; Malaysia-2014; Romania-2020
Argentina-2017,0.1455907939504871,India-2013; Malaysia-2014; Romania-2020
Argentina-2018,0.26982014757266243,China-2013; Malaysia-2014; Mexico-2018; Ukraine-2014
Argentina-2019,0.2007032746019566,China-2020; Malaysia-2014; Mexico-2018; Romania-2018
Argentina-2020,0.18595031462227077,China-2020; India-2013; India-2016; Romania-2020
Argentina-2021,0.1868747478727683,China-2020; India-2013; Malaysia-2014; Romania-2020
Australia-2013,1,Australia-2013
Australia-2015,0.39510301404003323,China-2013; China-2020; India-2013; Malaysia-2014
Australia-2017,0.6793930384058422,China-2013; China-2020; India-2013; Malaysia-2014
Australia-2019,0.5911152053119346,China-2013; China-2020; India-2013; India-2016
Austria-2013,0.32745465256476153,Australia-2013; China-2013; Malaysia-2014
Austria-2014,0.27661568530756586,China-2013; India-2013; Malaysia-2014
Austria-2015,0.4049010638808349,Australia-2013; China-2013; Malaysia-2014
Austria-2016,0.3736455694398628,Australia-2013; China-2013; Malaysia-2014
Austria-2017,0.3222554940970116,China-2013; India-2013; Malaysia-2014
Austria-2018,0.23419993202707398,China-2013; India-2013; Malaysia-2014
Austria-2019,0.23185089506105871,India-2013; India-2016; Romania-2020
Austria-2020,0.2455118423962758,India-2013; India-2016; Romania-2020
Austria-2021,0.2358058492064869,India-2013; India-2016; Romania-2020
Belgium-2013,0.3611869463424978,China-2013; India-2013; Malaysia-2014
Belgium-2016,0.1885544236603826,India-2013; India-2016; Romania-2020
Belgium-2017,0.1271851524313538,India-2016; India-2019; Romania-2020
Belgium-2018,0.2851501305188508,China-2013; India-2013; Malaysia-2014
Brazil-2013,0.606622482259813,Australia-2013; China-2013; Malaysia-2014
Brazil-2014,0.372728823770303,China-2013; India-2013; Malaysia-2014
Brazil-2015,0.24954695983944858,China-2013; China-2020; India-2013; India-2016
Brazil-2016,0.4705255614118565,China-2013; India-2013; Malaysia-2014
Brazil-2017,0.30812348624320035,China-2013; China-2020; India-2013; India-2016
Brazil-2018,0.32857337505483103,China-2013; China-2020; India-2013; India-2016
Brazil-2019,0.28116708844065924,China-2013; China-2020; India-2016; India-2019
Brazil-2020,0.26354479269944037,China-2013; China-2020; India-2016; India-2019
Bulgaria-2018,0.5180534029824359,China-2021; Peru-2021; Romania-2020
Bulgaria-2019,0.5975402004347081,China-2021; Peru-2021; Romania-2020; Ukraine-2018
Bulgaria-2021,0.7503858721165878,Romania-2018; Ukraine-2017; Ukraine-2018
Chile-2014,0.18254504423590526,India-2020; Peru-2021; Romania-2020
Chile-2015,0.39817834785697914,Malaysia-2014; Romania-2018; Ukraine-2014
Chile-2017,0.2534620952464342,India-2020; Peru-2021; Romania-2020
Chile-2018,0.26190005968048724,India-2020; Peru-2021; Romania-2020
Chile-2019,0.3296377937083872,India-2020; Peru-2021; Romania-2020
China-2013,1,China-2013
China-2014,0.8886777616930247,China-2013; China-2019; India-2019
China-2015,0.874116111558393,China-2013; China-2019
China-2016,0.6406863097018856,China-2013; China-2019; India-2019
China-2017,0.7548235409565279,China-2013; China-2019; India-2019
China-2018,0.7655121933321553,China-2020; China-2021; India-2019
China-2019,1,China-2019
China-2020,1,China-2020
China-2021,1,China-2021
Colombia-2015,0.45811070386969893,Malaysia-2014; Romania-2018
Colombia-2017,0.6028402506637037,Romania-2018; Romania-2020; Ukraine-2018
Colombia-2019,0.548250078521714,India-2013; India-2016; Romania-2020
Croatia-2015,0.600938068607994,Peru-2018; Ukraine-2017
Croatia-2018,0.4100481146883037,China-2021; Peru-2021; Romania-2020
Croatia-2019,0.3858519803641156,India-2020; Peru-2021; Romania-2020
France-2013,0.5165672934857887,China-2013; India-2013; Malaysia-2014
France-2014,0.2770355840575533,China-2013; China-2019; India-2019
France-2015,0.385980440600771,China-2013; India-2016; India-2019
France-2016,0.31756272272870895,China-2013; China-2019; India-2019
France-2017,0.30262677698626583,China-2013; China-2019; India-2019
France-2018,0.3308740677143668,China-2013; China-2019; India-2019
Greece-2014,0.47781535564752264,India-2019; India-2020; Romania-2020
Greece-2015,0.726983201827006,Malaysia-2014; Romania-2018
Greece-2016,0.5880235064881125,India-2013; India-2016; Romania-2020
Greece-2017,0.41487871603945264,China-2020; India-2016; India-2019; Romania-2020
Greece-2018,0.7806061643382514,China-2020; Malaysia-2014; Romania-2018; Romania-2020
Greece-2019,0.6884443224244761,India-2013; Malaysia-2014; Romania-2020
Greece-2020,0.7764367271042292,India-2013; India-2016; Romania-2020
Greece-2021,0.8132267481001526,India-2016; India-2019; Romania-2020
Hungary-2013,0.30563715427966837,Malaysia-2014; Romania-2018; Ukraine-2014
Hungary-2014,0.24033167414925002,India-2013; Malaysia-2014; Romania-2020
Hungary-2015,0.19086874411228633,China-2021; India-2019; India-2020; Romania-2020
Hungary-2016,0.2539141338013369,China-2020; India-2013; India-2016; Romania-2020
Hungary-2017,0.27482169080011626,China-2020; Malaysia-2014; Mexico-2018; Romania-2018
Hungary-2018,0.2227999546481972,India-2016; India-2019; Romania-2020
Hungary-2019,0.34353012165643465,India-2013; India-2016; Romania-2020
Hungary-2020,0.3889332239836404,India-2013; Malaysia-2014; Romania-2020
Hungary-2021,0.37791683102078616,India-2013; India-2016; Romania-2020
India-2013,1,India-2013
India-2014,0.6004168726788379,China-2021; India-2019; India-2020; Romania-2020
India-2015,0.7376445320960101,China-2021; India-2019; India-2020; Romania-2020
India-2016,1,India-2016
India-2017,0.7805216189379638,China-2021; India-2019; India-2020; Romania-2020
India-2018,0.8868474458438272,China-2021; India-2019; India-2020; Romania-2020
India-2019,1,India-2019
India-2020,1,India-2020
Indonesia-2013,0.5419517755678712,Romania-2018; Romania-2020; Ukraine-2018
Indonesia-2016,0.8383065181745186,Malaysia-2014; Romania-2018; Romania-2020
Ireland-2016,0.16102748745080356,China-2021; India-2019; India-2020; Romania-2020
Ireland-2018,0.19190054420141456,India-2016; India-2019; Romania-2020
Israel-2013,0.09403795369177387,India-2013; India-2016; Romania-2020
Israel-2014,0.11025895994204322,India-2013; India-2016; Romania-2020
Israel-2015,0.08707245872331035,China-2020; India-2016; India-2019; Romania-2020
Israel-2016,0.08496331226708247,India-2016; India-2019; Romania-2020
Israel-2017,0.09277040828917965,China-2020; India-2016; India-2019; Romania-2020
Israel-2018,0.09653355058857409,China-2021; India-2019; India-2020; Romania-2020
Israel-2019,0.1166550752020727,China-2021; India-2019; India-2020
Israel-2020,0.13649660605336533,China-2021; India-2019; India-2020
Israel-2021,0.1416411607490181,China-2021; India-2019; India-2020
Italy-2013,0.7695297044737193,China-2013; India-2013; Malaysia-2014
Italy-2014,0.7290236832874994,China-2013; India-2013; Malaysia-2014
Japan-2013,0.5914621571457991,Australia-2013; China-2013
Japan-2014,0.43182416965413206,Australia-2013; China-2013
Japan-2015,0.30891720340843787,China-2013; China-2020; India-2013; Malaysia-2014
Japan-2016,0.27076808226618887,China-2013; China-2020; India-2016; India-2019
Japan-2017,0.4391111972255308,China-2013; China-2020; Mexico-2018
Japan-2018,0.4996148881635425,China-2013; China-2020; Mexico-2018
Japan-2019,0.3706662439786631,China-2013; China-2020; India-2013; India-2016
Japan-2020,0.3465483679123996,China-2013; China-2020; India-2016; India-2019
Japan-2021,0.4066569064829033,China-2013; China-2020; India-2016; India-2019
Luxembourg-2016,0.21996651837160905,Romania-2018; Ukraine-2014; Ukraine-2017
Luxembourg-2017,0.2311040163290954,China-2020; Romania-2018; Ukraine-2014; Ukraine-2018
Luxembourg-2018,0.22362159210873697,China-2020; China-2021; Romania-2020; Ukraine-2018
Luxembourg-2019,0.26732018326865714,China-2020; Romania-2018; Romania-2020; Ukraine-2018
Luxembourg-2020,0.3221129076039095,China-2021; Peru-2021; Romania-2020
Luxembourg-2021,0.4906957111911745,China-2021; Peru-2021; Romania-2020
Malaysia-2014,1,Malaysia-2014
Malaysia-2015,0.9665506722678513,China-2020; India-2013; Malaysia-2014; Romania-2020
Malaysia-2016,0.8452753111626605,China-2013; India-2013; Malaysia-2014
Malaysia-2018,0.7620891532396589,India-2013; India-2016; Romania-2020
Malaysia-2020,0.9541694303995765,India-2013; India-2016; Romania-2020
Mexico-2013,0.8730186415871777,Australia-2013; China-2013; Malaysia-2014; Ukraine-2014
Mexico-2014,0.5160135489680097,China-2013; Malaysia-2014; Mexico-2018; Ukraine-2014
Mexico-2015,0.5350847212928562,China-2013; China-2020; Malaysia-2014; Mexico-2018
Mexico-2016,0.6151845605993762,China-2013; China-2020; Malaysia-2014; Mexico-2018
Mexico-2017,0.49367541578618324,China-2020; India-2013; Malaysia-2014; Romania-2020
Mexico-2018,1,Mexico-2018
Mexico-2019,0.5104771264891349,China-2020; China-2021; India-2019; Romania-2020
Mexico-2020,0.7495339387370936,China-2020; India-2013; India-2016; Romania-2020
Mexico-2021,0.5507822278177481,China-2021; India-2019; India-2020; Romania-2020
Netherlands-2013,0.4802332892053624,China-2013; India-2013; Malaysia-2014
Netherlands-2014,0.39794011055424805,China-2013; India-2013; Malaysia-2014
Netherlands-2015,0.17794727225986245,China-2013; India-2013; India-2016
Netherlands-2016,0.1520929497591968,China-2013; India-2016; India-2019
Netherlands-2017,0.1624866816663764,China-2013; India-2016; India-2019
Norway-2013,0.20208808795317823,China-2013; India-2013; Malaysia-2014
Norway-2014,0.13641107306442046,India-2013; India-2016; Romania-2020
Norway-2016,0.2020391011597901,China-2013; India-2013; Malaysia-2014
Norway-2017,0.13510959244415705,India-2013; India-2016; Romania-2020
Norway-2018,0.2022326094335154,India-2013; India-2016; Romania-2020
Norway-2019,0.16410810198641665,India-2016; India-2019; Romania-2020
Peru-2018,1,Peru-2018
Peru-2019,0.6246814371316088,China-2020; Peru-2018; Peru-2021; Ukraine-2018
Peru-2020,1,Peru-2020
Peru-2021,1,Peru-2021
Philippines-2018,0.29750627074362357,Malaysia-2014; Romania-2018; Romania-2020
Poland-2013,0.6928239060119059,India-2013; Malaysia-2014; Romania-2020
Poland-2014,0.6646412454448433,India-2013; Malaysia-2014; Romania-2020
Poland-2015,0.6037749196949522,India-2013; India-2016; Romania-2020
Poland-2016,0.7409029284965679,India-2013; Malaysia-2014; Romania-2020
Poland-2017,0.5985185340455238,India-2013; India-2016; Romania-2020
Poland-2018,0.6316138126440135,China-2020; India-2013; Malaysia-2014; Romania-2020
Poland-2019,0.4396593717231293,India-2013; India-2016; Romania-2020
Poland-2020,0.4049551892555164,India-2013; India-2016; Romania-2020
Poland-2021,0.5005152075762791,India-2013; India-2016; Romania-2020
Portugal-2014,0.6108083385246234,India-2013; Malaysia-2014; Romania-2020
Portugal-2015,0.6601540439864113,India-2013; India-2016; Romania-2020
Portugal-2016,0.6009128543606489,China-2020; India-2013; India-2016; Romania-2020
Portugal-2017,0.44539391516854726,China-2021; India-2019; India-2020; Romania-2020
Portugal-2018,0.46689674082129823,China-2021; India-2019; India-2020; Romania-2020
Romania-2016,0.9439160996569191,Romania-2018; Romania-2020; Ukraine-2018
Romania-2017,0.9009959464322838,Romania-2018; Ukraine-2014; Ukraine-2017
Romania-2018,1,Romania-2018
Romania-2019,0.9174051677003396,India-2013; Malaysia-2014; Romania-2020
Romania-2020,1,Romania-2020
Romania-2021,0.9911670798330672,China-2021; India-2019; India-2020; Romania-2020
Singapore-2013,0.45360796405205633,China-2020; India-2013; Malaysia-2014; Romania-2020
Singapore-2014,0.35812610614536927,China-2020; India-2013; India-2016; Romania-2020
Singapore-2015,0.28354294208064884,China-2021; India-2019; India-2020; Romania-2020
Singapore-2016,0.3584427099270681,China-2020; India-2016; India-2019; Romania-2020
Singapore-2017,0.3823318442353926,China-2020; China-2021; India-2019; Romania-2020
Singapore-2018,0.4729161673905432,China-2021; India-2019; India-2020; Romania-2020
Singapore-2019,0.47267860292278124,China-2021; India-2019; India-2020; Romania-2020
Slovenia-2018,0.3881642722953123,Malaysia-2014; Romania-2018; Ukraine-2014
South Africa-2014,0.24420194529869346,Malaysia-2014; Romania-2018; Ukraine-2014
South Africa-2016,0.1500485275664097,China-2020; India-2016; India-2019; Romania-2020
South Africa-2017,0.1504123445383647,China-2020; India-2016; India-2019; Romania-2020
South Africa-2018,0.19474367582968793,China-2020; India-2016; India-2019; Romania-2020
South Africa-2019,0.2461662980144567,India-2019; India-2020; Romania-2020
South Africa-2020,0.3798206931558675,China-2021; India-2019; India-2020; Romania-2020
Spain-2013,0.5265987331100805,China-2013; India-2013; Malaysia-2014
Spain-2014,0.5071196459644193,China-2013; India-2013; India-2016
Spain-2015,0.6993457728866187,China-2013; India-2013; Malaysia-2014
Spain-2016,0.4265718407798618,China-2013; China-2020; India-2013; India-2016
Spain-2017,0.4767790854476357,China-2013; India-2013; India-2016
Spain-2018,0.5159413913624057,China-2013; India-2013; India-2016
Spain-2019,0.4461166183295378,China-2013; India-2016; India-2019
Spain-2020,0.4950696369673036,China-2013; India-2016; India-2019
Spain-2021,0.4483623938375615,China-2013; India-2016; India-2019
Switzerland-2015,0.098301693605335,China-2013; China-2019; India-2019
Ukraine-2013,0.5652751390242905,Malaysia-2014; Romania-2018; Ukraine-2014
Ukraine-2014,1,Ukraine-2014
Ukraine-2015,0.8785773323524205,Peru-2018; Ukraine-2014; Ukraine-2017
Ukraine-2016,0.8564289693000688,Peru-2018; Ukraine-2014; Ukraine-2017
Ukraine-2017,1,Ukraine-2017
Ukraine-2018,1,Ukraine-2018
United Kingdom-2013,0.4582787517637733,China-2013; India-2013; India-2016
United Kingdom-2014,0.31747221376204077,China-2013; China-2019; India-2019
United Kingdom-2021,0.5510667459948104,China-2021; India-2019; India-2020
United States-2013,0.32968174790146476,China-2019; China-2020
United States-2014,0.2773375252357121,China-2020; China-2021
United States-2015,0.2651305169610327,China-2020; China-2021
United States-2016,0.2755895309665714,China-2021
United States-2017,0.3167660015548071,China-2021
United States-2018,0.39537444933920707,China-2021
United States-2019,0.49945581756931834,China-2021
United States-2020,0.5874838040943248,China-2021
United States-2021,0.6386239958538477,China-2021
