modelo,DMU,original,rDEA_theta_bc,boot_bc,ic_inf,ic_sup,vies_phi
S,Argentina-2013,0.1152,0.0575,0.0871,0.078,0.0996,-2.8031
S,Argentina-2016,0.1455,0.0774,0.1112,0.0994,0.1251,-2.1224
S,Argentina-2017,0.1456,0.0998,0.1178,0.1088,0.1256,-1.6223
S,Argentina-2018,0.1965,0.1092,0.1513,0.1355,0.1677,-1.5197
S,Argentina-2019,0.1573,0.1034,0.1257,0.1157,0.1355,-1.5976
S,Argentina-2020,0.1765,0.1259,0.1445,0.1362,0.1519,-1.2514
S,Argentina-2021,0.1795,0.1253,0.1459,0.1371,0.1537,-1.2817
S,Australia-2013,1,0.1104,0.6882,0.6193,0.8529,-0.453
S,Australia-2015,0.3765,0.214,0.2903,0.267,0.3192,-0.788
S,Australia-2017,0.5454,0.31,0.4209,0.3843,0.4633,-0.5423
S,Australia-2019,0.4993,0.3084,0.3923,0.3603,0.4255,-0.546
S,Austria-2013,0.3275,0.1802,0.2511,0.2275,0.2772,-0.9281
S,Austria-2014,0.2766,0.1665,0.2162,0.1957,0.2354,-1.0099
S,Austria-2015,0.4049,0.2011,0.3052,0.2728,0.3431,-0.8065
S,Austria-2016,0.3736,0.2127,0.2885,0.262,0.3158,-0.7897
S,Austria-2017,0.3223,0.2153,0.2586,0.2385,0.2759,-0.7632
S,Austria-2018,0.2342,0.1387,0.1823,0.1692,0.2017,-1.2153
S,Austria-2019,0.2319,0.139,0.1809,0.168,0.198,-1.2152
S,Austria-2020,0.2455,0.1588,0.1953,0.18,0.2109,-1.0477
S,Austria-2021,0.2358,0.1456,0.1854,0.1699,0.2032,-1.1521
S,Belgium-2013,0.3612,0.2336,0.2873,0.2647,0.3088,-0.7121
S,Belgium-2016,0.1886,0.1116,0.1467,0.1362,0.1613,-1.5126
S,Belgium-2017,0.1272,0.0794,0.1003,0.0917,0.1087,-2.1115
S,Belgium-2018,0.2852,0.1787,0.2249,0.2081,0.245,-0.9387
S,Brazil-2013,0.6066,0.2307,0.4424,0.397,0.5093,-0.6118
S,Brazil-2014,0.3727,0.2132,0.2885,0.259,0.3185,-0.783
S,Brazil-2015,0.2473,0.157,0.1957,0.1799,0.2111,-1.0658
S,Brazil-2016,0.4705,0.2421,0.3571,0.3213,0.403,-0.6753
S,Brazil-2017,0.2961,0.1893,0.2347,0.217,0.2554,-0.8827
S,Brazil-2018,0.3056,0.1973,0.2429,0.2236,0.26,-0.8447
S,Brazil-2019,0.2747,0.1693,0.2158,0.1972,0.233,-0.9934
S,Brazil-2020,0.256,0.142,0.197,0.1755,0.2184,-1.1691
S,Bulgaria-2018,0.4901,0.2439,0.3712,0.3245,0.4225,-0.6531
S,Bulgaria-2019,0.5855,0.3071,0.4459,0.4025,0.4984,-0.5347
S,Bulgaria-2021,0.7504,0.3523,0.5615,0.5048,0.6406,-0.4482
S,Chile-2014,0.1825,0.1187,0.1455,0.1337,0.158,-1.3939
S,Chile-2015,0.3284,0.1594,0.2481,0.2152,0.2837,-0.9858
S,Chile-2017,0.2535,0.1449,0.1959,0.1792,0.2159,-1.1595
S,Chile-2018,0.2619,0.1672,0.2077,0.1911,0.2255,-0.9961
S,Chile-2019,0.3296,0.2063,0.2601,0.239,0.2828,-0.8112
S,China-2013,1,-0.4278,0.6491,0.5696,0.8461,-0.5405
S,China-2014,0.8887,0.4299,0.6681,0.5964,0.7521,-0.3715
S,China-2015,0.8741,0.394,0.6509,0.5806,0.7406,-0.3924
S,China-2016,0.6407,0.3419,0.4897,0.4394,0.5537,-0.4812
S,China-2017,0.7548,0.378,0.5704,0.5097,0.6417,-0.4282
S,China-2018,0.7655,0.3593,0.5734,0.508,0.6528,-0.4378
S,China-2019,1,0.4406,0.7428,0.6594,0.8518,-0.3462
S,China-2020,1,0.3977,0.734,0.6514,0.8593,-0.3624
S,China-2021,1,0.1921,0.6985,0.6255,0.8345,-0.4316
S,Colombia-2015,0.4581,0.1918,0.3391,0.2956,0.3929,-0.7662
S,Colombia-2017,0.6028,0.3602,0.4707,0.4272,0.5201,-0.4656
S,Colombia-2019,0.5483,0.2817,0.4152,0.3811,0.4715,-0.5844
S,Croatia-2015,0.6009,0.1936,0.4342,0.3819,0.5113,-0.6388
S,Croatia-2018,0.4067,0.2437,0.3179,0.2873,0.3477,-0.687
S,Croatia-2019,0.3859,0.2179,0.2975,0.2711,0.3292,-0.7702
S,France-2013,0.5166,0.1936,0.3774,0.3346,0.4376,-0.7141
S,France-2014,0.277,0.1696,0.2174,0.198,0.2369,-0.9908
S,France-2015,0.386,0.2176,0.2973,0.2711,0.3272,-0.7726
S,France-2016,0.3176,0.1846,0.2461,0.2266,0.2717,-0.9145
S,France-2017,0.3026,0.1868,0.2379,0.217,0.2579,-0.8989
S,France-2018,0.3309,0.2049,0.2603,0.2371,0.2825,-0.8187
S,Greece-2014,0.4778,0.30620000000000003,0.3789,0.3508,0.4085,-0.5467
S,Greece-2015,0.727,0.2726,0.5325,0.4615,0.6234,-0.5025
S,Greece-2016,0.588,0.395,0.4725,0.4413,0.5045,-0.4156
S,Greece-2017,0.4041,0.2672,0.3231,0.3034,0.3456,-0.6204
S,Greece-2018,0.7698,0.485,0.6082,0.5583,0.6553,-0.345
S,Greece-2019,0.6884,0.4815,0.5601,0.525,0.5938,-0.3327
S,Greece-2020,0.7764,0.5468,0.6332,0.5963,0.6717,-0.2914
S,Greece-2021,0.8132,0.5561,0.6566,0.6198,0.6922,-0.2933
S,Hungary-2013,0.3001,0.1225,0.2214,0.1925,0.2544,-1.1831
S,Hungary-2014,0.2403,0.1535,0.1904,0.1776,0.2068,-1.09
S,Hungary-2015,0.1817,0.1183,0.1447,0.134,0.1547,-1.408
S,Hungary-2016,0.2503,0.1571,0.1975,0.1835,0.2158,-1.0691
S,Hungary-2017,0.2441,0.1547,0.1931,0.1784,0.2085,-1.0829
S,Hungary-2018,0.2228,0.1484,0.1785,0.168,0.1902,-1.1135
S,Hungary-2019,0.3435,0.2331,0.2769,0.2584,0.2939,-0.7007
S,Hungary-2020,0.3889,0.2666,0.3145,0.2944,0.3333,-0.6089
S,Hungary-2021,0.3779,0.2653,0.3079,0.2891,0.325,-0.6022
S,India-2013,1,0.5417,0.7639,0.7075,0.8377,-0.3091
S,India-2014,0.5907,0.3395,0.4572,0.4103,0.5002,-0.4941
S,India-2015,0.7149,0.3941,0.5493,0.4908,0.6127,-0.4217
S,India-2016,1,0.5627,0.77,0.706,0.8513,-0.2987
S,India-2017,0.7325,0.3784,0.556,0.4983,0.629,-0.4334
S,India-2018,0.8423,0.3954,0.6297,0.5656,0.7021,-0.4008
S,India-2019,1,0.4285,0.7381,0.6636,0.8393,-0.3547
S,India-2020,1,0.1177,0.6889,0.6231,0.8461,-0.4516
S,Indonesia-2013,0.542,0.2968,0.415,0.3823,0.4599,-0.5643
S,Indonesia-2016,0.8383,0.5364,0.6649,0.6145,0.7154,-0.3111
S,Ireland-2016,0.1606,0.1083,0.1292,0.1203,0.1383,-1.5112
S,Ireland-2018,0.1919,0.1315,0.1551,0.1455,0.1644,-1.2367
S,Israel-2013,0.094,0.0614,0.075,0.0691,0.0812,-2.6955
S,Israel-2014,0.1103,0.0717,0.0878,0.081,0.0944,-2.3154
S,Israel-2015,0.084,0.0518,0.0661,0.0593,0.0727,-3.228
S,Israel-2016,0.085,0.0506,0.0663,0.0592,0.073,-3.3127
S,Israel-2017,0.0891,0.0503,0.0687,0.0613,0.0761,-3.3237
S,Israel-2018,0.0926,0.0475,0.0702,0.0629,0.0791,-3.44
S,Israel-2019,0.1167,0.0572,0.0879,0.0788,0.1004,-2.8087
S,Israel-2020,0.1365,0.0719,0.104,0.0932,0.117,-2.2877
S,Israel-2021,0.1416,0.0752,0.1081,0.0967,0.1197,-2.1931
S,Italy-2013,0.7695,0.3864,0.5817,0.5223,0.6582,-0.4197
S,Italy-2014,0.729,0.4233,0.566,0.5105,0.6231,-0.3952
S,Japan-2013,0.5915,0.1607,0.4244,0.3669,0.5037,-0.6653
S,Japan-2014,0.356,0.0123,0.2454,0.2106,0.3037,-1.2655
S,Japan-2015,0.2821,0.0399,0.1974,0.1712,0.2416,-1.5218
S,Japan-2016,0.2671,0.1461,0.2053,0.182,0.2296,-1.1276
S,Japan-2017,0.2843,0.1313,0.2127,0.1887,0.2427,-1.1827
S,Japan-2018,0.3159,0.1721,0.2427,0.2146,0.2712,-0.955
S,Japan-2019,0.3359,0.2047,0.2637,0.2363,0.2887,-0.8148
S,Japan-2020,0.3417,0.211,0.2689,0.2437,0.2921,-0.7931
S,Japan-2021,0.4009,0.2351,0.3124,0.278,0.3447,-0.7067
S,Luxembourg-2016,0.1793,0.0941,0.137,0.1187,0.154,-1.7185
S,Luxembourg-2017,0.1832,0.1095,0.1431,0.1298,0.1581,-1.5319
S,Luxembourg-2018,0.1771,0.10780000000000001,0.1389,0.1264,0.1532,-1.5536
S,Luxembourg-2019,0.1959,0.1142,0.1521,0.1388,0.1688,-1.4723
S,Luxembourg-2020,0.26,0.1699,0.2076,0.1888,0.2253,-0.9707
S,Luxembourg-2021,0.3038,0.2024,0.2438,0.2236,0.2632,-0.8106
S,Malaysia-2014,1,-0.0578,0.6738,0.5938,0.8395,-0.4842
S,Malaysia-2015,0.9527,0.6399,0.766,0.706,0.8225,-0.2558
S,Malaysia-2016,0.8453,0.4934,0.6571,0.5945,0.7273,-0.3388
S,Malaysia-2018,0.7621,0.5427,0.6237,0.5879,0.657,-0.2912
S,Malaysia-2020,0.9542,0.6765,0.7797,0.7348,0.8222,-0.2345
S,Mexico-2013,0.4384,0.1944,0.3256,0.2916,0.3747,-0.7896
S,Mexico-2014,0.4402,0.2553,0.3417,0.3079,0.3795,-0.6544
S,Mexico-2015,0.412,0.2743,0.3303,0.3066,0.3539,-0.6008
S,Mexico-2016,0.4335,0.2923,0.3488,0.3245,0.3738,-0.56
S,Mexico-2017,0.3969,0.2811,0.3242,0.3054,0.3402,-0.5653
S,Mexico-2018,0.6062,0.4146,0.49,0.4532,0.5241,-0.3909
S,Mexico-2019,0.43,0.282,0.343,0.321,0.3691,-0.5899
S,Mexico-2020,0.646,0.4667,0.5314,0.4997,0.5585,-0.3339
S,Mexico-2021,0.5483,0.3654,0.4396,0.4098,0.4698,-0.4511
S,Netherlands-2013,0.4802,0.2794,0.3728,0.3383,0.4098,-0.6003
S,Netherlands-2014,0.3979,0.2562,0.3161,0.2895,0.3409,-0.6503
S,Netherlands-2015,0.1779,0.1051,0.1385,0.1265,0.1527,-1.6004
S,Netherlands-2016,0.1521,0.0827,0.1165,0.1039,0.128,-2.0072
S,Netherlands-2017,0.1625,0.0961,0.1267,0.1125,0.1395,-1.7385
S,Norway-2013,0.2021,0.1249,0.159,0.1448,0.174,-1.3397
S,Norway-2014,0.1364,0.0952,0.1109,0.1039,0.1171,-1.6871
S,Norway-2016,0.202,0.137,0.1628,0.152,0.1732,-1.1924
S,Norway-2017,0.1351,0.0943,0.1099,0.1021,0.1166,-1.6959
S,Norway-2018,0.2022,0.1357,0.1624,0.1515,0.1735,-1.2117
S,Norway-2019,0.1641,0.1092,0.1315,0.1214,0.1406,-1.5081
S,Peru-2018,1,-1.321,0.6231,0.5312,0.8305,-0.605
S,Peru-2019,0.5153,0.0711,0.3588,0.3154,0.4356,-0.8459
S,Peru-2020,0.7311,0.1375,0.5165,0.4449,0.624,-0.5682
S,Peru-2021,1,-0.3048,0.654,0.5782,0.8295,-0.529
S,Philippines-2018,0.2975,0.1732,0.2306,0.2141,0.2531,-0.9757
S,Poland-2013,0.6928,0.4051,0.5385,0.4889,0.5965,-0.4136
S,Poland-2014,0.6646,0.457,0.5381,0.4994,0.5776,-0.3538
S,Poland-2015,0.6038,0.4375,0.4972,0.4693,0.5204,-0.3551
S,Poland-2016,0.7409,0.5109,0.6,0.5617,0.6348,-0.317
S,Poland-2017,0.5985,0.432,0.4922,0.4641,0.5156,-0.3608
S,Poland-2018,0.629,0.4094,0.5008,0.469,0.5379,-0.4069
S,Poland-2019,0.4397,0.3101,0.3588,0.334,0.38,-0.5123
S,Poland-2020,0.405,0.2753,0.3267,0.3037,0.3489,-0.5919
S,Poland-2021,0.5005,0.3482,0.4067,0.3774,0.4325,-0.4609
S,Portugal-2014,0.6108,0.4258,0.4965,0.4655,0.5265,-0.3771
S,Portugal-2015,0.6602,0.464,0.538,0.5047,0.5675,-0.344
S,Portugal-2016,0.6002,0.4195,0.4883,0.4597,0.5177,-0.3819
S,Portugal-2017,0.4434,0.3048,0.3588,0.3346,0.3817,-0.5316
S,Portugal-2018,0.4603,0.3105,0.3704,0.346,0.3957,-0.5277
S,Romania-2016,0.9439,0.5497,0.7327,0.6682,0.8051,-0.3054
S,Romania-2017,0.8821,0.392,0.6581,0.5719,0.7582,-0.3859
S,Romania-2018,1,0.4148,0.7394,0.6448,0.8526,-0.3524
S,Romania-2019,0.9174,0.4684,0.694,0.6385,0.7809,-0.3509
S,Romania-2020,1,0.4764,0.7479,0.6899,0.8383,-0.3371
S,Romania-2021,0.9846,0.6057,0.7733,0.7139,0.844,-0.2775
S,Singapore-2013,0.43,0.2894,0.3456,0.3251,0.3686,-0.5678
S,Singapore-2014,0.3477,0.2386,0.2812,0.2637,0.299,-0.6805
S,Singapore-2015,0.2695,0.1675,0.2121,0.1953,0.2309,-1.0036
S,Singapore-2016,0.3403,0.232,0.2747,0.2547,0.2928,-0.7016
S,Singapore-2017,0.3302,0.2008,0.2584,0.2393,0.2809,-0.8413
S,Singapore-2018,0.3794,0.247,0.3023,0.2769,0.3256,-0.6718
S,Singapore-2019,0.4086,0.2552,0.3222,0.2936,0.3511,-0.6565
S,Slovenia-2018,0.3129,0.1503,0.236,0.2051,0.2707,-1.0411
S,South Africa-2014,0.2094,0.0552,0.1495,0.1301,0.1756,-1.9131
S,South Africa-2016,0.15,0.1025,0.1211,0.1138,0.1288,-1.5899
S,South Africa-2017,0.1496,0.101,0.1204,0.113,0.1286,-1.6233
S,South Africa-2018,0.1933,0.1296,0.1552,0.1459,0.1665,-1.2695
S,South Africa-2019,0.2462,0.1689,0.1991,0.1865,0.2102,-0.9612
S,South Africa-2020,0.3764,0.2516,0.302,0.2824,0.3219,-0.6551
S,Spain-2013,0.5266,0.3009,0.4067,0.3765,0.4525,-0.5596
S,Spain-2014,0.5071,0.3006,0.3948,0.3645,0.4342,-0.5609
S,Spain-2015,0.6993,0.4306,0.5494,0.508,0.6003,-0.3904
S,Spain-2016,0.4251,0.2718,0.3371,0.3081,0.3642,-0.6142
S,Spain-2017,0.4768,0.3077,0.3791,0.3472,0.4114,-0.5407
S,Spain-2018,0.5159,0.3348,0.4107,0.3796,0.4403,-0.4964
S,Spain-2019,0.4461,0.2634,0.3473,0.3173,0.3837,-0.6381
S,Spain-2020,0.4951,0.2927,0.3855,0.3522,0.4258,-0.5741
S,Spain-2021,0.4484,0.2653,0.3497,0.3101,0.3845,-0.6292
S,Switzerland-2015,0.0983,0.0482,0.074,0.0664,0.0837,-3.343
S,Ukraine-2013,0.202,0.1053,0.1543,0.1333,0.1738,-1.5319
S,Ukraine-2014,0.2453,0.1275,0.1869,0.1633,0.2112,-1.2734
S,Ukraine-2015,0.4262,0.2071,0.3212,0.2814,0.3614,-0.767
S,Ukraine-2016,0.726,0.2729,0.5314,0.4665,0.6165,-0.5044
S,Ukraine-2017,1,0.3271,0.7234,0.6361,0.8533,-0.3824
S,Ukraine-2018,1,0.4533,0.7445,0.6714,0.8528,-0.3431
S,United Kingdom-2013,0.4583,0.2529,0.3516,0.3203,0.3876,-0.662
S,United Kingdom-2014,0.3175,0.1929,0.2486,0.2281,0.2714,-0.873
S,United Kingdom-2021,0.5511,0.2627,0.412,0.3817,0.4695,-0.6123
S,United States-2013,0.3297,0.151,0.2465,0.2172,0.2821,-1.0237
S,United States-2014,0.2773,0.1211,0.2062,0.1793,0.2354,-1.2443
S,United States-2015,0.2651,0.1057,0.1954,0.1692,0.2277,-1.3463
S,United States-2016,0.2756,0.1099,0.2034,0.1756,0.2354,-1.2887
S,United States-2017,0.3168,0.1318,0.2349,0.2021,0.2744,-1.0997
S,United States-2018,0.3954,0.1948,0.2996,0.2575,0.3435,-0.8085
S,United States-2019,0.4995,0.2715,0.3851,0.3271,0.4359,-0.5942
S,United States-2020,0.5875,0.3134,0.4514,0.3842,0.5119,-0.5131
S,United States-2021,0.6386,0.3568,0.4955,0.4192,0.5583,-0.4521
T,Argentina-2013,0.0257,-0.0308,0.0174,0.0152,0.0216,-18.4387
T,Argentina-2016,0.0267,-3e-4,0.0182,0.0158,0.0226,-17.5578
T,Argentina-2017,0.0135,0.0049,0.0098,0.0087,0.0113,-27.6406
T,Argentina-2018,0.1956,-0.0034,0.133,0.116,0.1616,-2.4065
T,Argentina-2019,0.1515,0.0418,0.1081,0.0955,0.1262,-2.6455
T,Argentina-2020,0.0523,0.0276,0.0402,0.0342,0.0465,-5.7544
T,Argentina-2021,0.0448,0.0246,0.0346,0.0298,0.0398,-6.5661
T,Australia-2013,1,-1.6586,0.5877,0.5457,0.6876,-0.7017
T,Australia-2015,0.167,0.0698,0.1242,0.1058,0.1445,-2.0608
T,Australia-2017,0.6329,0.1877,0.4539,0.3934,0.529,-0.6231
T,Australia-2019,0.3172,0.1075,0.2326,0.1958,0.2828,-1.1474
T,Austria-2013,0.052,0.001,0.0353,0.0312,0.0418,-9.054
T,Austria-2014,0.0173,0.002,0.012,0.0106,0.0147,-25.7321
T,Austria-2015,0.0473,-0.0069,0.0314,0.028,0.0378,-10.7343
T,Austria-2016,0.0989,0.0077,0.0679,0.0601,0.0824,-4.6136
T,Austria-2017,0.06,0.0175,0.0429,0.0376,0.0503,-6.6267
T,Austria-2018,0.0264,0.0136,0.0202,0.0172,0.0234,-11.5737
T,Austria-2019,0.0083,0.004,0.0063,0.0053,0.0074,-38.0628
T,Austria-2020,0.0153,0.0064,0.0115,0.0097,0.0139,-21.934
T,Austria-2021,0.0084,0.0017,0.006,0.0051,0.0075,-48.1561
T,Belgium-2013,0.0079,0.0014,0.0055,0.0049,0.0066,-54.4225
T,Belgium-2016,0.0035,0.0017,0.0027,0.0022,0.0031,-88.5023
T,Belgium-2017,0.001,-3e-4,6e-4,5e-4,8e-4,-517.4217
T,Belgium-2018,0.0203,0.01,0.0154,0.0132,0.0179,-15.6662
T,Brazil-2013,0.4817,-0.2986,0.3024,0.275,0.3589,-1.2303
T,Brazil-2014,0.115,0.0081,0.0786,0.0696,0.0941,-4.0253
T,Brazil-2015,0.0535,0.0228,0.0401,0.0336,0.0475,-6.2755
T,Brazil-2016,0.3637,-0.0024,0.2456,0.2185,0.2944,-1.3217
T,Brazil-2017,0.0882,0.0399,0.0666,0.0561,0.0788,-3.6902
T,Brazil-2018,0.1019,0.0386,0.0755,0.0634,0.0915,-3.4409
T,Brazil-2019,0.0535,0.0065,0.0375,0.0321,0.0475,-8.0047
T,Brazil-2020,0.0374,-0.0052,0.0251,0.0215,0.0316,-13.0731
T,Bulgaria-2018,0.112,0.0349,0.0814,0.0689,0.0979,-3.3564
T,Bulgaria-2019,0.1327,0.0294,0.0936,0.0824,0.111,-3.1509
T,Bulgaria-2021,0.061,-0.0031,0.0411,0.0365,0.0495,-7.9701
T,Chile-2014,0.0071,0.0024,0.0052,0.0044,0.0064,-51.2289
T,Chile-2015,0.1913,-0.2762,0.1254,0.1065,0.1787,-2.9965
T,Chile-2017,0.0133,0.0044,0.0097,0.0084,0.0112,-28.4995
T,Chile-2018,0.0064,0.0019,0.0047,0.0039,0.0058,-58.2991
T,Chile-2019,0.0072,0.0014,0.0051,0.0043,0.0063,-57.104
T,China-2013,1,-0.6664,0.6239,0.5673,0.7266,-0.6028
T,China-2014,0.1997,-0.0821,0.1308,0.1124,0.1709,-2.6362
T,China-2015,0.3331,-0.1268,0.219,0.1879,0.286,-1.565
T,China-2016,0.208,-0.2959,0.1274,0.1114,0.173,-3.0392
T,China-2017,0.4295,-0.5431,0.2656,0.2314,0.3579,-1.4364
T,China-2018,0.4936,-0.9058,0.2967,0.2617,0.4026,-1.3445
T,China-2019,0.8508,-1.513,0.5134,0.4508,0.7008,-0.7723
T,China-2020,1,-2.2245,0.5919,0.527,0.7733,-0.6896
T,China-2021,1,-2.3521,0.5881,0.5256,0.7392,-0.7005
T,Colombia-2015,0.0956,-0.1229,0.0653,0.055,0.0928,-5.6277
T,Colombia-2017,0.0694,-0.0129,0.046,0.0409,0.058,-7.3584
T,Colombia-2019,0.0324,0.0122,0.0237,0.0206,0.0281,-11.3317
T,Croatia-2015,0.0977,-0.2268,0.0581,0.0511,0.0786,-6.9577
T,Croatia-2018,0.0429,0.0094,0.0304,0.0263,0.0364,-9.623
T,Croatia-2019,0.0288,0.007,0.0204,0.0179,0.0236,-14.3154
T,France-2013,0.0425,-8e-4,0.0286,0.0253,0.0334,-11.4161
T,France-2014,0.0035,-0.0021,0.0023,0.002,0.0029,-159.9995
T,France-2015,0.0124,0.0026,0.0089,0.0075,0.011,-32.3923
T,France-2016,0.0123,-7e-4,0.0084,0.0072,0.0111,-37.6701
T,France-2017,0.0122,-0.0047,0.008,0.0069,0.0107,-43.3204
T,France-2018,0.0218,-0.0097,0.0142,0.0122,0.0191,-24.6658
T,Greece-2014,0.0033,0.0012,0.0024,0.002,0.003,-107.9447
T,Greece-2015,0.0956,-0.0963,0.0612,0.0511,0.0838,-5.8766
T,Greece-2016,0.0366,0.0192,0.028,0.0242,0.0323,-8.3543
T,Greece-2017,0.0361,0.0068,0.0256,0.0217,0.0322,-11.4381
T,Greece-2018,0.2029,0.0385,0.1424,0.1254,0.1681,-2.0947
T,Greece-2019,0.0285,0.0152,0.0219,0.019,0.0253,-10.6167
T,Greece-2020,0.0337,0.0186,0.0261,0.0224,0.0299,-8.6893
T,Greece-2021,0.0191,0.0067,0.014,0.0119,0.017,-19.119
T,Hungary-2013,0.0957,-0.1016,0.061,0.0511,0.0838,-5.9471
T,Hungary-2014,0.0154,0.0072,0.0116,0.0101,0.0135,-21.5896
T,Hungary-2015,0.0256,0.0089,0.0189,0.0157,0.0233,-13.9562
T,Hungary-2016,0.0472,0.0222,0.0355,0.0306,0.0411,-6.9523
T,Hungary-2017,0.1416,0.0299,0.0997,0.088,0.1169,-2.9642
T,Hungary-2018,0.0098,0.0023,0.007,0.006,0.0086,-41.0709
T,Hungary-2019,0.0369,0.0198,0.0284,0.0246,0.0328,-8.1491
T,Hungary-2020,0.0212,0.0112,0.0162,0.0141,0.0187,-14.4472
T,Hungary-2021,0.0104,0.0052,0.0079,0.0068,0.0092,-29.926
T,India-2013,0.0988,0.0506,0.0758,0.0637,0.0886,-3.0847
T,India-2014,0.0166,0.0014,0.0116,0.0098,0.0148,-26.026
T,India-2015,0.0353,-9e-4,0.0241,0.0205,0.0305,-13.0921
T,India-2016,0.0742,0.0105,0.0521,0.0445,0.0657,-5.7068
T,India-2017,0.0768,0.0047,0.0534,0.045,0.0694,-5.6974
T,India-2018,0.073,0.0035,0.0507,0.0427,0.0653,-6.0426
T,India-2019,0.0026,-4e-4,0.0018,0.0015,0.0022,-188.744
T,India-2020,0.0014,1e-4,0.001,8e-4,0.0013,-306.7824
T,Indonesia-2013,0.0301,0.0044,0.0209,0.0185,0.0244,-14.6687
T,Indonesia-2016,0.0445,0.0099,0.0314,0.0277,0.0372,-9.3469
T,Ireland-2016,0.0027,5e-4,0.0019,0.0016,0.0024,-152.1731
T,Ireland-2018,0.0026,3e-4,0.0018,0.0016,0.0023,-165.0111
T,Israel-2013,0.0073,0.0019,0.0052,0.0044,0.0065,-52.8016
T,Israel-2014,0.0052,0.0017,0.0038,0.0032,0.0047,-70.3868
T,Israel-2015,0.0067,-1e-4,0.0046,0.0039,0.0058,-68.7069
T,Israel-2016,0.0019,-1e-4,0.0013,0.0011,0.0016,-251.1389
T,Israel-2017,0.0072,-4e-4,0.0049,0.0041,0.0062,-65.2994
T,Israel-2018,0.0059,-4e-4,0.004,0.0034,0.0051,-80.0146
T,Israel-2019,0.0055,-6e-4,0.0037,0.0032,0.0047,-88.2544
T,Israel-2020,0.0056,-5e-4,0.0038,0.0032,0.0048,-85.6603
T,Israel-2021,0.0052,-3e-4,0.0035,0.003,0.0045,-90.3402
T,Italy-2013,0.0431,-9e-4,0.029,0.0258,0.0348,-11.249
T,Italy-2014,0.0188,0.0027,0.013,0.0114,0.0155,-23.5792
T,Japan-2013,0.5078,-0.1909,0.3259,0.2938,0.4007,-1.0989
T,Japan-2014,0.4318,-0.2197,0.2734,0.2476,0.3242,-1.3415
T,Japan-2015,0.3058,-0.0256,0.2053,0.1793,0.2445,-1.6018
T,Japan-2016,0.2005,-0.0162,0.1366,0.1158,0.1757,-2.3302
T,Japan-2017,0.4391,-0.0172,0.3002,0.2555,0.3768,-1.0539
T,Japan-2018,0.4996,-0.053,0.3394,0.288,0.4352,-0.9452
T,Japan-2019,0.3635,-0.137,0.239,0.2048,0.3128,-1.4334
T,Japan-2020,0.2926,-0.1661,0.1889,0.1621,0.2492,-1.8767
T,Japan-2021,0.3328,-0.0654,0.2237,0.1895,0.292,-1.4661
T,Luxembourg-2016,0.0954,-0.1714,0.0596,0.0515,0.0788,-6.5575
T,Luxembourg-2017,0.1041,-0.0194,0.0689,0.0614,0.087,-4.9086
T,Luxembourg-2018,0.1347,0.0437,0.0975,0.0841,0.1136,-2.8288
T,Luxembourg-2019,0.1759,0.0558,0.1268,0.1106,0.1462,-2.2015
T,Luxembourg-2020,0.1268,0.0483,0.0941,0.0787,0.1154,-2.7418
T,Luxembourg-2021,0.3578,0.135,0.2653,0.222,0.3254,-0.9751
T,Malaysia-2014,0.4782,-0.4348,0.3096,0.2557,0.423,-1.1389
T,Malaysia-2015,0.2277,0.0743,0.165,0.1442,0.1905,-1.6691
T,Malaysia-2016,0.193,0.0279,0.1345,0.1176,0.1619,-2.257
T,Malaysia-2018,0.0251,0.0113,0.0189,0.016,0.0225,-13.1004
T,Malaysia-2020,0.0063,0.0028,0.0047,0.004,0.0056,-52.2066
T,Mexico-2013,0.7837,-0.0231,0.5314,0.4632,0.6523,-0.6058
T,Mexico-2014,0.3911,0.052,0.2719,0.2376,0.3267,-1.1208
T,Mexico-2015,0.4266,0.172,0.314,0.2764,0.364,-0.8407
T,Mexico-2016,0.5278,0.2449,0.3956,0.3462,0.4574,-0.6331
T,Mexico-2017,0.3103,0.17,0.2401,0.204,0.2751,-0.9435
T,Mexico-2018,1,0.3854,0.7322,0.6452,0.8486,-0.3658
T,Mexico-2019,0.1534,0.0271,0.1085,0.0918,0.1345,-2.701
T,Mexico-2020,0.3592,0.1788,0.274,0.2324,0.3219,-0.8659
T,Mexico-2021,0.0112,0.0016,0.0079,0.0067,0.0098,-37.8413
T,Netherlands-2013,0.012,8e-4,0.0082,0.0073,0.0099,-38.5276
T,Netherlands-2014,0.0034,0.0012,0.0024,0.0021,0.0028,-110.6182
T,Netherlands-2015,0.0024,3e-4,0.0017,0.0014,0.0021,-174.3608
T,Netherlands-2016,0.0017,-2e-4,0.0012,0.001,0.0015,-275.609
T,Netherlands-2017,0.0015,-4e-4,0.001,8e-4,0.0012,-344.0402
T,Norway-2013,0.0144,0.0023,0.01,0.0088,0.012,-30.1297
T,Norway-2014,0.0051,0.0024,0.0039,0.0032,0.0045,-60.8941
T,Norway-2016,0.0188,0.0079,0.0139,0.0122,0.016,-18.7032
T,Norway-2017,0.0025,8e-4,0.0019,0.0015,0.0023,-142.4226
T,Norway-2018,0.0124,0.0062,0.0095,0.0078,0.011,-24.7489
T,Norway-2019,0.0031,-1e-4,0.0021,0.0018,0.0027,-150.3842
T,Peru-2018,1,-87.3965,0.5258,0.5004,0.6978,-0.9017
T,Peru-2019,0.267,-0.0025,0.1802,0.1612,0.2163,-1.8062
T,Peru-2020,0.7449,-0.0345,0.5025,0.4411,0.5924,-0.6474
T,Peru-2021,0.1104,-0.039,0.0711,0.0643,0.0822,-5.0048
T,Philippines-2018,0.0448,0.0145,0.0324,0.0285,0.0389,-8.5753
T,Poland-2013,0.1133,0.0177,0.079,0.0693,0.0937,-3.8341
T,Poland-2014,0.0697,0.0312,0.0521,0.0452,0.0605,-4.8479
T,Poland-2015,0.0495,0.0245,0.0378,0.0319,0.0443,-6.2808
T,Poland-2016,0.0745,0.0398,0.0573,0.0489,0.0652,-4.0383
T,Poland-2017,0.0232,0.0096,0.0175,0.0145,0.0208,-14.0736
T,Poland-2018,0.0771,0.0417,0.0594,0.0507,0.068,-3.8621
T,Poland-2019,0.0184,0.0073,0.0137,0.0116,0.0166,-18.5948
T,Poland-2020,0.0083,0.0018,0.006,0.0049,0.0074,-46.7589
T,Poland-2021,0.0078,0.0031,0.0058,0.0049,0.007,-43.7359
T,Portugal-2014,0.0099,0.0052,0.0076,0.0066,0.0088,-30.789
T,Portugal-2015,0.0266,0.0135,0.0203,0.0173,0.0236,-11.6372
T,Portugal-2016,0.0737,0.0403,0.0569,0.049,0.0652,-4.0013
T,Portugal-2017,0.0108,0.0025,0.0078,0.0065,0.0097,-36.692
T,Portugal-2018,0.0188,0.0031,0.0132,0.0112,0.0164,-22.2984
T,Romania-2016,0.0668,-0.0063,0.0448,0.0397,0.0567,-7.3293
T,Romania-2017,0.2379,-0.3188,0.1595,0.1347,0.2255,-2.3212
T,Romania-2018,0.2376,-0.3096,0.1611,0.1357,0.229,-2.286
T,Romania-2019,0.1074,0.0396,0.0784,0.0685,0.0934,-3.4404
T,Romania-2020,0.1648,0.0565,0.1195,0.1046,0.1416,-2.2999
T,Romania-2021,0.0707,0.0142,0.0502,0.0424,0.0617,-5.7756
T,Singapore-2013,0.1093,0.0595,0.0845,0.0718,0.0968,-2.6927
T,Singapore-2014,0.0476,0.0156,0.0348,0.0295,0.0426,-7.7444
T,Singapore-2015,0.0234,0.0017,0.0162,0.0138,0.0201,-18.9117
T,Singapore-2016,0.0428,0.0026,0.0295,0.0254,0.0373,-10.5026
T,Singapore-2017,0.0859,0.0072,0.0597,0.0507,0.075,-5.1085
T,Singapore-2018,0.1529,0.0322,0.1091,0.0913,0.1373,-2.6221
T,Singapore-2019,0.1091,0.0259,0.0785,0.0653,0.0989,-3.5718
T,Slovenia-2018,0.1917,-0.2728,0.1262,0.1071,0.18,-2.9702
T,South Africa-2014,0.1434,-0.1359,0.0924,0.0767,0.1257,-3.8539
T,South Africa-2016,0.0073,0.0014,0.0052,0.0044,0.0064,-56.7124
T,South Africa-2017,0.0064,0.0012,0.0045,0.0038,0.0056,-64.7677
T,South Africa-2018,0.0095,0.0017,0.0067,0.0057,0.0084,-43.8954
T,South Africa-2019,0.0023,6e-4,0.0017,0.0014,0.0021,-165.2111
T,South Africa-2020,0.0153,0.0024,0.0108,0.0092,0.0132,-27.4193
T,Spain-2013,0.0412,0.0207,0.0314,0.0265,0.0365,-7.5393
T,Spain-2014,0.0483,0.024,0.0369,0.031,0.0432,-6.4134
T,Spain-2015,0.0851,0.0417,0.0645,0.055,0.0748,-3.7413
T,Spain-2016,0.0419,0.0166,0.0312,0.0263,0.0378,-8.2164
T,Spain-2017,0.0434,0.0175,0.0323,0.0272,0.0392,-7.8822
T,Spain-2018,0.0446,0.0191,0.0335,0.0282,0.0402,-7.4667
T,Spain-2019,0.021,0.0034,0.0148,0.0126,0.0187,-19.9179
T,Spain-2020,0.0191,0.0031,0.0135,0.0115,0.017,-21.8547
T,Spain-2021,0.0078,-0.001,0.0052,0.0045,0.0066,-62.6475
T,Switzerland-2015,7e-4,-2e-4,5e-4,4e-4,6e-4,-742.8846
T,Ukraine-2013,0.526,-0.9015,0.3318,0.2859,0.44,-1.1684
T,Ukraine-2014,1,-2.6122,0.5855,0.5201,0.7259,-0.7078
T,Ukraine-2015,0.6915,-1.6553,0.4085,0.3601,0.5072,-1.0016
T,Ukraine-2016,0.3308,-0.7529,0.1971,0.173,0.2601,-2.0496
T,Ukraine-2017,0.1815,-0.4181,0.1082,0.0949,0.1454,-3.7359
T,Ukraine-2018,0.2189,0.0032,0.1488,0.1319,0.1771,-2.154
T,United Kingdom-2013,0.0466,0.0146,0.0339,0.0286,0.0404,-8.0356
T,United Kingdom-2014,0.0107,-0.0014,0.0073,0.0062,0.0096,-44.4661
T,United Kingdom-2021,0.0215,-0.0226,0.0133,0.0117,0.0172,-28.7031
T,United States-2013,0.0404,-0.073,0.0244,0.0214,0.0335,-16.1945
T,United States-2014,0.0371,-0.073,0.0222,0.0196,0.0286,-18.0462
T,United States-2015,0.0472,-0.0922,0.0284,0.0249,0.0373,-14.0873
T,United States-2016,0.0715,-0.1373,0.043,0.0377,0.0584,-9.2444
T,United States-2017,0.1139,-0.212,0.0688,0.0601,0.0937,-5.7618
T,United States-2018,0.1529,-0.2329,0.0938,0.0813,0.127,-4.1214
T,United States-2019,0.1594,-0.2093,0.0995,0.0849,0.1369,-3.7782
T,United States-2020,0.1463,-0.2012,0.0908,0.0779,0.1232,-4.1843
T,United States-2021,0.0821,-0.104,0.0515,0.0437,0.0728,-7.2386
C,Argentina-2013,0.0328,-58.3291,0.5305,0.5007,0.6914,-0.8852
C,Argentina-2016,0.0319,-0.0684,0.0293,0.0266,0.0381,-13.5659
C,Argentina-2017,0.0168,0.0044,0.0147,0.0129,0.0176,-20.0938
C,Argentina-2018,0.2119,-0.1136,0.1462,0.13,0.1879,-2.4595
C,Argentina-2019,0.1835,-0.028,0.1319,0.1186,0.161,-2.5643
C,Argentina-2020,0.0544,0.0108,0.0387,0.0338,0.0472,-7.6589
C,Argentina-2021,0.0481,0.0175,0.0358,0.0309,0.0425,-7.5292
C,Australia-2013,1,-1.4844,0.5943,0.5469,0.7903,-0.6827
C,Australia-2015,0.1765,0.0842,0.1338,0.1118,0.1576,-1.8051
C,Australia-2017,0.6717,0.2589,0.4931,0.4253,0.5684,-0.5393
C,Australia-2019,0.3172,0.0894,0.229,0.1939,0.2836,-1.215
C,Austria-2013,0.0596,0.0127,0.0419,0.0368,0.0498,-7.075
C,Austria-2014,0.0226,0.0102,0.0169,0.0147,0.0197,-14.9697
C,Austria-2015,0.0524,0.0027,0.0358,0.0315,0.0432,-8.8709
C,Austria-2016,0.1132,0.0332,0.0811,0.0713,0.0965,-3.4996
C,Austria-2017,0.0732,0.0392,0.0562,0.0488,0.0643,-4.1458
C,Austria-2018,0.0284,0.0148,0.0218,0.0183,0.026,-10.5654
C,Austria-2019,0.0086,0.0035,0.0064,0.0054,0.0077,-40.0593
C,Austria-2020,0.0157,0.0044,0.0113,0.0096,0.0139,-24.9973
C,Austria-2021,0.0085,-5e-4,0.0057,0.005,0.0075,-56.3392
C,Belgium-2013,0.0095,0.004,0.007,0.0061,0.0082,-36.8606
C,Belgium-2016,0.0037,0.0014,0.0027,0.0023,0.0033,-95.0917
C,Belgium-2017,0.002,4e-4,0.0014,0.0012,0.0018,-195.4272
C,Belgium-2018,0.0221,0.0121,0.0171,0.0144,0.0199,-13.2116
C,Brazil-2013,0.5571,-0.1174,0.3657,0.3263,0.441,-0.9392
C,Brazil-2014,0.1497,0.0717,0.1128,0.098,0.1298,-2.1871
C,Brazil-2015,0.057,0.023,0.0424,0.0357,0.0515,-6.0328
C,Brazil-2016,0.4351,0.1351,0.3127,0.2769,0.3721,-0.8996
C,Brazil-2017,0.0917,0.0406,0.069,0.0578,0.0827,-3.5917
C,Brazil-2018,0.1039,0.0309,0.0752,0.0637,0.0923,-3.6843
C,Brazil-2019,0.0541,-0.0079,0.0361,0.0314,0.0469,-9.1863
C,Brazil-2020,0.0427,-0.014,0.0283,0.0248,0.0366,-12.2221
C,Bulgaria-2018,0.112,0.0274,0.0804,0.0671,0.0986,-3.5006
C,Bulgaria-2019,0.1327,0.0335,0.0942,0.0834,0.1114,-3.0814
C,Bulgaria-2021,0.061,0.0025,0.0417,0.0368,0.0505,-7.5985
C,Chile-2014,0.014,0.0014,0.0096,0.0084,0.0114,-32.1374
C,Chile-2015,0.1913,-0.357,0.1232,0.1065,0.1741,-3.1766
C,Chile-2017,0.0133,0.0021,0.0093,0.0082,0.0112,-32.6188
C,Chile-2018,0.0067,-6e-4,0.0045,0.0039,0.0058,-71.9166
C,Chile-2019,0.0072,-0,0.0049,0.0043,0.0062,-64.1253
C,China-2013,1,-0.6729,0.624,0.5669,0.7566,-0.6025
C,China-2014,0.2015,-0.1136,0.1297,0.1117,0.1712,-2.7478
C,China-2015,0.3373,-0.176,0.2181,0.1875,0.2872,-1.6207
C,China-2016,0.265,-0.3203,0.1662,0.1446,0.2288,-2.2824
C,China-2017,0.4344,-0.7157,0.2628,0.232,0.3595,-1.5039
C,China-2018,0.6176,-1.0636,0.3815,0.3328,0.5271,-1.0284
C,China-2019,0.8508,-2.0253,0.502,0.4465,0.7048,-0.8168
C,China-2020,1,-3.0777,0.5775,0.521,0.7501,-0.7316
C,China-2021,1,-3.5778,0.573,0.5188,0.7756,-0.7451
C,Colombia-2015,0.0956,-0.1194,0.0648,0.0548,0.0903,-5.7529
C,Colombia-2017,0.0694,-0.0093,0.0463,0.0408,0.0599,-7.2161
C,Colombia-2019,0.0324,0.0131,0.0238,0.021,0.0277,-11.0568
C,Croatia-2015,0.0977,-0.2223,0.0581,0.051,0.0789,-6.959
C,Croatia-2018,0.0429,0.004,0.0296,0.0256,0.0359,-10.4589
C,Croatia-2019,0.0288,0.0064,0.0203,0.0181,0.0242,-14.5748
C,France-2013,0.0506,0.0148,0.0362,0.0314,0.0419,-7.8118
C,France-2014,0.0064,-2e-4,0.0044,0.0037,0.0057,-71.4165
C,France-2015,0.0129,0.0023,0.0091,0.0077,0.0113,-31.9697
C,France-2016,0.0126,-0.004,0.0083,0.0072,0.0107,-41.4294
C,France-2017,0.0177,-0.0017,0.0122,0.0103,0.016,-26.2422
C,France-2018,0.0302,-0.006,0.0205,0.0175,0.0268,-16.0977
C,Greece-2014,0.0033,8e-4,0.0024,0.002,0.003,-116.7588
C,Greece-2015,0.0956,-0.0713,0.0621,0.0515,0.0845,-5.659
C,Greece-2016,0.0366,0.02,0.0282,0.0244,0.0327,-8.1165
C,Greece-2017,0.0361,7e-4,0.0247,0.0214,0.0309,-12.7747
C,Greece-2018,0.2029,0.0464,0.1434,0.1258,0.1716,-2.0446
C,Greece-2019,0.0285,0.016,0.0221,0.019,0.0255,-10.1957
C,Greece-2020,0.0337,0.0192,0.0262,0.0224,0.0303,-8.4389
C,Greece-2021,0.0191,0.0051,0.0137,0.0118,0.017,-20.5952
C,Hungary-2013,0.0957,-0.128,0.0594,0.0508,0.0828,-6.3712
C,Hungary-2014,0.0157,0.0055,0.0114,0.0101,0.0132,-24.0698
C,Hungary-2015,0.0376,0.0077,0.0266,0.0229,0.0324,-10.9575
C,Hungary-2016,0.0472,0.0164,0.0343,0.0299,0.0403,-7.9737
C,Hungary-2017,0.1481,0.0078,0.101,0.0904,0.1192,-3.1475
C,Hungary-2018,0.0098,-0.0016,0.0065,0.0058,0.0082,-51.6782
C,Hungary-2019,0.037,0.0189,0.0282,0.0245,0.0325,-8.4924
C,Hungary-2020,0.0212,0.011,0.0161,0.014,0.0185,-14.7303
C,Hungary-2021,0.0104,0.0047,0.0078,0.0067,0.0092,-32.3037
C,India-2013,0.0988,0.0505,0.0757,0.0635,0.0885,-3.0907
C,India-2014,0.0166,-0.0032,0.0111,0.0096,0.0142,-30.1946
C,India-2015,0.0353,-0.0118,0.0231,0.0201,0.0291,-15.0305
C,India-2016,0.0742,-0.0012,0.0506,0.0435,0.0659,-6.2715
C,India-2017,0.0768,-0.0152,0.0513,0.0439,0.0648,-6.4804
C,India-2018,0.073,-0.0146,0.0488,0.0417,0.0637,-6.7858
C,India-2019,0.0026,-0.0012,0.0017,0.0015,0.0022,-209.4304
C,India-2020,0.0014,-2e-4,0.001,8e-4,0.0013,-337.929
C,Indonesia-2013,0.0301,0.0059,0.0211,0.0188,0.0248,-14.1825
C,Indonesia-2016,0.0445,0.0117,0.0317,0.0279,0.0378,-9.0968
C,Ireland-2016,0.0048,0.0016,0.0037,0.003,0.0046,-72.9356
C,Ireland-2018,0.0036,4e-4,0.0026,0.0022,0.0032,-116.9026
C,Israel-2013,0.0172,0.0062,0.0127,0.0106,0.0158,-20.4271
C,Israel-2014,0.0094,0.0027,0.0068,0.0057,0.0085,-40.1175
C,Israel-2015,0.0236,0.0092,0.0176,0.0145,0.0216,-14.5665
C,Israel-2016,0.0065,0.0025,0.0048,0.004,0.0059,-53.5522
C,Israel-2017,0.0232,0.0089,0.0172,0.0143,0.021,-14.9976
C,Israel-2018,0.0178,0.0065,0.0131,0.0109,0.0162,-19.8837
C,Israel-2019,0.0132,0.004,0.0096,0.008,0.012,-28.4062
C,Israel-2020,0.0118,0.0031,0.0085,0.0071,0.0106,-32.7451
C,Israel-2021,0.0107,0.003,0.0077,0.0064,0.0095,-35.8667
C,Italy-2013,0.0431,-0,0.0291,0.0263,0.0351,-11.1684
C,Italy-2014,0.019,0.0034,0.0133,0.0118,0.0157,-22.7444
C,Japan-2013,0.6293,0.0509,0.4316,0.3799,0.5239,-0.7279
C,Japan-2014,0.6425,0.1865,0.4615,0.3963,0.5424,-0.6107
C,Japan-2015,0.389,0.1169,0.2823,0.2382,0.3435,-0.9709
C,Japan-2016,0.2173,-0.0488,0.1448,0.1233,0.189,-2.3018
C,Japan-2017,0.4861,-0.0107,0.3334,0.2805,0.4301,-0.9421
C,Japan-2018,0.5384,-0.0987,0.3614,0.3057,0.4749,-0.9099
C,Japan-2019,0.4596,-0.1334,0.3068,0.2623,0.392,-1.0998000000000001
C,Japan-2020,0.4405,-0.0859,0.3017,0.256,0.3921,-1.085
C,Japan-2021,0.3503,-0.1137,0.2307,0.1976,0.3041,-1.479
C,Luxembourg-2016,1,-56.2467,0.5327,0.5007,0.7056,-0.8771
C,Luxembourg-2017,0.1295,-0.1621,0.0858,0.0784,0.1182,-4.5589
C,Luxembourg-2018,0.2454,-0.0899,0.1594,0.1419,0.1988,-2.2153
C,Luxembourg-2019,0.1797,-0.0635,0.116,0.1036,0.138,-3.054
C,Luxembourg-2020,0.1605,0.0236,0.1124,0.0966,0.1387,-2.6659
C,Luxembourg-2021,0.3578,0.0132,0.2459,0.2121,0.3106,-1.2716
C,Malaysia-2014,0.4782,-0.3046,0.314,0.259,0.4271,-1.0933
C,Malaysia-2015,0.2277,0.0785,0.1662,0.1459,0.1916,-1.6251
C,Malaysia-2016,0.193,0.033,0.1349,0.1184,0.1623,-2.2347
C,Malaysia-2018,0.0251,0.01,0.0186,0.016,0.0228,-13.9308
C,Malaysia-2020,0.0063,0.0025,0.0047,0.004,0.0057,-55.224
C,Mexico-2013,0.7837,-0.0258,0.5285,0.4651,0.6273,-0.6162
C,Mexico-2014,0.3911,0.0444,0.2697,0.238,0.3189,-1.1508
C,Mexico-2015,0.4475,0.2089,0.3352,0.2933,0.385,-0.7484
C,Mexico-2016,0.5452,0.2759,0.4137,0.3596,0.4689,-0.5829
C,Mexico-2017,0.3129,0.1682,0.241,0.2051,0.2782,-0.9537
C,Mexico-2018,1,0.4054,0.7352,0.6499,0.843,-0.3602
C,Mexico-2019,0.1534,-3e-4,0.1047,0.0909,0.1292,-3.0285
C,Mexico-2020,0.3592,0.1705,0.2719,0.2327,0.325,-0.8934
C,Mexico-2021,0.0112,0,0.0077,0.0066,0.0099,-40.8809
C,Netherlands-2013,0.0137,0.0041,0.0098,0.0087,0.0116,-28.846800000000002
C,Netherlands-2014,0.0038,0.0019,0.0029,0.0025,0.0033,-82.5889
C,Netherlands-2015,0.003,1e-4,0.002,0.0018,0.0025,-152.2997
C,Netherlands-2016,0.0032,6e-4,0.0023,0.0019,0.0028,-129.1249
C,Netherlands-2017,0.0026,4e-4,0.0018,0.0015,0.0023,-161.5879
C,Norway-2013,0.0185,0.0053,0.0133,0.0113,0.0155,-21.3708
C,Norway-2014,0.0054,0.0054,0.0069,0.0053,0.0104,-24.6803
C,Norway-2016,0.0232,0.0122,0.0178,0.0152,0.0205,-13.1313
C,Norway-2017,0.0036,0.0034,0.0043,0.0032,0.0064,-36.7896
C,Norway-2018,0.013,0.0045,0.0095,0.0081,0.0114,-28.3487
C,Norway-2019,0.0052,0.001,0.0037,0.0032,0.0046,-78.3358
C,Peru-2018,1,-54.4049,0.5317,0.5006,0.7228,-0.8808
C,Peru-2019,0.267,-0.0063,0.1797,0.1602,0.2062,-1.8203
C,Peru-2020,0.7449,-0.0702,0.5016,0.434,0.6182,-0.6509
C,Peru-2021,0.1104,-0.044,0.0709,0.0638,0.0845,-5.0394
C,Philippines-2018,0.0448,0.0109,0.0317,0.0282,0.0374,-9.2321
C,Poland-2013,0.1133,0.02,0.0791,0.0698,0.0941,-3.8124
C,Poland-2014,0.0697,0.0334,0.0525,0.0456,0.06,-4.7113
C,Poland-2015,0.0495,0.0234,0.0375,0.032,0.0446,-6.4825
C,Poland-2016,0.0745,0.0399,0.0574,0.0485,0.0657,-3.9807
C,Poland-2017,0.0232,0.0103,0.0175,0.0148,0.0209,-14.0922
C,Poland-2018,0.0771,0.0424,0.0596,0.0505,0.068,-3.8091
C,Poland-2019,0.0184,0.0064,0.0135,0.0115,0.0166,-19.7797
C,Poland-2020,0.0083,0.0015,0.0059,0.005,0.0074,-49.95
C,Poland-2021,0.0078,0.0027,0.0057,0.0048,0.007,-46.243
C,Portugal-2014,0.0099,0.0055,0.0076,0.0066,0.0088,-29.6968
C,Portugal-2015,0.0266,0.0134,0.0203,0.0174,0.024,-11.6904
C,Portugal-2016,0.0737,0.0418,0.0573,0.049,0.0662,-3.8896
C,Portugal-2017,0.0108,8e-4,0.0075,0.0065,0.0096,-40.6791
C,Portugal-2018,0.0188,3e-4,0.0129,0.0111,0.0163,-24.3218
C,Romania-2016,0.0668,-0.002,0.0452,0.0397,0.0571,-7.1383
C,Romania-2017,0.2379,-0.2481,0.1615,0.1355,0.2229,-2.2465
C,Romania-2018,0.2376,-0.2315,0.1635,0.1366,0.2299,-2.1948
C,Romania-2019,0.1074,0.0445,0.0794,0.0698,0.0932,-3.2857
C,Romania-2020,0.1648,0.0642,0.121,0.1065,0.142,-2.2009
C,Romania-2021,0.0707,0.0077,0.0494,0.0422,0.0623,-6.0853
C,Singapore-2013,0.1103,0.0613,0.0855,0.0725,0.0983,-2.6309
C,Singapore-2014,0.0476,0.0091,0.0336,0.029,0.0419,-8.7654
C,Singapore-2015,0.0234,-0.0072,0.0153,0.0134,0.0197,-22.7538
C,Singapore-2016,0.0428,-0.0078,0.0283,0.0249,0.0346,-11.9383
C,Singapore-2017,0.0859,-0.0155,0.057,0.0499,0.071,-5.8929
C,Singapore-2018,0.1529,-0.0059,0.104,0.0899,0.134,-3.0754
C,Singapore-2019,0.1091,-0.0028,0.0744,0.0641,0.0956,-4.2816
C,Slovenia-2018,0.1917,-0.3719,0.125,0.1082,0.1764,-3.1395
C,South Africa-2014,0.1434,-0.2109,0.0888,0.0762,0.127,-4.296
C,South Africa-2016,0.0134,0.0064,0.0111,0.0092,0.0139,-22.118
C,South Africa-2017,0.0122,0.0057,0.01,0.0082,0.0123,-24.7924
C,South Africa-2018,0.0124,0.0011,0.0086,0.0074,0.0107,-35.7249
C,South Africa-2019,0.0025,-2e-4,0.0017,0.0014,0.0021,-194.325
C,South Africa-2020,0.0153,-1e-4,0.0105,0.009,0.0133,-30.1542
C,Spain-2013,0.0412,0.0203,0.0313,0.0264,0.0363,-7.6316
C,Spain-2014,0.0483,0.0235,0.0368,0.0307,0.0434,-6.5053
C,Spain-2015,0.0851,0.0414,0.0644,0.0546,0.074,-3.7643
C,Spain-2016,0.0419,0.0141,0.0306,0.026,0.0377,-8.8012
C,Spain-2017,0.0434,0.0153,0.0318,0.027,0.0393,-8.3631
C,Spain-2018,0.0446,0.0176,0.0331,0.0279,0.0405,-7.7828
C,Spain-2019,0.021,-2e-4,0.0143,0.0123,0.0182,-22.1753
C,Spain-2020,0.0191,0,0.0131,0.0112,0.0168,-24.1845
C,Spain-2021,0.0078,-0.0035,0.005,0.0044,0.0064,-71.1153
C,Switzerland-2015,0.0022,7e-4,0.0016,0.0013,0.002,-167.5319
C,Ukraine-2013,0.526,-4.8909,0.4419,0.4012,0.6252,-0.9906
C,Ukraine-2014,1,-14.8515,0.5403,0.5041,0.7846,-0.8508
C,Ukraine-2015,0.6915,-1.9856,0.4062,0.3593,0.5943,-1.0158
C,Ukraine-2016,0.3308,-0.6351,0.2,0.1734,0.2759,-1.9758
C,Ukraine-2017,0.1815,-0.3255,0.1107,0.0954,0.1508,-3.5259
C,Ukraine-2018,0.2189,0.024,0.1515,0.1333,0.1862,-2.0317
C,United Kingdom-2013,0.0481,0.0154,0.035,0.0296,0.0426,-7.747
C,United Kingdom-2014,0.0117,-0.0034,0.0078,0.0067,0.0099,-44.0086
C,United Kingdom-2021,0.0263,-0.027,0.0164,0.0144,0.0226,-22.8902
C,United States-2013,0.1128,-0.0456,0.0742,0.063,0.0987,-4.6179
C,United States-2014,0.1328,-0.0321,0.0891,0.0749,0.1164,-3.6977
C,United States-2015,0.175,-0.0378,0.118,0.0987,0.1585,-2.7605
C,United States-2016,0.2541,-0.0629,0.1708,0.1432,0.2308,-1.9201
C,United States-2017,0.3522,-0.1293,0.2333,0.1971,0.3087,-1.4475
C,United States-2018,0.3783,-0.1824,0.2486,0.2087,0.3345,-1.3791
C,United States-2019,0.3119,-0.2243,0.2016,0.1699,0.2787,-1.7526
C,United States-2020,0.2433,-0.2669,0.1525,0.131,0.2097,-2.4485
C,United States-2021,0.1255,-0.1477,0.0786,0.0672,0.1082,-4.7605
