DMU,alpha_90,alpha_95,alpha_99,alpha_100,orderm_25,orderm_50,orderm_100
Argentina-2013,4.2961,4.6519,7.4992,8.453,64.0405,68.4737,68.4737
Argentina-2016,3.52,3.6428,3.9386,4.0279,233.5661,243.959,253.0258
Argentina-2017,3.9519,4.4155,4.6084,4.6223,59.6949,67.232,69.654
Argentina-2018,2.7085,2.9004,3.1365,3.1956,218.5597,255.5928,268.2345
Argentina-2019,3.5405,4.2455,4.7446,4.8108,102.8378,116.1196,117.8081
Argentina-2020,3.1105,3.313,3.4652,3.5556,14.9885,16.3263,16.5647
Argentina-2021,3.0597,3.336,3.4426,3.4635,23.6398,25.4648,26.3511
Australia-2013,0.3539,0.558,0.9091,1,1050.4737,1623.2144,2144.0099
Australia-2015,0.6907,1.0396,1.2613,2.0203,21.395,30.5666,40.0694
Australia-2017,0.5174,0.6067,1.036,1.1007,43.5184,62.1553,89.407
Australia-2019,0.4649,0.6448,0.9089,1.131,7.5271,11.0606,13.6394
Austria-2013,1.4157,1.6095,2.103,2.158,77.8124,90.8489,98.9201
Austria-2014,1.5235,1.8402,2.2618,2.3409,44.2102,49.3592,53.6287
Austria-2015,1.194,1.468,1.8388,1.8773,126.1721,139.3436,152.4185
Austria-2016,1.1351,1.2291,1.6244,1.6721,53.6288,66.6979,69.1321
Austria-2017,1.1437,1.3131,1.6637,1.7439,22.0849,25.2732,27.3671
Austria-2018,1.3137,1.551,1.7047,1.9387,5.7328,6.9152,7.2517
Austria-2019,1.1746,1.3729,1.6391,4.0145,3.7638,4.2207,4.647
Austria-2020,1.0764,1.2347,1.4314,1.5424,2.3786,2.8449,3.0267
Austria-2021,0.923,1.0218,1.2576,2.949,1.5076,1.7032,1.8664
Belgium-2013,1.196,1.4188,1.7624,1.8254,38.3623,44.3527,47.779
Belgium-2016,1.5121,1.8396,1.9499,2.2282,4.4771,5.0585,5.5057
Belgium-2017,1.6267,1.8061,2.085,2.2766,1.0833,1.279,1.3396
Belgium-2018,1.0304,1.2208,1.5096,1.7061,7.5981,9.1323,9.6595
Brazil-2013,0.7889,1.0056,1.0809,1.1063,230.4388,311.1419,359.7512
Brazil-2014,0.8666,0.9735,1.0933,1.1368,29.7635,39.4717,44.8642
Brazil-2015,0.9775,1.2128,1.7589,2.8211,5.8527,6.6913,7.7861
Brazil-2016,0.6434,0.813,0.938,1,56.7197,67.3191,81.1398
Brazil-2017,0.887,1.0251,1.6017,2.6243,6.4207,7.7027,9.9605
Brazil-2018,0.7451,1.1071,1.4131,2.1489,6.2809,8.4054,10.6001
Brazil-2019,0.7177,1.0468,1.7749,3.1967,4.392,6.8469,10.4354
Brazil-2020,0.6086,1.0127,1.6152,2.8099,1.5085,2.2139,2.7981
Bulgaria-2018,1.363,1.4238,1.4724,1.4846,1,1,1
Bulgaria-2019,1.2725,1.455,1.601,1.6375,49.2339,50.2108,50.2108
Bulgaria-2021,0.9918,0.9959,0.9992,1,84.892,90.1684,90.1684
Chile-2014,2.1389,2.4567,2.7402,2.8111,0.9538,0.9908,1
Chile-2015,1.1502,1.2846,1.3921,1.419,746.5756,802.4412,818.9831
Chile-2017,1.5562,1.7876,1.9832,2.0321,42.0818,44.6652,44.9679
Chile-2018,1.4917,1.7639,2.5373,2.787,4.0885,4.5504,4.7616
Chile-2019,1.3249,1.5302,2.1871,2.3754,10.7799,12.1415,12.6574
China-2013,0.0923,0.1297,0.2313,1,35.8945,55.1843,99.003
China-2014,0.1929,0.2286,0.5898,1,2.9805,6.0567,7.6123
China-2015,0.1928,0.2242,0.5952,1,3.4113,6.1638,8.6704
China-2016,0.2036,0.3081,0.9864,1,0.9831,1.8545,2.6891
China-2017,0.1693,0.2476,0.836,1,1.0796,2.0318,2.2585
China-2018,0.1477,0.2446,0.6803,1,0.8849,1.0995,1.4177
China-2019,0.1134,0.1879,0.5224,1,0.7563,1.3436,1.9209
China-2020,0.1054,0.2135,0.6842,1,0.6919,1.1459,1.5831
China-2021,0.0827,0.1759,0.6668,1,0.4511,0.6092,0.9175
Colombia-2015,1.668,1.967,2.1254,2.165,651.2918,757.2557,813.4692
Colombia-2017,0.9815,1.0583,1.1152,1.1295,227.0367,250.1844,259.8648
Colombia-2019,1.1255,1.2593,1.6537,1.7743,50.2103,58.2849,63.2553
Croatia-2015,0.9692,0.9846,0.9969,1,2.9839,2.9839,2.9839
Croatia-2018,1.5208,1.8146,2.0496,2.1083,18.7277,18.7277,18.7277
Croatia-2019,1.3699,1.6107,1.8439,1.9023,35.5417,35.5417,35.8814
France-2013,0.4118,0.5184,0.7529,1,30.7961,42.2779,63.19
France-2014,0.6656,0.9852,1.727,2.7907,1.4435,1.982,2.4684
France-2015,0.5567,0.7295,1.0121,1.7499,4.2602,6.2267,9.1512
France-2016,0.5897,0.8604,1.0272,1.7804,1.9475,3.2141,4.7948
France-2017,0.6279,0.944,1.6283,2.628,1.9026,2.1224,3.0212
France-2018,0.5751,0.882,1.4668,2.3703,1.6666,1.9658,2.9258
Greece-2014,0.9947,1.2475,1.3889,1.4111,0.8009,0.9563,0.9922
Greece-2015,0.9735,1.0305,1.0875,1.1018,688.3567,786.3112,816.8348
Greece-2016,0.9458,1.0406,1.2319,1.2641,28.9859,32.849,33.5263
Greece-2017,1.0795,1.3237,1.3808,1.404,5.5404,6.4495,6.5984
Greece-2018,0.7658,0.8342,0.964,1,150.2463,159.8624,167.2266
Greece-2019,0.9142,0.9767,0.9947,1,31.734,34.7903,37.3029
Greece-2020,0.7388,0.7861,0.9054,1,18.931,22.1268,23.4942
Greece-2021,0.5993,0.6295,0.8678,1,6.6617,7.7332,8.2197
Hungary-2013,2.0917,2.5749,2.8015,2.8581,694.795,788.4748,816.2261
Hungary-2014,2.6537,3.1819,3.5446,3.6141,56.3595,63.0493,64.8064
Hungary-2015,2.5187,3.2661,3.6124,3.6689,0.9232,1.0308,1.0336
Hungary-2016,2.3094,2.7819,3.1822,3.2538,25.4623,29.8326,31.7708
Hungary-2017,2.4498,2.7338,3.0083,3.0819,135.7854,149.2003,153.9134
Hungary-2018,2.1407,2.5201,2.7693,2.8116,8.039,9.2032,9.3727
Hungary-2019,1.5041,1.728,2.0316,2.0832,28.2562,31.9795,32.8052
Hungary-2020,1.4161,1.7705,1.877,1.8829,33.576,38.3301,40.2165
Hungary-2021,1.4302,1.5961,1.6878,1.7376,13.715,15.5375,16.1281
India-2013,0.2852,0.3403,0.4442,1,9.899,16.08,21.6671
India-2014,0.2659,0.2895,0.6824,1,0.405,0.5903,0.8339
India-2015,0.221,0.2406,0.5617,1,0.9015,1.4764,1.7632
India-2016,0.1994,0.2476,0.5278,1,3.0975,5.53,7.1538
India-2017,0.1938,0.2984,0.8764,1,0.3505,0.4925,0.7215
India-2018,0.1873,0.3175,0.7729,1,0.3965,0.4815,0.7584
India-2019,0.1359,0.2387,0.54990000000000006,1,3.0185,4.3677,5.6057
India-2020,0.1124,0.1807,0.5164,1,0.2893,0.396,0.5436
Indonesia-2013,0.9936,1.1338,1.2647,1.2974,37.0212,42.3561,43.1735
Indonesia-2016,0.7307,0.7959,0.9546,1,133.8249,150.4322,155.9584
Ireland-2016,2.2852,2.8626,3.8629,4.3601,1.4689,1.7704,1.8433
Ireland-2018,1.8755,2.5363,3.0973,3.4624,2.605,2.9834,3.0681
Israel-2013,2.7368,3.0477,3.5364,3.7993,1.793,2.0474,2.1861
Israel-2014,2.2395,2.5853,2.9961,3.2319,1.9026,2.2198,2.316
Israel-2015,2.154,2.4235,2.7901,3.062,0.787,0.9087,0.9626
Israel-2016,1.9779,2.1841,2.6825,6.3381,0.813,0.9098,0.9545
Israel-2017,1.8485,2.0767,3.2999,5.521,0.7503,0.8586,0.9373
Israel-2018,1.5733,2.4759,5.9609,7.7491,0.4776,0.6675,0.8439
Israel-2019,1.2382,2.1459,5.3359,8.4245,0.5251,0.7296,0.8479
Israel-2020,1.0858,1.7574,4.3923,6.9586,0.408,0.5924,0.7159
Israel-2021,1.2003,1.9639,4.3963,6.3263,0.3305,0.4357,0.6793
Italy-2013,0.4115,0.4898,0.702,1,117.7351,196.0579,242.1779
Italy-2014,0.436,0.4986,0.9477,1,62.3229,96.1641,141.0494
Japan-2013,0.2832,0.3784,0.6036,1,40.5874,53.2731,78.6569
Japan-2014,0.3719,0.5684,0.9941,1.0356,19.7215,28.3072,41.035
Japan-2015,0.468,0.565,0.9444,1,6.8876,11.3616,12.8422
Japan-2016,0.5233,0.7726,1.1747,2.241,2.0609,2.8514,3.898
Japan-2017,0.4805,0.7313,0.9521,1.416,2.4712,3.9296,4.9478
Japan-2018,0.5518,0.7265,1.0657,1.8337,2.4709,2.9536,3.5978
Japan-2019,0.552,0.6538,1.0187,1.6166,1.2429,1.695,2.1646
Japan-2020,0.4369,0.5875,1.0079,1.5422,1.0792,1.2942,1.8739
Japan-2021,0.4812,0.5838,0.9549,1.4061,1.7113,2.2699,3.0535
Luxembourg-2016,2.5882,2.8025,2.9739,3.0168,27919.1763,34738.6717,43421.3566
Luxembourg-2017,2.6838,3.2022,3.6169,3.7206,1,1,1
Luxembourg-2018,2.5507,2.8311,3.3014,3.4189,1,1,1
Luxembourg-2019,2.2353,2.4988,2.8809,2.9765,1.3505,1.3505,1.3505
Luxembourg-2020,1.8029,1.9865,2.3435,2.4327,1,1,1
Luxembourg-2021,1.5121,1.6661,1.9655,2.0403,1.4922,1.5075,1.5075
Malaysia-2014,0.5346,0.6528,0.9306,1,669.4849,783.7315,845.6964
Malaysia-2015,0.6239,0.6701,0.9736,1,54.1986,62.7592,67.9606
Malaysia-2016,0.6994,0.8593,1.0457,1.0662,113.8889,143.8179,152.2498
Malaysia-2018,0.6116,0.786,1.0628,1.1611,6.8,7.8108,8.4236
Malaysia-2020,0.5053,0.5304,0.7974,1,7.845,9.036,9.7017
Mexico-2013,1.0447,1.1279,1.8179,2.0592,190.7788,221.3831,238.2006
Mexico-2014,1.254,1.5418,1.9313,1.9716,113.4265,137.352,143.2153
Mexico-2015,1.2724,1.5095,1.875,1.942,37.3087,41.1013,43.6256
Mexico-2016,1.217,1.5058,1.7717,1.8376,30.5706,34.6446,36.525
Mexico-2017,1.198,1.2814,1.7513,1.8254,12.2047,14.3295,14.877
Mexico-2018,0.9963,1.0483,1.4787,1.5251,46.4795,51.6608,54.923
Mexico-2019,0.8783,1.1005,1.4814,1.6633,2.519,2.8354,3.0955
Mexico-2020,0.7446,0.7816,0.9715,1,8.2254,10.1516,10.8619
Mexico-2021,0.6756,0.7859,1.1678,1.3088,1.8412,2.1507,2.2855
Netherlands-2013,0.7223,0.9578,1.0552,1.1006,37.4343,46.2801,50.7519
Netherlands-2014,0.8423,0.9896,1.1215,1.1797,20.1666,25.681,32.492
Netherlands-2015,1.1222,1.5745,2.152,3.2837,2.017,2.5955,2.9999
Netherlands-2016,1.0259,1.6422,2.7935,5.0528,0.9347,1.2938,1.3691
Netherlands-2017,1.0083,1.6156,2.7496,4.9663,1.0675,1.2748,1.5413
Norway-2013,2.6468,2.974,3.8753,3.974,80.1747,94.2364,99.455
Norway-2014,3.248,3.7794,4.2753,4.7941,6.3721,7.4458,7.6823
Norway-2016,2.1116,2.5264,3.0849,3.2176,22.7589,25.3119,27.0389
Norway-2017,2.489,2.9352,3.0332,3.4681,2.8267,3.3887,3.6291
Norway-2018,1.8925,2.2466,2.3727,2.6857,5.038,5.7002,6.2013
Norway-2019,1.6949,1.8899,2.1916,2.3593,1.2921,1.549,1.6395
Peru-2018,1,1,1,1,18872.4253,33101.476,39622.4701
Peru-2019,1.5969,1.6715,1.7312,1.7461,1,1,1
Peru-2020,1.206,1.2317,1.2523,1.2575,1,1,1
Peru-2021,0.9433,0.9717,0.9943,1,1,1,1
Philippines-2018,2.0537,2.4422,2.6947,2.7668,96.7494,110.9221,114.3878
Poland-2013,0.8632,0.9597,1.2286,1.3362,124.6798,139.3361,145.2653
Poland-2014,0.8302,0.9417,1.2234,1.2662,30.5876,36.9401,38.5768
Poland-2015,0.8628,1.0108,1.1448,1.2719,6.1337,7.7252,8.0853
Poland-2016,0.6692,0.8387,0.9755,1,14.3829,17.7283,19.3004
Poland-2017,0.8193,0.9591,1.0531,1.1772,5.2279,6.5086,7.1314
Poland-2018,0.6312,0.8123,0.9563,1,10.9379,13.2713,14.2955
Poland-2019,0.8557,0.9829,1.0208,1.1598,3.5361,4.0889,4.2612
Poland-2020,0.8431,0.9485,1.0078,1.1112,2.4126,2.8442,3.0607
Poland-2021,0.7223,0.7978,0.9394,1,4.9537,6.2373,7.9468
Portugal-2014,1,1.076,1.1335,1.1373,33.4777,37.7183,39.1295
Portugal-2015,0.835,0.9207,0.972,1,15.0376,16.9479,17.4607
Portugal-2016,0.9757,1.0111,1.0677,1.0716,22.8418,25.1812,26.4218
Portugal-2017,0.9488,1.0028,1.0542,1.0726,1.6708,1.9875,2.0495
Portugal-2018,0.9096,0.9627,1.0665,1.1796,2.1569,2.6055,2.7506
Romania-2016,0.6254,0.7588,0.9518,1,208.8074,235.0264,250.4705
Romania-2017,0.4891,0.7446,0.9489,1,645.0104,758.1479,807.9552
Romania-2018,0.8043,0.9162,0.9832,1,629.1365,746.0313,807.9552
Romania-2019,0.7583,0.9655,1.0568,1.0738,58.7569,66.0653,73.7379
Romania-2020,0.4644,0.7045,0.9405,1,60.4503,71.8372,75.472
Romania-2021,0.7655,0.9261,0.9884,1,7.8558,9.3283,10.5576
Singapore-2013,1.0047,1.2335,1.4578,1.4996,11.6581,13.486,14.6
Singapore-2014,1.0633,1.2581,1.3835,1.5685,3.0317,3.4422,3.8416
Singapore-2015,1.0824,1.1948,1.2744,1.4797,0.8648,1.0254,1.075
Singapore-2016,0.9693,1.085,1.1907,1.3671,1.7817,1.9915,2.1719
Singapore-2017,0.8917,1.0127,1.1105,1.2811,1.1094,1.2972,1.4134
Singapore-2018,0.7387,0.8754,1.0008,1.0817,0.4446,0.5711,0.8489
Singapore-2019,0.6926,0.77,0.9151,1,0.4213,0.5931,0.7666
Slovenia-2018,1.1578,1.3145,1.44,1.4713,727.3346,796.2015,818.9831
South Africa-2014,2.9688,3.1484,3.3359,3.3828,742.9264,810.7122,816.2261
South Africa-2016,3.2006,3.4156,3.6162,3.6688,6.33,6.7872,6.8507
South Africa-2017,3.0341,3.2371,3.3957,3.4491,4.727,5.1311,5.1554
South Africa-2018,2.2509,2.6076,2.7277,2.7767,4.9419,5.5747,5.8031
South Africa-2019,1.6346,1.9354,2.2126,2.2515,1.6783,1.8497,1.9093
South Africa-2020,1.2043,1.419,1.5695,1.594,3.4109,4.1279,4.2933
Spain-2013,0.5406,0.6449,0.7791,1,12.282,16.4424,20.6795
Spain-2014,0.5405,0.6276,1.0167,1.8339,10.1481,13.8489,17.0183
Spain-2015,0.45,0.5407,0.696,1,13.9103,23.6537,29.5279
Spain-2016,0.6133,0.7396,1.097,1.7995,4.7382,6.7913,9.1102
Spain-2017,0.5466,0.7234,0.9973,1.5884,4.9998,6.6342,8.7947
Spain-2018,0.5115,0.6168,0.9899,1.5006,5.2422,7.4408,9.2425
Spain-2019,0.4448,0.7047,1.1901,2.1908,2.9513,3.5291,4.8739
Spain-2020,0.4006,0.6637,1.1025,1.9717,2.7793,4.0529,5.0572
Spain-2021,0.3617,0.6384,1.0249,1.78,1.4338,1.963,2.571
Switzerland-2015,1.5821,2.4384,5.3115,9.9607,0.7038,0.9613,1.1525
Ukraine-2013,2.1703,2.3859,2.5583,2.6014,3.1516,3.1516,3.1516
Ukraine-2014,2.3619,2.5205,2.6474,2.6791,17799.9951,27799.7725,35117.6383
Ukraine-2015,1.6332,1.7186,1.7869,1.804,2.9839,2.9839,2.9839
Ukraine-2016,1.2172,1.2637,1.3009,1.3102,249.4417,249.4417,249.4417
Ukraine-2017,0.9175,0.9588,0.9918,1,237.3097,249.4417,249.4417
Ukraine-2018,0.8049,0.9025,0.9805,1,72.9435,81.6975,81.6975
United Kingdom-2013,0.4591,0.6079,0.8929,1.0662,7.652,13.2171,15.8653
United Kingdom-2014,0.5818,0.859,1.2334,2.4916,1.9859,2.911,3.4412
United Kingdom-2021,0.289,0.358,0.7369,1,0.5467,0.8509,0.9625
United States-2013,0.3395,0.5951,1.5304,2.9347,0.4836,0.696,0.839
United States-2014,0.3651,0.8084,2.1789,3.2036,0.3338,0.5105,0.7325
United States-2015,0.3744,0.8859,1.9986,2.9474,0.5121,0.7265,0.919
United States-2016,0.3894,0.9251,2.4043,3.6286,0.5167,0.6808,0.8701
United States-2017,0.3531,0.8638,2.0869,3.1569,0.5303,0.6676,0.9458
United States-2018,0.3057,0.7804,1.6642,2.5292,0.4038,0.482,0.644
United States-2019,0.2511,0.6364,1.3143,2.0022,0.2315,0.3916,0.5814
United States-2020,0.2134,0.5411,1.124,1.7022,0.4372,0.5708,0.9968
United States-2021,0.2547,0.5307,1.0372,1.5659,0.317,0.5368,0.7281
