modelo,DMU,cols,sfa,bcc
S,Argentina-2013,0.065,1.2102,0.1152
S,Argentina-2016,0.0831,1.2528,0.1455
S,Argentina-2017,0.077,1.2399,0.1456
S,Argentina-2018,0.1135,1.3289,0.1965
S,Argentina-2019,0.0869,1.2635,0.1573
S,Argentina-2020,0.1009,1.3019,0.1765
S,Argentina-2021,0.1002,1.2991,0.1795
S,Australia-2013,0.2621,1.7458,1
S,Australia-2015,0.2022,1.5815,0.3765
S,Australia-2017,0.247,1.7175,0.5454
S,Australia-2019,0.3149,1.9491,0.4993
S,Austria-2013,0.1255,1.3571,0.3275
S,Austria-2014,0.1129,1.3255,0.2766
S,Austria-2015,0.1462,1.4115,0.4049
S,Austria-2016,0.147,1.4156,0.3736
S,Austria-2017,0.136,1.3882,0.3223
S,Austria-2018,0.1341,1.3862,0.2342
S,Austria-2019,0.1489,1.4289,0.2319
S,Austria-2020,0.1651,1.4769,0.2455
S,Austria-2021,0.1814,1.5272,0.2358
S,Belgium-2013,0.1506,1.4274,0.3612
S,Belgium-2016,0.1171,1.3413,0.1886
S,Belgium-2017,0.1012,1.3024,0.1272
S,Belgium-2018,0.1479,1.4233,0.2852
S,Brazil-2013,0.1718,1.4793,0.6066
S,Brazil-2014,0.1514,1.4282,0.3727
S,Brazil-2015,0.1417,1.4065,0.2473
S,Brazil-2016,0.1856,1.5254,0.4705
S,Brazil-2017,0.1753,1.5037,0.2961
S,Brazil-2018,0.1963,1.5685,0.3056
S,Brazil-2019,0.2035,1.5931,0.2747
S,Brazil-2020,0.2267,1.6704,0.256
S,Bulgaria-2018,0.1707,1.5149,0.4901
S,Bulgaria-2019,0.3322,2.0259,0.5855
S,Bulgaria-2021,0.4263,2.337,0.7504
S,Chile-2014,0.089,1.2774,0.1825
S,Chile-2015,0.224,1.652,0.3284
S,Chile-2017,0.1635,1.4786,0.2535
S,Chile-2018,0.1362,1.4052,0.2619
S,Chile-2019,0.1851,1.5494,0.3296
S,China-2013,0.5942,2.8017,1
S,China-2014,0.4593,2.408,0.8887
S,China-2015,0.44,2.3437,0.8741
S,China-2016,0.3706,2.127,0.6407
S,China-2017,0.4246,2.3021,0.7548
S,China-2018,0.479,2.4831,0.7655
S,China-2019,0.6011,2.862,1
S,China-2020,0.6308,2.9534,1
S,China-2021,0.7314,3.26,1
S,Colombia-2015,0.3268,1.9842,0.4581
S,Colombia-2017,0.3814,2.1797,0.6028
S,Colombia-2019,0.3811,2.1871,0.5483
S,Croatia-2015,0.2897,1.8734,0.6009
S,Croatia-2018,0.2172,1.6482,0.4067
S,Croatia-2019,0.237,1.7076,0.3859
S,France-2013,0.2382,1.6845,0.5166
S,France-2014,0.1815,1.5247,0.277
S,France-2015,0.2245,1.6513,0.386
S,France-2016,0.2036,1.5896,0.3176
S,France-2017,0.1958,1.5672,0.3026
S,France-2018,0.2138,1.6231,0.3309
S,Greece-2014,0.242,1.7416,0.4778
S,Greece-2015,0.4697,2.4426,0.727
S,Greece-2016,0.3478,2.0716,0.588
S,Greece-2017,0.2498,1.7532,0.4041
S,Greece-2018,0.439,2.3556,0.7698
S,Greece-2019,0.3826,2.1827,0.6884
S,Greece-2020,0.438,2.3695,0.7764
S,Greece-2021,0.4963,2.5709,0.8132
S,Hungary-2013,0.1979,1.567,0.3001
S,Hungary-2014,0.146,1.4233,0.2403
S,Hungary-2015,0.0928,1.2873000000000001,0.1817
S,Hungary-2016,0.1561,1.4549,0.2503
S,Hungary-2017,0.1449,1.4173,0.2441
S,Hungary-2018,0.1356,1.398,0.2228
S,Hungary-2019,0.1998,1.5844,0.3435
S,Hungary-2020,0.2219,1.6528,0.3889
S,Hungary-2021,0.2201,1.6509,0.3779
S,India-2013,0.6239,2.9445,1
S,India-2014,0.4927,2.574,0.5907
S,India-2015,0.6493,3.0568,0.7149
S,India-2016,0.8208,3.5391,1
S,India-2017,0.6332,3.0262,0.7325
S,India-2018,0.7395,3.3506,0.8423
S,India-2019,1,4.0443,1
S,India-2020,0.9888,4.079,1
S,Indonesia-2013,0.3433,2.0598,0.542
S,Indonesia-2016,0.482,2.4976,0.8383
S,Ireland-2016,0.1031,1.3107,0.1606
S,Ireland-2018,0.1257,1.3698,0.1919
S,Israel-2013,0.0677,1.2193,0.094
S,Israel-2014,0.0777,1.243,0.1103
S,Israel-2015,0.0713,1.2288,0.084
S,Israel-2016,0.0744,1.2362,0.085
S,Israel-2017,0.0807,1.2514,0.0891
S,Israel-2018,0.0876,1.2694,0.0926
S,Israel-2019,0.1105,1.3283,0.1167
S,Israel-2020,0.1202,1.3554,0.1365
S,Israel-2021,0.1171,1.3484,0.1416
S,Italy-2013,0.3042,1.8959,0.7695
S,Italy-2014,0.3023,1.8931,0.729
S,Japan-2013,0.1843,1.5135,0.5915
S,Japan-2014,0.1644,1.4587,0.356
S,Japan-2015,0.1564,1.44,0.2821
S,Japan-2016,0.1413,1.4022,0.2671
S,Japan-2017,0.151,1.4279,0.2843
S,Japan-2018,0.1662,1.4719,0.3159
S,Japan-2019,0.1781,1.5086,0.3359
S,Japan-2020,0.1846,1.5289,0.3417
S,Japan-2021,0.2107,1.6056,0.4009
S,Luxembourg-2016,0.1146,1.3339,0.1793
S,Luxembourg-2017,0.1159,1.34,0.1832
S,Luxembourg-2018,0.1069,1.3199,0.1771
S,Luxembourg-2019,0.1243,1.366,0.1959
S,Luxembourg-2020,0.101,1.3118,0.26
S,Luxembourg-2021,0.1244,1.3757,0.3038
S,Malaysia-2014,0.6344,2.9393,1
S,Malaysia-2015,0.497,2.5441,0.9527
S,Malaysia-2016,0.4392,2.3461,0.8453
S,Malaysia-2018,0.4539,2.4279,0.7621
S,Malaysia-2020,0.5657,2.7892,0.9542
S,Mexico-2013,0.2274,1.6543,0.4384
S,Mexico-2014,0.2186,1.6289,0.4402
S,Mexico-2015,0.2061,1.5961,0.412
S,Mexico-2016,0.2235,1.652,0.4335
S,Mexico-2017,0.2214,1.6511,0.3969
S,Mexico-2018,0.3149,1.9485,0.6062
S,Mexico-2019,0.2834,1.8646,0.43
S,Mexico-2020,0.3741,2.1608,0.646
S,Mexico-2021,0.3548,2.1093,0.5483
S,Netherlands-2013,0.1905,1.5411,0.4802
S,Netherlands-2014,0.1754,1.4999,0.3979
S,Netherlands-2015,0.1399,1.4054,0.1779
S,Netherlands-2016,0.1398,1.4073,0.1521
S,Netherlands-2017,0.1413,1.4109,0.1625
S,Norway-2013,0.0943,1.2797,0.2021
S,Norway-2014,0.0791,1.2462,0.1364
S,Norway-2016,0.0934,1.2788,0.202
S,Norway-2017,0.0873,1.2667,0.1351
S,Norway-2018,0.1205,1.3515,0.2022
S,Norway-2019,0.1222,1.359,0.1641
S,Peru-2018,0.259,1.777,1
S,Peru-2019,0.2661,1.8046,0.5153
S,Peru-2020,0.3421,2.0671,0.7311
S,Peru-2021,0.4984,2.5822,1
S,Philippines-2018,0.1929,1.5621,0.2975
S,Poland-2013,0.3744,2.137,0.6928
S,Poland-2014,0.344,2.0461,0.6646
S,Poland-2015,0.3522,2.0849,0.6038
S,Poland-2016,0.3998,2.236,0.7409
S,Poland-2017,0.3526,2.0855,0.5985
S,Poland-2018,0.3433,2.0456,0.629
S,Poland-2019,0.2782,1.8364,0.4397
S,Poland-2020,0.2758,1.8305,0.405
S,Poland-2021,0.3197,1.9735,0.5005
S,Portugal-2014,0.3411,2.0442,0.6108
S,Portugal-2015,0.3838,2.1945,0.6602
S,Portugal-2016,0.3411,2.0469,0.6002
S,Portugal-2017,0.2655,1.8102,0.4434
S,Portugal-2018,0.2872,1.8811,0.4603
S,Romania-2016,0.6129,2.9226,0.9439
S,Romania-2017,0.6222,2.9329,0.8821
S,Romania-2018,0.7179,3.2167,1
S,Romania-2019,0.6398,3.0182,0.9174
S,Romania-2020,0.7124,3.2375,1
S,Romania-2021,0.5734,2.8368,0.9846
S,Singapore-2013,0.2382,1.7022,0.43
S,Singapore-2014,0.2281,1.6755,0.3477
S,Singapore-2015,0.2016,1.5967,0.2695
S,Singapore-2016,0.2381,1.7101,0.3403
S,Singapore-2017,0.2479,1.7452,0.3302
S,Singapore-2018,0.2555,1.7784,0.3794
S,Singapore-2019,0.2727,1.8397,0.4086
S,Slovenia-2018,0.2145,1.6223,0.3129
S,South Africa-2014,0.1326,1.3773,0.2094
S,South Africa-2016,0.0919,1.2805,0.15
S,South Africa-2017,0.0933,1.2844,0.1496
S,South Africa-2018,0.1197,1.3543,0.1933
S,South Africa-2019,0.1388,1.4112,0.2462
S,South Africa-2020,0.2244,1.6729,0.3764
S,Spain-2013,0.3083,1.9258,0.5266
S,Spain-2014,0.3117,1.9388,0.5071
S,Spain-2015,0.3694,2.1254,0.6993
S,Spain-2016,0.2911,1.875,0.4251
S,Spain-2017,0.3216,1.9756,0.4768
S,Spain-2018,0.3348,2.018,0.5159
S,Spain-2019,0.3552,2.0919,0.4461
S,Spain-2020,0.3936,2.2199,0.4951
S,Spain-2021,0.3895,2.2108,0.4484
S,Switzerland-2015,0.0904,1.2753,0.0983
S,Ukraine-2013,0.1307,1.377,0.202
S,Ukraine-2014,0.144,1.4147,0.2453
S,Ukraine-2015,0.2336,1.6871,0.4262
S,Ukraine-2016,0.3629,2.1164,0.726
S,Ukraine-2017,0.4891,2.5336,1
S,Ukraine-2018,0.5817,2.8403,1
S,United Kingdom-2013,0.2558,1.7494,0.4583
S,United Kingdom-2014,0.1942,1.5602,0.3175
S,United Kingdom-2021,0.3542,2.0881,0.5511
S,United States-2013,0.1646,1.4678,0.3297
S,United States-2014,0.1586,1.4522,0.2773
S,United States-2015,0.1616,1.4613,0.2651
S,United States-2016,0.1673,1.4783,0.2756
S,United States-2017,0.1863,1.5341,0.3168
S,United States-2018,0.2085,1.6041,0.3954
S,United States-2019,0.2329,1.6839,0.4995
S,United States-2020,0.2734,1.812,0.5875
S,United States-2021,0.2676,1.7969,0.6386
T,Argentina-2013,0.0041,0.5205,0.0257
T,Argentina-2016,0.0046,0.5274,0.0267
T,Argentina-2017,0.0038,0.5165,0.0135
T,Argentina-2018,0.037,0.6299,0.1956
T,Argentina-2019,0.0394,0.6326,0.1515
T,Argentina-2020,0.0371,0.63,0.0523
T,Argentina-2021,0.0225,0.6076,0.0448
T,Australia-2013,0.0421,0.6354,1
T,Australia-2015,0.0438,0.6369,0.167
T,Australia-2017,0.1062,0.6721,0.6329
T,Australia-2019,0.1623,0.6873,0.3172
T,Austria-2013,0.0049,0.5309,0.052
T,Austria-2014,0.0022,0.4846,0.0173
T,Austria-2015,0.0037,0.515,0.0473
T,Austria-2016,0.0106,0.5712,0.0989
T,Austria-2017,0.0102,0.5695,0.06
T,Austria-2018,0.0091,0.5632,0.0264
T,Austria-2019,0.0041,0.5206,0.0083
T,Austria-2020,0.0102,0.5691,0.0153
T,Austria-2021,0.0083,0.5584,0.0084
T,Belgium-2013,0.0012,0.4486,0.0079
T,Belgium-2016,0.0015,0.4651,0.0035
T,Belgium-2017,0.0012,0.4499,0.001
T,Belgium-2018,0.0057,0.5384,0.0203
T,Brazil-2013,0.0251,0.6126,0.4817
T,Brazil-2014,0.0151,0.5887,0.115
T,Brazil-2015,0.0199,0.6017,0.0535
T,Brazil-2016,0.0404,0.6335,0.3637
T,Brazil-2017,0.0361,0.6287,0.0882
T,Brazil-2018,0.0565,0.6475,0.1019
T,Brazil-2019,0.0486,0.6412,0.0535
T,Brazil-2020,0.0497,0.6421,0.0374
T,Bulgaria-2018,0.0775,0.6602,0.112
T,Bulgaria-2019,0.086,0.6644,0.1327
T,Bulgaria-2021,0.032,0.6237,0.061
T,Chile-2014,0.0092,0.5641,0.0071
T,Chile-2015,0.0738,0.6585,0.1913
T,Chile-2017,0.013,0.5815,0.0133
T,Chile-2018,0.009,0.5626,0.0064
T,Chile-2019,0.0109,0.5729,0.0072
T,China-2013,0.0882,0.665,1
T,China-2014,0.0739,0.6581,0.1997
T,China-2015,0.1089,0.6728,0.3331
T,China-2016,0.1706,0.6889,0.208
T,China-2017,0.2995,0.7076,0.4295
T,China-2018,0.4769,0.7218,0.4936
T,China-2019,0.7015,0.7329,0.8508
T,China-2020,0.9348,0.7407,1
T,China-2021,1,0.7425,1
T,Colombia-2015,0.032,0.6238,0.0956
T,Colombia-2017,0.037,0.6299,0.0694
T,Colombia-2019,0.0235,0.6098,0.0324
T,Croatia-2015,0.0397,0.6331,0.0977
T,Croatia-2018,0.0445,0.6379,0.0429
T,Croatia-2019,0.0208,0.6042,0.0288
T,France-2013,0.0052,0.5337,0.0425
T,France-2014,0.0039,0.5176,0.0035
T,France-2015,0.0049,0.5309,0.0124
T,France-2016,0.0084,0.5593,0.0123
T,France-2017,0.0116,0.5755,0.0122
T,France-2018,0.0215,0.6052,0.0218
T,Greece-2014,0.0043,0.523,0.0033
T,Greece-2015,0.0185,0.5986,0.0956
T,Greece-2016,0.023,0.6086,0.0366
T,Greece-2017,0.0557,0.647,0.0361
T,Greece-2018,0.0515,0.6439,0.2029
T,Greece-2019,0.0131,0.5818,0.0285
T,Greece-2020,0.0191,0.6001,0.0337
T,Greece-2021,0.0221,0.6069,0.0191
T,Hungary-2013,0.0216,0.6059,0.0957
T,Hungary-2014,0.0076,0.5542,0.0154
T,Hungary-2015,0.0337,0.6257,0.0256
T,Hungary-2016,0.037,0.6299,0.0472
T,Hungary-2017,0.0473,0.6404,0.1416
T,Hungary-2018,0.0135,0.5833,0.0098
T,Hungary-2019,0.0208,0.6041,0.0369
T,Hungary-2020,0.0104,0.5701,0.0212
T,Hungary-2021,0.0083,0.5589,0.0104
T,India-2013,0.0388,0.6318,0.0988
T,India-2014,0.0202,0.6024,0.0166
T,India-2015,0.0484,0.641,0.0353
T,India-2016,0.0776,0.6601,0.0742
T,India-2017,0.0863,0.6641,0.0768
T,India-2018,0.079,0.6607,0.073
T,India-2019,0.0037,0.5151,0.0026
T,India-2020,0.0013,0.454,0.0014
T,Indonesia-2013,0.0203,0.6031,0.0301
T,Indonesia-2016,0.0125,0.5795,0.0445
T,Ireland-2016,0.0043,0.5235,0.0027
T,Ireland-2018,0.0039,0.5186,0.0026
T,Israel-2013,0.0066,0.5465,0.0073
T,Israel-2014,0.0042,0.522,0.0052
T,Israel-2015,0.0093,0.5644,0.0067
T,Israel-2016,0.0026,0.4948,0.0019
T,Israel-2017,0.0099,0.5677,0.0072
T,Israel-2018,0.0081,0.557,0.0059
T,Israel-2019,0.0074,0.5522,0.0055
T,Israel-2020,0.0069,0.549,0.0056
T,Israel-2021,0.0059,0.5401,0.0052
T,Italy-2013,0.0047,0.5289,0.0431
T,Italy-2014,0.0026,0.4953,0.0188
T,Japan-2013,0.0249,0.6121,0.5078
T,Japan-2014,0.0324,0.6239,0.4318
T,Japan-2015,0.0414,0.6344,0.3058
T,Japan-2016,0.0662,0.6537,0.2005
T,Japan-2017,0.116,0.6752,0.4391
T,Japan-2018,0.1636,0.6875,0.4996
T,Japan-2019,0.1812,0.691,0.3635
T,Japan-2020,0.1811,0.691,0.2926
T,Japan-2021,0.1309,0.6796,0.3328
T,Luxembourg-2016,0.0427,0.6362,0.0954
T,Luxembourg-2017,0.0555,0.647,0.1041
T,Luxembourg-2018,0.1381,0.6818,0.1347
T,Luxembourg-2019,0.1539,0.6857,0.1759
T,Luxembourg-2020,0.1251,0.6781,0.1268
T,Luxembourg-2021,0.3778,0.7151,0.3578
T,Malaysia-2014,0.0484,0.6414,0.4782
T,Malaysia-2015,0.0584,0.649,0.2277
T,Malaysia-2016,0.0315,0.6228,0.193
T,Malaysia-2018,0.0234,0.6095,0.0251
T,Malaysia-2020,0.0059,0.5403,0.0063
T,Mexico-2013,0.0978,0.6692,0.7837
T,Mexico-2014,0.0572,0.6481,0.3911
T,Mexico-2015,0.107,0.6725,0.4266
T,Mexico-2016,0.1543,0.6857,0.5278
T,Mexico-2017,0.1732,0.6897,0.3103
T,Mexico-2018,0.2818,0.7059,1
T,Mexico-2019,0.2388,0.7005,0.1534
T,Mexico-2020,0.2889,0.7067,0.3592
T,Mexico-2021,0.0181,0.5972,0.0112
T,Netherlands-2013,0.0015,0.4616,0.012
T,Netherlands-2014,6e-4,0.4112,0.0034
T,Netherlands-2015,0.0023,0.4873,0.0024
T,Netherlands-2016,0.0024,0.49,0.0017
T,Netherlands-2017,0.0019,0.4782,0.0015
T,Norway-2013,0.0022,0.4852,0.0144
T,Norway-2014,0.0029,0.5019,0.0051
T,Norway-2016,0.0042,0.5227,0.0188
T,Norway-2017,0.0021,0.4817,0.0025
T,Norway-2018,0.0067,0.5476,0.0124
T,Norway-2019,0.0044,0.5246,0.0031
T,Peru-2018,0.1887,0.6928,1
T,Peru-2019,0.1293,0.6795,0.267
T,Peru-2020,0.4746,0.7221,0.7449
T,Peru-2021,0.0485,0.6415,0.1104
T,Philippines-2018,0.022,0.6066,0.0448
T,Poland-2013,0.0212,0.6048,0.1133
T,Poland-2014,0.0212,0.6048,0.0697
T,Poland-2015,0.037,0.6298,0.0495
T,Poland-2016,0.0308,0.6218,0.0745
T,Poland-2017,0.0171,0.5948,0.0232
T,Poland-2018,0.0291,0.6192,0.0771
T,Poland-2019,0.0148,0.5875,0.0184
T,Poland-2020,0.0085,0.5596,0.0083
T,Poland-2021,0.0058,0.54,0.0078
T,Portugal-2014,0.0046,0.5268,0.0099
T,Portugal-2015,0.0209,0.6041,0.0266
T,Portugal-2016,0.042,0.6353,0.0737
T,Portugal-2017,0.0168,0.5938,0.0108
T,Portugal-2018,0.0304,0.6212,0.0188
T,Romania-2016,0.0326,0.6245,0.0668
T,Romania-2017,0.0851,0.664,0.2379
T,Romania-2018,0.0817,0.6624,0.2376
T,Romania-2019,0.0714,0.6571,0.1074
T,Romania-2020,0.114,0.67490000000000006,0.1648
T,Romania-2021,0.1092,0.6732,0.0707
T,Singapore-2013,0.0483,0.6411,0.1093
T,Singapore-2014,0.0498,0.6423,0.0476
T,Singapore-2015,0.0358,0.6282,0.0234
T,Singapore-2016,0.0619,0.6512,0.0428
T,Singapore-2017,0.132,0.68,0.0859
T,Singapore-2018,0.2026,0.6949,0.1529
T,Singapore-2019,0.1332,0.6803,0.1091
T,Slovenia-2018,0.0731,0.6581,0.1917
T,South Africa-2014,0.0215,0.6057,0.1434
T,South Africa-2016,0.0105,0.5708,0.0073
T,South Africa-2017,0.0099,0.5675,0.0064
T,South Africa-2018,0.0145,0.5869,0.0095
T,South Africa-2019,0.0035,0.5119,0.0023
T,South Africa-2020,0.0253,0.6129,0.0153
T,Spain-2013,0.014,0.5849,0.0412
T,Spain-2014,0.0199,0.6017,0.0483
T,Spain-2015,0.0241,0.6106,0.0851
T,Spain-2016,0.0277,0.6169,0.0419
T,Spain-2017,0.0275,0.6167,0.0434
T,Spain-2018,0.025,0.61240000000000006,0.0446
T,Spain-2019,0.0207,0.6036,0.021
T,Spain-2020,0.0188,0.5991,0.0191
T,Spain-2021,0.0103,0.5696,0.0078
T,Switzerland-2015,9e-4,0.4344,7e-4
T,Ukraine-2013,0.2288,0.6993,0.526
T,Ukraine-2014,0.5431,0.726,1
T,Ukraine-2015,0.3459,0.7125,0.6915
T,Ukraine-2016,0.1424,0.683,0.3308
T,Ukraine-2017,0.0748,0.659,0.1815
T,Ukraine-2018,0.1186,0.6764,0.2189
T,United Kingdom-2013,0.0143,0.5859,0.0466
T,United Kingdom-2014,0.0072,0.551,0.0107
T,United Kingdom-2021,0.0249,0.6118,0.0215
T,United States-2013,0.0244,0.6108,0.0404
T,United States-2014,0.0269,0.6154,0.0371
T,United States-2015,0.0351,0.6271,0.0472
T,United States-2016,0.0517,0.6435,0.0715
T,United States-2017,0.0782,0.6601,0.1139
T,United States-2018,0.0902,0.6656,0.1529
T,United States-2019,0.0791,0.6605,0.1594
T,United States-2020,0.0709,0.6562,0.1463
T,United States-2021,0.0344,0.6262,0.0821
