DMU,topsis,rank
Argentina-2013,0.4866,165
Argentina-2016,0.4866,157
Argentina-2017,0.4867,156
Argentina-2018,0.4867,144
Argentina-2019,0.4867,151
Argentina-2020,0.4868,136
Argentina-2021,0.4868,140
Australia-2013,0.487,97
Australia-2015,0.4875,67
Australia-2017,0.4883,30
Australia-2019,0.4902,16
Austria-2013,0.4866,167
Austria-2014,0.4865,172
Austria-2015,0.4866,159
Austria-2016,0.4867,149
Austria-2017,0.4867,146
Austria-2018,0.4868,135
Austria-2019,0.4869,112
Austria-2020,0.4871,96
Austria-2021,0.4872,86
Belgium-2013,0.4868,133
Belgium-2016,0.4866,158
Belgium-2017,0.4863,177
Belgium-2018,0.4868,124
Brazil-2013,0.4865,174
Brazil-2014,0.4865,170
Brazil-2015,0.4866,160
Brazil-2016,0.487,105
Brazil-2017,0.4872,83
Brazil-2018,0.4876,60
Brazil-2019,0.4876,61
Brazil-2020,0.4876,59
Bulgaria-2018,0.4867,153
Bulgaria-2019,0.4869,108
Bulgaria-2021,0.487,101
Chile-2014,0.4866,162
Chile-2015,0.4869,118
Chile-2017,0.4868,126
Chile-2018,0.4868,143
Chile-2019,0.4869,115
China-2013,0.5035,8
China-2014,0.5029,9
China-2015,0.5052,7
China-2016,0.5079,6
China-2017,0.5342,5
China-2018,0.5832,4
China-2019,0.6721,3
China-2020,0.7765,2
China-2021,0.8234,1
Colombia-2015,0.487,103
Colombia-2017,0.4871,95
Colombia-2019,0.4872,85
Croatia-2015,0.4869,122
Croatia-2018,0.4869,117
Croatia-2019,0.4869,114
France-2013,0.4871,91
France-2014,0.4854,189
France-2015,0.4873,78
France-2016,0.4867,155
France-2017,0.4861,183
France-2018,0.4867,147
Greece-2014,0.4867,150
Greece-2015,0.4873,80
Greece-2016,0.4874,76
Greece-2017,0.4872,82
Greece-2018,0.4875,66
Greece-2019,0.4876,64
Greece-2020,0.4878,48
Greece-2021,0.4882,33
Hungary-2013,0.4869,119
Hungary-2014,0.4868,127
Hungary-2015,0.4863,178
Hungary-2016,0.4869,116
Hungary-2017,0.4868,128
Hungary-2018,0.4869,120
Hungary-2019,0.487,98
Hungary-2020,0.4871,94
Hungary-2021,0.4871,88
India-2013,0.4911,13
India-2014,0.4882,31
India-2015,0.4924,12
India-2016,0.4947,11
India-2017,0.4883,29
India-2018,0.4881,37
India-2019,0.4981,10
India-2020,0.4639,199
Indonesia-2013,0.487,100
Indonesia-2016,0.4876,62
Ireland-2016,0.4866,168
Ireland-2018,0.4868,134
Israel-2013,0.4862,182
Israel-2014,0.4862,180
Israel-2015,0.4858,185
Israel-2016,0.4857,187
Israel-2017,0.4856,188
Israel-2018,0.4849,191
Israel-2019,0.4849,192
Israel-2020,0.4834,194
Israel-2021,0.4788,198
Italy-2013,0.488,40
Italy-2014,0.4882,36
Japan-2013,0.4824,196
Japan-2014,0.4822,197
Japan-2015,0.483,195
Japan-2016,0.4838,193
Japan-2017,0.4863,175
Japan-2018,0.4894,20
Japan-2019,0.491,15
Japan-2020,0.4911,14
Japan-2021,0.4901,17
Luxembourg-2016,0.4867,145
Luxembourg-2017,0.4868,142
Luxembourg-2018,0.4868,138
Luxembourg-2019,0.4868,132
Luxembourg-2020,0.4862,179
Luxembourg-2021,0.4865,171
Malaysia-2014,0.488,44
Malaysia-2015,0.4881,38
Malaysia-2016,0.4878,49
Malaysia-2018,0.4882,34
Malaysia-2020,0.4885,25
Mexico-2013,0.4871,89
Mexico-2014,0.4871,90
Mexico-2015,0.4872,84
Mexico-2016,0.4873,79
Mexico-2017,0.4874,75
Mexico-2018,0.4876,56
Mexico-2019,0.4877,51
Mexico-2020,0.488,42
Mexico-2021,0.4878,50
Netherlands-2013,0.487,106
Netherlands-2014,0.487,107
Netherlands-2015,0.4866,163
Netherlands-2016,0.4862,181
Netherlands-2017,0.4863,176
Norway-2013,0.4866,164
Norway-2014,0.4866,169
Norway-2016,0.4866,166
Norway-2017,0.4865,173
Norway-2018,0.4868,139
Norway-2019,0.4866,161
Peru-2018,0.4868,129
Peru-2019,0.4868,125
Peru-2020,0.4869,110
Peru-2021,0.487,104
Philippines-2018,0.4869,113
Poland-2013,0.4875,65
Poland-2014,0.4876,55
Poland-2015,0.4879,45
Poland-2016,0.488,39
Poland-2017,0.488,41
Poland-2018,0.488,43
Poland-2019,0.4878,46
Poland-2020,0.4878,47
Poland-2021,0.4882,35
Portugal-2014,0.4874,71
Portugal-2015,0.4876,57
Portugal-2016,0.4875,68
Portugal-2017,0.4872,81
Portugal-2018,0.4874,73
Romania-2016,0.4874,74
Romania-2017,0.4873,77
Romania-2018,0.4875,70
Romania-2019,0.4876,58
Romania-2020,0.4877,52
Romania-2021,0.4877,53
Singapore-2013,0.4874,72
Singapore-2014,0.4875,69
Singapore-2015,0.4871,92
Singapore-2016,0.4876,63
Singapore-2017,0.4877,54
Singapore-2018,0.4869,109
Singapore-2019,0.4857,186
Slovenia-2018,0.4869,121
South Africa-2014,0.4868,141
South Africa-2016,0.4867,148
South Africa-2017,0.4867,152
South Africa-2018,0.4868,131
South Africa-2019,0.4867,154
South Africa-2020,0.4871,93
Spain-2013,0.4883,28
Spain-2014,0.4884,26
Spain-2015,0.4889,23
Spain-2016,0.4884,27
Spain-2017,0.4887,24
Spain-2018,0.4889,22
Spain-2019,0.4892,21
Spain-2020,0.4897,18
Spain-2021,0.4896,19
Switzerland-2015,0.4851,190
Ukraine-2013,0.4868,137
Ukraine-2014,0.4868,130
Ukraine-2015,0.4869,123
Ukraine-2016,0.4869,111
Ukraine-2017,0.487,102
Ukraine-2018,0.4871,87
United Kingdom-2013,0.4882,32
United Kingdom-2014,0.486,184
United Kingdom-2021,0.487,99
United States-2013,0.4589,200
United States-2014,0.4478,201
United States-2015,0.439,203
United States-2016,0.4376,204
United States-2017,0.4448,202
United States-2018,0.4028,205
United States-2019,0.2765,207
United States-2020,0.3592,206
United States-2021,0.2257,208
