modelo,Country_Year,Country,Year,zero_inv,esc_contemp,esc_seq,esc_uniao,esc_global,tgr,tgr_uniao,convexificacao
S,Argentina-2013,Argentina,2013,FALSE,0.2321,0.2321,0.1177,0.1152,0.4964,0.5071,1.0217
S,Argentina-2016,Argentina,2016,FALSE,0.2516,0.1491,0.1585,0.1455,0.5784,0.6301,1.0895
S,Argentina-2017,Argentina,2017,FALSE,0.2438,0.152,0.1635,0.1456,0.5972,0.6708,1.1233
S,Argentina-2018,Argentina,2018,FALSE,0.2875,0.2007,0.2324,0.1965,0.6835,0.8082,1.1825
S,Argentina-2019,Argentina,2019,FALSE,0.3712,0.1614,0.1903,0.1573,0.4238,0.5127,1.2099
S,Argentina-2020,Argentina,2020,FALSE,0.2028,0.1765,0.2028,0.1765,0.8703,1,1.149
S,Argentina-2021,Argentina,2021,FALSE,0.4121,0.1795,0.2206,0.1795,0.4356,0.5353,1.2289
S,Australia-2013,Australia,2013,FALSE,1,1,1,1,1,1,1
S,Australia-2015,Australia,2015,FALSE,0.6767,0.3879,0.3902,0.3765,0.5563,0.5766,1.0365
S,Australia-2017,Australia,2017,FALSE,1,0.5454,0.571,0.5454,0.5454,0.571,1.0469
S,Australia-2019,Australia,2019,FALSE,1,0.4993,0.6204,0.4993,0.4993,0.6204,1.2426
S,Austria-2013,Austria,2013,FALSE,0.4369,0.4369,0.4011,0.3275,0.7495,0.9182,1.225
S,Austria-2014,Austria,2014,FALSE,0.3524,0.2766,0.3524,0.2766,0.785,1,1.2739
S,Austria-2015,Austria,2015,FALSE,0.7225,0.4049,0.4847,0.4049,0.5604,0.6708,1.197
S,Austria-2016,Austria,2016,FALSE,0.596,0.3736,0.4814,0.3736,0.627,0.8078,1.2884
S,Austria-2017,Austria,2017,FALSE,0.6332,0.3223,0.3789,0.3223,0.5089,0.5983,1.1757
S,Austria-2018,Austria,2018,FALSE,0.4959,0.2342,0.2399,0.2342,0.4723,0.4837,1.0242
S,Austria-2019,Austria,2019,FALSE,0.5455,0.2319,0.2484,0.2319,0.425,0.4553,1.0714
S,Austria-2020,Austria,2020,FALSE,0.4999,0.2455,0.2888,0.2455,0.4911,0.5776,1.1761
S,Austria-2021,Austria,2021,FALSE,0.5836,0.2358,0.2424,0.2358,0.4041,0.4154,1.0279
S,Belgium-2013,Belgium,2013,FALSE,0.4484,0.4484,0.4314,0.3612,0.8056,0.9621,1.1943
S,Belgium-2016,Belgium,2016,FALSE,0.2906,0.1894,0.1961,0.1886,0.6487,0.6746,1.0398
S,Belgium-2017,Belgium,2017,FALSE,0.321,0.1333,0.1333,0.1272,0.3962,0.4154,1.0484
S,Belgium-2018,Belgium,2018,FALSE,0.6018,0.2852,0.2985,0.2852,0.4738,0.4961,1.047
S,Brazil-2013,Brazil,2013,FALSE,0.6641,0.6641,0.6641,0.6066,0.9134,1,1.0948
S,Brazil-2014,Brazil,2014,FALSE,0.5314,0.3727,0.4135,0.3727,0.7014,0.7782,1.1095
S,Brazil-2015,Brazil,2015,FALSE,0.4234,0.2782,0.2852,0.2473,0.5842,0.6735,1.153
S,Brazil-2016,Brazil,2016,FALSE,1,0.4705,0.5513,0.4705,0.4705,0.5513,1.1717
S,Brazil-2017,Brazil,2017,FALSE,0.6245,0.2961,0.3338,0.2961,0.4741,0.5346,1.1274
S,Brazil-2018,Brazil,2018,FALSE,0.6581,0.3056,0.3836,0.3056,0.4644,0.583,1.2552
S,Brazil-2019,Brazil,2019,FALSE,0.429,0.2747,0.3031,0.2747,0.6403,0.7065,1.1034
S,Brazil-2020,Brazil,2020,FALSE,0.6043,0.256,0.2851,0.256,0.4236,0.4718,1.1137
S,Bulgaria-2018,Bulgaria,2018,FALSE,0.5456,0.5456,0.4979,0.4901,0.8983,0.9127,1.016
S,Bulgaria-2019,Bulgaria,2019,FALSE,0.8744,0.5993,0.6022,0.5855,0.6696,0.6887,1.0286
S,Bulgaria-2021,Bulgaria,2021,FALSE,1,0.7504,0.7641,0.7504,0.7504,0.7641,1.0183
S,Chile-2014,Chile,2014,FALSE,0.613,0.3612,0.1853,0.1825,0.2978,0.3023,1.015
S,Chile-2015,Chile,2015,TRUE,0.616,0.6028,0.3336,0.3284,0.5331,0.5415,1.0158
S,Chile-2017,Chile,2017,FALSE,0.3765,0.3233,0.2569,0.2535,0.6732,0.6824,1.0136
S,Chile-2018,Chile,2018,FALSE,0.3339,0.3339,0.2629,0.2619,0.7844,0.7875,1.0039
S,Chile-2019,Chile,2019,FALSE,0.3886,0.3702,0.3341,0.3296,0.8482,0.8596,1.0135
S,China-2013,China,2013,FALSE,1,1,1,1,1,1,1
S,China-2014,China,2014,FALSE,1,1,1,0.8887,0.8887,1,1.1253
S,China-2015,China,2015,FALSE,1,1,1,0.8741,0.8741,1,1.144
S,China-2016,China,2016,FALSE,1,1,0.6604,0.6407,0.6407,0.6604,1.0307
S,China-2017,China,2017,FALSE,1,1,0.8501,0.7548,0.7548,0.8501,1.1262
S,China-2018,China,2018,FALSE,1,1,0.8058,0.7655,0.7655,0.8058,1.0527
S,China-2019,China,2019,FALSE,1,1,1,1,1,1,1
S,China-2020,China,2020,FALSE,1,1,1,1,1,1,1
S,China-2021,China,2021,FALSE,1,1,1,1,1,1,1
S,Colombia-2015,Colombia,2015,TRUE,0.8556,0.835,0.4619,0.4581,0.5354,0.5399,1.0083
S,Colombia-2017,Colombia,2017,FALSE,0.7508,0.6566,0.6313,0.6028,0.8029,0.8408,1.0472
S,Colombia-2019,Colombia,2019,FALSE,0.6084,0.6076,0.5505,0.5483,0.9011,0.9049,1.0042
S,Croatia-2015,Croatia,2015,TRUE,1,1,0.7274,0.6009,0.6009,0.7274,1.2105
S,Croatia-2018,Croatia,2018,FALSE,0.4369,0.4369,0.4369,0.4067,0.9308,1,1.0743
S,Croatia-2019,Croatia,2019,FALSE,0.5078,0.4133,0.4396,0.3859,0.7599,0.8657,1.1392
S,France-2013,France,2013,FALSE,0.5309,0.5309,0.5309,0.5166,0.9731,1,1.0277
S,France-2014,France,2014,FALSE,0.5279,0.4647,0.2945,0.277,0.5248,0.5578,1.0629
S,France-2015,France,2015,FALSE,0.6628,0.49,0.5274,0.386,0.5823,0.7957,1.3664
S,France-2016,France,2016,FALSE,0.4764,0.4042,0.4255,0.3176,0.6666,0.8933,1.34
S,France-2017,France,2017,FALSE,0.6324,0.4041,0.3385,0.3026,0.4785,0.5352,1.1185
S,France-2018,France,2018,FALSE,0.707,0.4267,0.3649,0.3309,0.468,0.5161,1.1029
S,Greece-2014,Greece,2014,FALSE,1,0.9376,0.5114,0.4778,0.4778,0.5114,1.0703
S,Greece-2015,Greece,2015,TRUE,1,0.9681,0.9076,0.727,0.727,0.9076,1.2485
S,Greece-2016,Greece,2016,FALSE,0.7199,0.6899,0.6666,0.588,0.8169,0.926,1.1336
S,Greece-2017,Greece,2017,FALSE,0.7287,0.5097,0.4388,0.4041,0.5545,0.6022,1.0859
S,Greece-2018,Greece,2018,FALSE,1,0.8044,0.9329,0.7698,0.7698,0.9329,1.2119
S,Greece-2019,Greece,2019,FALSE,0.9986,0.7191,0.8401,0.6884,0.6894,0.8412,1.2202
S,Greece-2020,Greece,2020,FALSE,0.9649,0.7764,0.9413,0.7764,0.8047,0.9755,1.2124
S,Greece-2021,Greece,2021,FALSE,1,0.8132,0.9027,0.8132,0.8132,0.9027,1.11
S,Hungary-2013,Hungary,2013,TRUE,1,1,0.3499,0.3001,0.3001,0.3499,1.1661
S,Hungary-2014,Hungary,2014,FALSE,0.5035,0.3867,0.2703,0.2403,0.4773,0.5369,1.1248
S,Hungary-2015,Hungary,2015,FALSE,0.338,0.3225,0.1964,0.1817,0.5374,0.581,1.0811
S,Hungary-2016,Hungary,2016,FALSE,0.3036,0.3011,0.259,0.2503,0.8244,0.853,1.0346
S,Hungary-2017,Hungary,2017,FALSE,0.3464,0.2718,0.2897,0.2441,0.7049,0.8364,1.1866
S,Hungary-2018,Hungary,2018,FALSE,0.3103,0.2677,0.2485,0.2228,0.7179,0.8006,1.1151
S,Hungary-2019,Hungary,2019,FALSE,0.4669,0.3638,0.4079,0.3435,0.7358,0.8737,1.1874
S,Hungary-2020,Hungary,2020,FALSE,0.4738,0.3889,0.4738,0.3889,0.8209,1,1.2182
S,Hungary-2021,Hungary,2021,FALSE,0.6381,0.3779,0.411,0.3779,0.5923,0.6442,1.0876
S,India-2013,India,2013,FALSE,1,1,1,1,1,1,1
S,India-2014,India,2014,FALSE,1,1,0.621,0.5907,0.5907,0.621,1.0513
S,India-2015,India,2015,FALSE,1,1,0.7226,0.7149,0.7149,0.7226,1.0108
S,India-2016,India,2016,FALSE,1,1,1,1,1,1,1
S,India-2017,India,2017,FALSE,1,1,0.7972,0.7325,0.7325,0.7972,1.0883
S,India-2018,India,2018,FALSE,1,1,0.9398,0.8423,0.8423,0.9398,1.1157
S,India-2019,India,2019,FALSE,1,1,1,1,1,1,1
S,India-2020,India,2020,FALSE,1,1,1,1,1,1,1
S,Indonesia-2013,Indonesia,2013,FALSE,1,1,0.6205,0.542,0.542,0.6205,1.1449
S,Indonesia-2016,Indonesia,2016,FALSE,1,0.9155,1,0.8383,0.8383,1,1.1929
S,Ireland-2016,Ireland,2016,FALSE,0.2096,0.2096,0.1671,0.1606,0.7661,0.7974,1.0408
S,Ireland-2018,Ireland,2018,FALSE,0.3059,0.2262,0.2247,0.1919,0.6274,0.7344,1.1707
S,Israel-2013,Israel,2013,FALSE,0.1265,0.1265,0.1001,0.094,0.7434,0.7912,1.0643
S,Israel-2014,Israel,2014,FALSE,0.2568,0.1395,0.1249,0.1103,0.4293,0.4862,1.1326
S,Israel-2015,Israel,2015,FALSE,0.1525,0.1231,0.0981,0.084,0.551,0.6437,1.1682
S,Israel-2016,Israel,2016,FALSE,0.0996,0.0996,0.0995,0.085,0.8532,0.9988,1.1707
S,Israel-2017,Israel,2017,FALSE,0.247,0.1061,0.101,0.0891,0.3607,0.409,1.1338
S,Israel-2018,Israel,2018,FALSE,0.2393,0.1221,0.0934,0.0926,0.387,0.3901,1.0078
S,Israel-2019,Israel,2019,FALSE,0.1178,0.1178,0.1178,0.1167,0.9903,1,1.0098
S,Israel-2020,Israel,2020,FALSE,0.3077,0.1373,0.1407,0.1365,0.4436,0.4574,1.0311
S,Israel-2021,Israel,2021,FALSE,0.3741,0.1416,0.153,0.1416,0.3786,0.4089,1.0802
S,Italy-2013,Italy,2013,FALSE,0.8951,0.8951,0.8951,0.7695,0.8598,1,1.1631
S,Italy-2014,Italy,2014,FALSE,1,0.729,0.7971,0.729,0.729,0.7971,1.0934
S,Japan-2013,Japan,2013,FALSE,0.5915,0.5915,0.5915,0.5915,1,1,1
S,Japan-2014,Japan,2014,FALSE,1,0.356,0.356,0.356,0.356,0.356,1
S,Japan-2015,Japan,2015,FALSE,0.9434,0.2978,0.3026,0.2821,0.2991,0.3207,1.0724
S,Japan-2016,Japan,2016,FALSE,0.5433,0.3005,0.318,0.2671,0.4916,0.5853,1.1906
S,Japan-2017,Japan,2017,FALSE,0.9336,0.3109,0.3272,0.2843,0.3045,0.3505,1.1513
S,Japan-2018,Japan,2018,FALSE,1,0.346,0.3709,0.3159,0.3159,0.3709,1.1739
S,Japan-2019,Japan,2019,FALSE,0.4685,0.3359,0.4221,0.3359,0.717,0.9011,1.2567
S,Japan-2020,Japan,2020,FALSE,0.5886,0.3417,0.4294,0.3417,0.5806,0.7294,1.2565
S,Japan-2021,Japan,2021,FALSE,1,0.4009,0.4827,0.4009,0.4009,0.4827,1.2042
S,Luxembourg-2016,Luxembourg,2016,TRUE,0.4343,0.2889,0.1864,0.1793,0.4128,0.4291,1.0396
S,Luxembourg-2017,Luxembourg,2017,FALSE,0.2283,0.1997,0.1919,0.1832,0.8027,0.8406,1.0471
S,Luxembourg-2018,Luxembourg,2018,FALSE,0.2147,0.2147,0.1846,0.1771,0.8249,0.8594,1.0419
S,Luxembourg-2019,Luxembourg,2019,FALSE,0.2388,0.2167,0.2027,0.1959,0.8205,0.8489,1.0347
S,Luxembourg-2020,Luxembourg,2020,FALSE,0.2756,0.2632,0.2688,0.26,0.9433,0.9752,1.0339
S,Luxembourg-2021,Luxembourg,2021,FALSE,0.3134,0.3038,0.3134,0.3038,0.9695,1,1.0315
S,Malaysia-2014,Malaysia,2014,TRUE,1,1,1,1,1,1,1
S,Malaysia-2015,Malaysia,2015,FALSE,1,1,1,0.9527,0.9527,1,1.0496
S,Malaysia-2016,Malaysia,2016,FALSE,1,0.8453,0.8928,0.8453,0.8453,0.8928,1.0562
S,Malaysia-2018,Malaysia,2018,FALSE,1,0.8082,0.8411,0.7621,0.7621,0.8411,1.1036
S,Malaysia-2020,Malaysia,2020,FALSE,1,0.9542,1,0.9542,0.9542,1,1.048
S,Mexico-2013,Mexico,2013,FALSE,0.8697,0.8697,0.4617,0.4384,0.5041,0.5309,1.0533
S,Mexico-2014,Mexico,2014,FALSE,0.4673,0.4402,0.4673,0.4402,0.9419,1,1.0616
S,Mexico-2015,Mexico,2015,FALSE,0.4795,0.412,0.4795,0.412,0.8592,1,1.1638
S,Mexico-2016,Mexico,2016,FALSE,0.5394,0.4377,0.4999,0.4335,0.8037,0.9269,1.1532
S,Mexico-2017,Mexico,2017,FALSE,0.6852,0.4296,0.4815,0.3969,0.5793,0.7026,1.2129
S,Mexico-2018,Mexico,2018,FALSE,0.9165,0.6151,0.6493,0.6062,0.6614,0.7084,1.0711
S,Mexico-2019,Mexico,2019,FALSE,0.4548,0.4427,0.4548,0.43,0.9455,1,1.0576
S,Mexico-2020,Mexico,2020,FALSE,0.7231,0.646,0.7231,0.646,0.8934,1,1.1193
S,Mexico-2021,Mexico,2021,FALSE,0.8496,0.5483,0.5699,0.5483,0.6454,0.6708,1.0394
S,Netherlands-2013,Netherlands,2013,FALSE,0.5778,0.5778,0.5778,0.4802,0.8311,1,1.2033
S,Netherlands-2014,Netherlands,2014,FALSE,0.5747,0.3979,0.4363,0.3979,0.6925,0.7591,1.0963
S,Netherlands-2015,Netherlands,2015,FALSE,0.3573,0.2577,0.1824,0.1779,0.4981,0.5106,1.0251
S,Netherlands-2016,Netherlands,2016,FALSE,0.1949,0.1944,0.1746,0.1521,0.7803,0.8957,1.148
S,Netherlands-2017,Netherlands,2017,FALSE,0.4468,0.1956,0.1972,0.1625,0.3636,0.4413,1.2135
S,Norway-2013,Norway,2013,FALSE,0.2801,0.2801,0.2207,0.2021,0.7214,0.7879,1.0922
S,Norway-2014,Norway,2014,FALSE,0.2293,0.1615,0.1619,0.1364,0.5949,0.706,1.1866
S,Norway-2016,Norway,2016,FALSE,0.2915,0.202,0.2432,0.202,0.6931,0.8343,1.2037
S,Norway-2017,Norway,2017,FALSE,0.2686,0.1382,0.1486,0.1351,0.503,0.5532,1.0998000000000001
S,Norway-2018,Norway,2018,FALSE,0.3517,0.2058,0.2295,0.2022,0.5751,0.6525,1.1347
S,Norway-2019,Norway,2019,FALSE,0.2149,0.1655,0.1826,0.1641,0.7637,0.8497,1.1125
S,Peru-2018,Peru,2018,TRUE,1,1,1,1,1,1,1
S,Peru-2019,Peru,2019,FALSE,1,0.7038,0.5589,0.5153,0.5153,0.5589,1.0846
S,Peru-2020,Peru,2020,FALSE,1,1,0.7338,0.7311,0.7311,0.7338,1.0036
S,Peru-2021,Peru,2021,FALSE,1,1,1,1,1,1,1
S,Philippines-2018,Philippines,2018,FALSE,0.3385,0.3288,0.3385,0.2975,0.879,1,1.1377
S,Poland-2013,Poland,2013,FALSE,1,1,0.7309,0.6928,0.6928,0.7309,1.055
S,Poland-2014,Poland,2014,FALSE,0.7954,0.7019,0.7498,0.6646,0.8356,0.9427,1.1281
S,Poland-2015,Poland,2015,FALSE,0.847,0.7864,0.6874,0.6038,0.7128,0.8116,1.1385
S,Poland-2016,Poland,2016,FALSE,0.9256,0.7775,0.8922,0.7409,0.8005,0.9639,1.2042
S,Poland-2017,Poland,2017,FALSE,1,0.6304,0.6809,0.5985,0.5985,0.6809,1.1376
S,Poland-2018,Poland,2018,FALSE,1,0.6353,0.7074,0.629,0.629,0.7074,1.1248
S,Poland-2019,Poland,2019,FALSE,0.7775,0.4445,0.4847,0.4397,0.5655,0.6234,1.1023
S,Poland-2020,Poland,2020,FALSE,0.6472,0.405,0.4205,0.405,0.6257,0.6498,1.0385
S,Poland-2021,Poland,2021,FALSE,1,0.5005,0.5719,0.5005,0.5005,0.5719,1.1426
S,Portugal-2014,Portugal,2014,FALSE,0.9286,0.8361,0.7451,0.6108,0.6577,0.8024,1.2199
S,Portugal-2015,Portugal,2015,FALSE,1,1,0.7229,0.6602,0.6602,0.7229,1.095
S,Portugal-2016,Portugal,2016,FALSE,0.7307,0.6822,0.7307,0.6002,0.8214,1,1.2175
S,Portugal-2017,Portugal,2017,FALSE,0.7901,0.5796,0.469,0.4434,0.5612,0.5936,1.0578
S,Portugal-2018,Portugal,2018,FALSE,0.6999,0.5874,0.4826,0.4603,0.6577,0.6896,1.0485
S,Romania-2016,Romania,2016,FALSE,1,1,0.9993,0.9439,0.9439,0.9993,1.0587
S,Romania-2017,Romania,2017,TRUE,1,1,0.8866,0.8821,0.8821,0.8866,1.0051
S,Romania-2018,Romania,2018,TRUE,1,1,1,1,1,1,1
S,Romania-2019,Romania,2019,FALSE,1,1,0.9284,0.9174,0.9174,0.9284,1.012
S,Romania-2020,Romania,2020,FALSE,1,1,1,1,1,1,1
S,Romania-2021,Romania,2021,FALSE,1,0.9846,0.997,0.9846,0.9846,0.997,1.0126
S,Singapore-2013,Singapore,2013,FALSE,0.4932,0.4932,0.4932,0.43,0.8719,1,1.1469
S,Singapore-2014,Singapore,2014,FALSE,0.6837,0.5101,0.3642,0.3477,0.5086,0.5327,1.0473
S,Singapore-2015,Singapore,2015,FALSE,0.4095,0.4093,0.2745,0.2695,0.658,0.6702,1.0185
S,Singapore-2016,Singapore,2016,FALSE,0.3832,0.3832,0.3832,0.3403,0.8881,1,1.126
S,Singapore-2017,Singapore,2017,FALSE,0.7426,0.4248,0.3353,0.3302,0.4446,0.4515,1.0155
S,Singapore-2018,Singapore,2018,FALSE,0.5628,0.4707,0.4013,0.3794,0.674,0.7131,1.0579
S,Singapore-2019,Singapore,2019,FALSE,0.4498,0.4498,0.4498,0.4086,0.9085,1,1.1007
S,Slovenia-2018,Slovenia,2018,TRUE,0.3172,0.3129,0.3172,0.3129,0.9862,1,1.014
S,South Africa-2014,South Africa,2014,TRUE,0.2642,0.2642,0.2642,0.2094,0.7923,1,1.2622
S,South Africa-2016,South Africa,2016,FALSE,0.1786,0.1786,0.1715,0.15,0.8399,0.9602,1.1432
S,South Africa-2017,South Africa,2017,FALSE,0.2774,0.1852,0.1662,0.1496,0.5395,0.5994,1.111
S,South Africa-2018,South Africa,2018,FALSE,0.2824,0.2383,0.2133,0.1933,0.6845,0.7554,1.1036
S,South Africa-2019,South Africa,2019,FALSE,0.2653,0.2653,0.2653,0.2462,0.928,1,1.0776
S,South Africa-2020,South Africa,2020,FALSE,0.4425,0.3764,0.4023,0.3764,0.8507,0.9091,1.0686
S,Spain-2013,Spain,2013,FALSE,0.53,0.53,0.53,0.5266,0.9935,1,1.0065
S,Spain-2014,Spain,2014,FALSE,1,0.5276,0.5282,0.5071,0.5071,0.5282,1.0416
S,Spain-2015,Spain,2015,FALSE,1,0.6993,0.7237,0.6993,0.6993,0.7237,1.0349
S,Spain-2016,Spain,2016,FALSE,0.5291,0.4251,0.5291,0.4251,0.8035,1,1.2446
S,Spain-2017,Spain,2017,FALSE,1,0.4768,0.5974,0.4768,0.4768,0.5974,1.2529
S,Spain-2018,Spain,2018,FALSE,1,0.5159,0.6228,0.5159,0.5159,0.6228,1.2072
S,Spain-2019,Spain,2019,FALSE,0.7543,0.4461,0.4547,0.4461,0.5914,0.6028,1.0192
S,Spain-2020,Spain,2020,FALSE,1,0.4951,0.5051,0.4951,0.4951,0.5051,1.0202
S,Spain-2021,Spain,2021,FALSE,1,0.4484,0.5487,0.4484,0.4484,0.5487,1.2238
S,Switzerland-2015,Switzerland,2015,FALSE,0.178,0.1641,0.1001,0.0983,0.5522,0.5622,1.0181
S,Ukraine-2013,Ukraine,2013,TRUE,1,1,0.209,0.202,0.202,0.209,1.0346
S,Ukraine-2014,Ukraine,2014,TRUE,1,1,0.264,0.2453,0.2453,0.264,1.0766
S,Ukraine-2015,Ukraine,2015,TRUE,0.7505,0.7437,0.4476,0.4262,0.5678,0.5964,1.0504
S,Ukraine-2016,Ukraine,2016,TRUE,1,1,0.7334,0.726,0.726,0.7334,1.0102
S,Ukraine-2017,Ukraine,2017,TRUE,1,1,1,1,1,1,1
S,Ukraine-2018,Ukraine,2018,FALSE,1,1,1,1,1,1,1
S,United Kingdom-2013,United Kingdom,2013,FALSE,0.5661,0.5661,0.5661,0.4583,0.8095,1,1.2353
S,United Kingdom-2014,United Kingdom,2014,FALSE,0.5668,0.4807,0.3967,0.3175,0.5601,0.6999,1.2497
S,United Kingdom-2021,United Kingdom,2021,FALSE,0.7536,0.5511,0.642,0.5511,0.7312,0.8519,1.165
S,United States-2013,United States,2013,FALSE,0.7111,0.7111,0.3407,0.3297,0.4636,0.4792,1.0336
S,United States-2014,United States,2014,FALSE,0.6943,0.6943,0.3122,0.2773,0.3994,0.4496,1.1255
S,United States-2015,United States,2015,FALSE,0.7561,0.7547,0.2749,0.2651,0.3506,0.3636,1.037
S,United States-2016,United States,2016,FALSE,0.8029,0.8029,0.2756,0.2756,0.3432,0.3432,1
S,United States-2017,United States,2017,FALSE,0.7822,0.7822,0.3168,0.3168,0.405,0.405,1
S,United States-2018,United States,2018,FALSE,0.7752,0.7752,0.3954,0.3954,0.51,0.51,1
S,United States-2019,United States,2019,FALSE,0.752,0.752,0.4995,0.4995,0.6641,0.6641,1
S,United States-2020,United States,2020,FALSE,0.7787,0.7787,0.5875,0.5875,0.7544,0.7544,1
S,United States-2021,United States,2021,FALSE,0.6386,0.6386,0.6386,0.6386,1,1,1
T,Argentina-2013,Argentina,2013,FALSE,0.0339,0.0339,0.0339,0.0257,0.7574,1,1.3204
T,Argentina-2016,Argentina,2016,FALSE,0.1019,0.0267,0.0359,0.0267,0.2622,0.3528,1.3456
T,Argentina-2017,Argentina,2017,FALSE,0.0291,0.0179,0.0144,0.0135,0.4621,0.4948,1.0707
T,Argentina-2018,Argentina,2018,FALSE,0.4056,0.1956,0.262,0.1956,0.4823,0.6459,1.3391
T,Argentina-2019,Argentina,2019,FALSE,0.5592,0.1515,0.1971,0.1515,0.2709,0.3524,1.3012
T,Argentina-2020,Argentina,2020,FALSE,0.065,0.0523,0.065,0.0523,0.8041,1,1.2437
T,Argentina-2021,Argentina,2021,FALSE,0.1019,0.0448,0.0647,0.0448,0.4396,0.6343,1.4427
T,Australia-2013,Australia,2013,FALSE,1,1,1,1,1,1,1
T,Australia-2015,Australia,2015,FALSE,0.4965,0.3561,0.207,0.167,0.3364,0.4169,1.2393
T,Australia-2017,Australia,2017,FALSE,1,0.8325,0.9741,0.6329,0.6329,0.9741,1.5392
T,Australia-2019,Australia,2019,FALSE,0.3982,0.365,0.3411,0.3172,0.7966,0.8567,1.0754
T,Austria-2013,Austria,2013,FALSE,0.0576,0.0576,0.0576,0.052,0.9019,1,1.1088
T,Austria-2014,Austria,2014,FALSE,0.0346,0.0173,0.0188,0.0173,0.5019,0.5438,1.0836
T,Austria-2015,Austria,2015,FALSE,0.1478,0.0473,0.053,0.0473,0.3203,0.3585,1.1195
T,Austria-2016,Austria,2016,FALSE,0.295,0.0989,0.1074,0.0989,0.3352,0.3641,1.0861
T,Austria-2017,Austria,2017,FALSE,0.1113,0.0727,0.0884,0.06,0.5384,0.7936,1.474
T,Austria-2018,Austria,2018,FALSE,0.045,0.0412,0.0325,0.0264,0.587,0.7221,1.2301
T,Austria-2019,Austria,2019,FALSE,0.0108,0.0094,0.0093,0.0083,0.7664,0.8601,1.1223
T,Austria-2020,Austria,2020,FALSE,0.0165,0.0153,0.0165,0.0153,0.9292,1,1.0762
T,Austria-2021,Austria,2021,FALSE,0.0141,0.0084,0.0087,0.0084,0.5952,0.615,1.0334
T,Belgium-2013,Belgium,2013,FALSE,0.0093,0.0093,0.0093,0.0079,0.8499,1,1.1767
T,Belgium-2016,Belgium,2016,FALSE,0.0128,0.0097,0.004,0.0035,0.2711,0.313,1.1547
T,Belgium-2017,Belgium,2017,FALSE,0.003,0.003,0.001,0.001,0.3202,0.3255,1.0164
T,Belgium-2018,Belgium,2018,FALSE,0.0348,0.0293,0.0266,0.0203,0.5841,0.7648,1.3095
T,Brazil-2013,Brazil,2013,FALSE,0.4986,0.4986,0.4986,0.4817,0.966,1,1.0351
T,Brazil-2014,Brazil,2014,FALSE,0.3084,0.1308,0.1369,0.115,0.373,0.4438,1.1897
T,Brazil-2015,Brazil,2015,FALSE,0.1575,0.145,0.0608,0.0535,0.3398,0.3862,1.1366
T,Brazil-2016,Brazil,2016,FALSE,1,0.3637,0.3776,0.3637,0.3637,0.3776,1.0381
T,Brazil-2017,Brazil,2017,FALSE,0.1851,0.1706,0.0997,0.0882,0.4767,0.5388,1.1303
T,Brazil-2018,Brazil,2018,FALSE,0.2031,0.1959,0.1096,0.1019,0.5019,0.5395,1.075
T,Brazil-2019,Brazil,2019,FALSE,0.0642,0.0625,0.0549,0.0535,0.8338,0.8559,1.0265
T,Brazil-2020,Brazil,2020,FALSE,0.04,0.04,0.04,0.0374,0.9352,1,1.0693
T,Bulgaria-2018,Bulgaria,2018,FALSE,0.2341,0.2341,0.1422,0.112,0.4782,0.6074,1.2702
T,Bulgaria-2019,Bulgaria,2019,FALSE,0.3467,0.1492,0.256,0.1327,0.3828,0.7385,1.9293
T,Bulgaria-2021,Bulgaria,2021,FALSE,1,0.061,0.113,0.061,0.061,0.113,1.852
T,Chile-2014,Chile,2014,FALSE,0.0422,0.0422,0.0076,0.0071,0.1683,0.1809,1.0744
T,Chile-2015,Chile,2015,TRUE,0.3511,0.1913,0.1913,0.1913,0.5447,0.5447,1
T,Chile-2017,Chile,2017,FALSE,0.0371,0.0296,0.02,0.0133,0.3591,0.5378,1.4977
T,Chile-2018,Chile,2018,FALSE,0.0146,0.0146,0.0069,0.0064,0.4414,0.4709,1.067
T,Chile-2019,Chile,2019,FALSE,0.0128,0.0114,0.0079,0.0072,0.5661,0.6153,1.0869
T,China-2013,China,2013,FALSE,1,1,1,1,1,1,1
T,China-2014,China,2014,FALSE,1,1,0.213,0.1997,0.1997,0.213,1.0667
T,China-2015,China,2015,FALSE,1,1,0.3584,0.3331,0.3331,0.3584,1.076
T,China-2016,China,2016,FALSE,1,1,0.2093,0.208,0.208,0.2093,1.0066
T,China-2017,China,2017,FALSE,1,1,0.4352,0.4295,0.4295,0.4352,1.0135
T,China-2018,China,2018,FALSE,1,1,0.5081,0.4936,0.4936,0.5081,1.0294
T,China-2019,China,2019,FALSE,1,1,0.8546,0.8508,0.8508,0.8546,1.0044
T,China-2020,China,2020,FALSE,1,1,1,1,1,1,1
T,China-2021,China,2021,FALSE,1,1,1,1,1,1,1
T,Colombia-2015,Colombia,2015,TRUE,0.1756,0.0956,0.0956,0.0956,0.5447,0.5447,1
T,Colombia-2017,Colombia,2017,FALSE,0.286,0.081,0.0891,0.0694,0.2427,0.3115,1.2834
T,Colombia-2019,Colombia,2019,FALSE,0.064,0.0357,0.0618,0.0324,0.5059,0.9665,1.9107
T,Croatia-2015,Croatia,2015,TRUE,1,1,0.2924,0.0977,0.0977,0.2924,2.994
T,Croatia-2018,Croatia,2018,FALSE,0.0877,0.0806,0.0588,0.0429,0.4892,0.6698,1.3691
T,Croatia-2019,Croatia,2019,FALSE,0.0692,0.0323,0.0586,0.0288,0.4161,0.846,2.0334
T,France-2013,France,2013,FALSE,0.0531,0.0531,0.0531,0.0425,0.8011,1,1.2483
T,France-2014,France,2014,FALSE,0.0516,0.0516,0.0035,0.0035,0.0683,0.0686,1.0047
T,France-2015,France,2015,FALSE,0.0384,0.0382,0.0135,0.0124,0.3234,0.3518,1.0879
T,France-2016,France,2016,FALSE,0.0581,0.0509,0.0127,0.0123,0.2127,0.2191,1.0303
T,France-2017,France,2017,FALSE,0.0331,0.033,0.0123,0.0122,0.3681,0.372,1.0108
T,France-2018,France,2018,FALSE,0.048,0.0477,0.0219,0.0218,0.453,0.457,1.009
T,Greece-2014,Greece,2014,FALSE,0.0309,0.0309,0.0034,0.0033,0.1065,0.11,1.033
T,Greece-2015,Greece,2015,TRUE,0.1756,0.0956,0.0956,0.0956,0.5447,0.5447,1
T,Greece-2016,Greece,2016,FALSE,0.1245,0.0872,0.0535,0.0366,0.2941,0.4301,1.4623
T,Greece-2017,Greece,2017,FALSE,0.1359,0.1278,0.0375,0.0361,0.2659,0.2757,1.0368
T,Greece-2018,Greece,2018,FALSE,0.3046,0.2029,0.3046,0.2029,0.6662,1,1.5011
T,Greece-2019,Greece,2019,FALSE,0.0504,0.0307,0.0403,0.0285,0.5655,0.8003,1.4152
T,Greece-2020,Greece,2020,FALSE,0.046,0.0337,0.046,0.0337,0.7333,1,1.3637
T,Greece-2021,Greece,2021,FALSE,0.0338,0.0191,0.0209,0.0191,0.5661,0.6195,1.0944
T,Hungary-2013,Hungary,2013,TRUE,0.1819,0.1819,0.0957,0.0957,0.526,0.526,1
T,Hungary-2014,Hungary,2014,FALSE,0.0336,0.0316,0.0233,0.0154,0.458,0.6947,1.5166
T,Hungary-2015,Hungary,2015,FALSE,0.2621,0.2086,0.0264,0.0256,0.0977,0.1008,1.0321
T,Hungary-2016,Hungary,2016,FALSE,0.1855,0.1212,0.067,0.0472,0.2544,0.3609,1.4184
T,Hungary-2017,Hungary,2017,FALSE,0.3785,0.1707,0.1978,0.1416,0.3742,0.5226,1.3967
T,Hungary-2018,Hungary,2018,FALSE,0.0214,0.02,0.0107,0.0098,0.4592,0.4992,1.087
T,Hungary-2019,Hungary,2019,FALSE,0.0614,0.0405,0.0555,0.0369,0.6021,0.9048,1.5028
T,Hungary-2020,Hungary,2020,FALSE,0.035,0.0212,0.0312,0.0212,0.6047,0.8926,1.4761
T,Hungary-2021,Hungary,2021,FALSE,0.0203,0.0104,0.0127,0.0104,0.512,0.6259,1.2224
T,India-2013,India,2013,FALSE,0.4108,0.4108,0.1167,0.0988,0.2406,0.2841,1.1808
T,India-2014,India,2014,FALSE,0.2834,0.2834,0.0167,0.0166,0.0587,0.0589,1.0032
T,India-2015,India,2015,FALSE,0.4412,0.4286,0.0354,0.0353,0.08,0.0802,1.003
T,India-2016,India,2016,FALSE,0.3477,0.3381,0.076,0.0742,0.2133,0.2187,1.0253
T,India-2017,India,2017,FALSE,0.3106,0.3084,0.077,0.0768,0.2473,0.248,1.0027
T,India-2018,India,2018,FALSE,0.1695,0.1695,0.0732,0.073,0.4308,0.4319,1.0025
T,India-2019,India,2019,FALSE,0.0042,0.0042,0.0027,0.0026,0.6171,0.6263,1.015
T,India-2020,India,2020,FALSE,0.0017,0.0017,0.0014,0.0014,0.8465,0.8487,1.0026
T,Indonesia-2013,Indonesia,2013,FALSE,1,1,0.0477,0.0301,0.0301,0.0477,1.5811
T,Indonesia-2016,Indonesia,2016,FALSE,0.1263,0.0531,0.063,0.0445,0.3526,0.4988,1.4144
T,Ireland-2016,Ireland,2016,FALSE,0.0193,0.0175,0.0028,0.0027,0.1411,0.143,1.0134
T,Ireland-2018,Ireland,2018,FALSE,0.0053,0.0053,0.0027,0.0026,0.4928,0.5119,1.0387
T,Israel-2013,Israel,2013,FALSE,0.0794,0.0794,0.0076,0.0073,0.0914,0.0955,1.0449
T,Israel-2014,Israel,2014,FALSE,0.0402,0.0402,0.0055,0.0052,0.1292,0.1362,1.054
T,Israel-2015,Israel,2015,FALSE,0.0755,0.0731,0.0072,0.0067,0.0883,0.0948,1.0738
T,Israel-2016,Israel,2016,FALSE,0.0119,0.0116,0.002,0.0019,0.1573,0.1697,1.0792
T,Israel-2017,Israel,2017,FALSE,0.0269,0.0267,0.0079,0.0072,0.2663,0.2921,1.0967
T,Israel-2018,Israel,2018,FALSE,0.0137,0.0137,0.0059,0.0059,0.4309,0.432,1.0026
T,Israel-2019,Israel,2019,FALSE,0.0089,0.0089,0.0055,0.0055,0.6134,0.6148,1.0023
T,Israel-2020,Israel,2020,FALSE,0.0066,0.0066,0.0056,0.0056,0.8466,0.8484,1.0021
T,Israel-2021,Israel,2021,FALSE,0.0052,0.0052,0.0052,0.0052,0.998,1,1.002
T,Italy-2013,Italy,2013,FALSE,0.0446,0.0446,0.0446,0.0431,0.9658,1,1.0354
T,Italy-2014,Italy,2014,FALSE,0.0527,0.0231,0.0242,0.0188,0.3557,0.4585,1.2892
T,Japan-2013,Japan,2013,FALSE,0.5078,0.5078,0.5078,0.5078,1,1,1
T,Japan-2014,Japan,2014,FALSE,1,0.4318,0.4318,0.4318,0.4318,0.4318,1
T,Japan-2015,Japan,2015,FALSE,1,0.4568,0.4341,0.3058,0.3058,0.4341,1.4193
T,Japan-2016,Japan,2016,FALSE,1,0.5857,0.2187,0.2005,0.2005,0.2187,1.0908
T,Japan-2017,Japan,2017,FALSE,1,0.803,0.4968,0.4391,0.4391,0.4968,1.1313
T,Japan-2018,Japan,2018,FALSE,1,0.9287,0.545,0.4996,0.4996,0.545,1.0908
T,Japan-2019,Japan,2019,FALSE,0.4429,0.4223,0.3786,0.3635,0.8208,0.8548,1.0415
T,Japan-2020,Japan,2020,FALSE,0.3001,0.2926,0.3001,0.2926,0.9752,1,1.0255
T,Japan-2021,Japan,2021,FALSE,0.5776,0.3328,0.3547,0.3328,0.5763,0.6141,1.0656
T,Luxembourg-2016,Luxembourg,2016,TRUE,0.526,0.0954,0.0954,0.0954,0.1813,0.1813,1
T,Luxembourg-2017,Luxembourg,2017,FALSE,0.4294,0.1216,0.1336,0.1041,0.2425,0.3112,1.2831
T,Luxembourg-2018,Luxembourg,2018,FALSE,0.2833,0.2367,0.1897,0.1347,0.4753,0.6696,1.4086
T,Luxembourg-2019,Luxembourg,2019,FALSE,0.3197,0.2027,0.309,0.1759,0.5503,0.9665,1.7564
T,Luxembourg-2020,Luxembourg,2020,FALSE,0.1535,0.1489,0.1401,0.1268,0.8262,0.9131,1.1051
T,Luxembourg-2021,Luxembourg,2021,FALSE,0.394,0.3578,0.394,0.3578,0.9082,1,1.1011
T,Malaysia-2014,Malaysia,2014,TRUE,0.4782,0.4782,0.4782,0.4782,1,1,1
T,Malaysia-2015,Malaysia,2015,FALSE,0.535,0.3185,0.2452,0.2277,0.4257,0.4584,1.0769
T,Malaysia-2016,Malaysia,2016,FALSE,0.6316,0.193,0.2374,0.193,0.3057,0.3758,1.2297
T,Malaysia-2018,Malaysia,2018,FALSE,0.049,0.0476,0.028,0.0251,0.5126,0.5717,1.1152
T,Malaysia-2020,Malaysia,2020,FALSE,0.0071,0.0063,0.0071,0.0063,0.8872,1,1.1271
T,Mexico-2013,Mexico,2013,FALSE,1,1,1,0.7837,0.7837,1,1.2759
T,Mexico-2014,Mexico,2014,FALSE,0.6179,0.3911,0.4738,0.3911,0.633,0.7669,1.2115
T,Mexico-2015,Mexico,2015,FALSE,1,0.6465,0.4797,0.4266,0.4266,0.4797,1.1245
T,Mexico-2016,Mexico,2016,FALSE,1,0.9003,0.6081,0.5278,0.5278,0.6081,1.1521
T,Mexico-2017,Mexico,2017,FALSE,0.7192,0.5924,0.3906,0.3103,0.4315,0.5431,1.2586
T,Mexico-2018,Mexico,2018,FALSE,1,1,1,1,1,1,1
T,Mexico-2019,Mexico,2019,FALSE,0.2346,0.2297,0.1679,0.1534,0.6541,0.7156,1.0941
T,Mexico-2020,Mexico,2020,FALSE,0.415,0.3592,0.415,0.3592,0.8654,1,1.1555
T,Mexico-2021,Mexico,2021,FALSE,0.0114,0.0112,0.0114,0.0112,0.9865,1,1.0137
T,Netherlands-2013,Netherlands,2013,FALSE,0.0127,0.0127,0.0127,0.012,0.9462,1,1.0568
T,Netherlands-2014,Netherlands,2014,FALSE,0.0104,0.0054,0.0053,0.0034,0.3217,0.5127,1.5938
T,Netherlands-2015,Netherlands,2015,FALSE,0.0172,0.0168,0.0025,0.0024,0.1394,0.1437,1.0303
T,Netherlands-2016,Netherlands,2016,FALSE,0.0112,0.011,0.0019,0.0017,0.1563,0.1699,1.0868
T,Netherlands-2017,Netherlands,2017,FALSE,0.0052,0.0052,0.0015,0.0015,0.2814,0.2924,1.0394
T,Norway-2013,Norway,2013,FALSE,0.0167,0.0167,0.0167,0.0144,0.8613,1,1.161
T,Norway-2014,Norway,2014,FALSE,0.0224,0.0224,0.0059,0.0051,0.2259,0.2626,1.1623000000000001
T,Norway-2016,Norway,2016,FALSE,0.0426,0.0288,0.0256,0.0188,0.4427,0.6011,1.358
T,Norway-2017,Norway,2017,FALSE,0.0059,0.0056,0.0027,0.0025,0.4288,0.4603,1.0735
T,Norway-2018,Norway,2018,FALSE,0.0219,0.0214,0.0142,0.0124,0.5635,0.6455,1.1454
T,Norway-2019,Norway,2019,FALSE,0.0044,0.0043,0.0032,0.0031,0.7094,0.7223,1.0181
T,Peru-2018,Peru,2018,TRUE,1,1,1,1,1,1,1
T,Peru-2019,Peru,2019,FALSE,1,0.3005,0.448,0.267,0.267,0.448,1.6777
T,Peru-2020,Peru,2020,FALSE,1,0.8222,1,0.7449,0.7449,1,1.3425
T,Peru-2021,Peru,2021,FALSE,1,0.1104,0.1738,0.1104,0.1104,0.1738,1.5745
T,Philippines-2018,Philippines,2018,FALSE,0.0704,0.0537,0.0704,0.0448,0.636,1,1.5724
T,Poland-2013,Poland,2013,FALSE,0.1418,0.1418,0.1418,0.1133,0.7986,1,1.2523
T,Poland-2014,Poland,2014,FALSE,0.1883,0.1331,0.0777,0.0697,0.37,0.4126,1.1151
T,Poland-2015,Poland,2015,FALSE,0.2235,0.2047,0.0562,0.0495,0.2215,0.2513,1.1346
T,Poland-2016,Poland,2016,FALSE,0.1905,0.169,0.1032,0.0745,0.3909,0.5417,1.3857
T,Poland-2017,Poland,2017,FALSE,0.0544,0.0489,0.0261,0.0232,0.427,0.4805,1.1254
T,Poland-2018,Poland,2018,FALSE,0.114,0.1106,0.1023,0.0771,0.6766,0.8977,1.3268
T,Poland-2019,Poland,2019,FALSE,0.0232,0.0212,0.0199,0.0184,0.7957,0.8601,1.0809
T,Poland-2020,Poland,2020,FALSE,0.0087,0.0083,0.0087,0.0083,0.9532,1,1.0491
T,Poland-2021,Poland,2021,FALSE,0.0136,0.0078,0.0084,0.0078,0.5702,0.6166,1.0813
T,Portugal-2014,Portugal,2014,FALSE,0.0269,0.024,0.014,0.0099,0.3676,0.5224,1.421
T,Portugal-2015,Portugal,2015,FALSE,0.113,0.096,0.0327,0.0266,0.2351,0.2893,1.2306
T,Portugal-2016,Portugal,2016,FALSE,0.2344,0.1791,0.1028,0.0737,0.3143,0.4386,1.3954
T,Portugal-2017,Portugal,2017,FALSE,0.046,0.0438,0.011,0.0108,0.2356,0.2398,1.0179
T,Portugal-2018,Portugal,2018,FALSE,0.0433,0.0433,0.0191,0.0188,0.4333,0.4406,1.0169
T,Romania-2016,Romania,2016,FALSE,0.203,0.0819,0.0875,0.0668,0.329,0.431,1.31
T,Romania-2017,Romania,2017,TRUE,1,0.2379,0.2379,0.2379,0.2379,0.2379,1
T,Romania-2018,Romania,2018,TRUE,1,0.2376,0.2376,0.2376,0.2376,0.2376,1
T,Romania-2019,Romania,2019,FALSE,0.2327,0.1171,0.2012,0.1074,0.4616,0.8647,1.8734
T,Romania-2020,Romania,2020,FALSE,0.3591,0.1648,0.3177,0.1648,0.459,0.8846,1.9272
T,Romania-2021,Romania,2021,FALSE,0.0799,0.0707,0.0799,0.0707,0.8855,1,1.1294
T,Singapore-2013,Singapore,2013,FALSE,0.4473,0.4473,0.1418,0.1093,0.2445,0.317,1.2966
T,Singapore-2014,Singapore,2014,FALSE,0.4194,0.4194,0.0503,0.0476,0.1136,0.12,1.0562
T,Singapore-2015,Singapore,2015,FALSE,0.2837,0.2662,0.0235,0.0234,0.0824,0.0829,1.0068
T,Singapore-2016,Singapore,2016,FALSE,0.2573,0.2446,0.0434,0.0428,0.1662,0.1688,1.0154
T,Singapore-2017,Singapore,2017,FALSE,0.3416,0.335,0.0927,0.0859,0.2515,0.2712,1.0782
T,Singapore-2018,Singapore,2018,FALSE,0.3541,0.3541,0.154,0.1529,0.4317,0.4348,1.0074
T,Singapore-2019,Singapore,2019,FALSE,0.179,0.1771,0.1099,0.1091,0.6094,0.6137,1.0069
T,Slovenia-2018,Slovenia,2018,TRUE,0.8522,0.1917,0.1917,0.1917,0.2249,0.2249,1
T,South Africa-2014,South Africa,2014,TRUE,0.1434,0.1434,0.1434,0.1434,1,1,1
T,South Africa-2016,South Africa,2016,FALSE,0.0414,0.0361,0.0077,0.0073,0.1775,0.1869,1.0532
T,South Africa-2017,South Africa,2017,FALSE,0.0238,0.0227,0.0066,0.0064,0.2689,0.2789,1.0372
T,South Africa-2018,South Africa,2018,FALSE,0.0191,0.0191,0.0098,0.0095,0.4942,0.5107,1.0333
T,South Africa-2019,South Africa,2019,FALSE,0.0039,0.0038,0.0024,0.0023,0.5959,0.6097,1.0231
T,South Africa-2020,South Africa,2020,FALSE,0.0182,0.0181,0.0157,0.0153,0.842,0.863,1.025
T,Spain-2013,Spain,2013,FALSE,0.1469,0.1469,0.0499,0.0412,0.2801,0.3395,1.2122
T,Spain-2014,Spain,2014,FALSE,0.2098,0.1817,0.0558,0.0483,0.2303,0.266,1.1554
T,Spain-2015,Spain,2015,FALSE,0.2436,0.1782,0.1096,0.0851,0.3493,0.4501,1.2885
T,Spain-2016,Spain,2016,FALSE,0.1757,0.1534,0.0447,0.0419,0.2385,0.2547,1.068
T,Spain-2017,Spain,2017,FALSE,0.0978,0.0931,0.0465,0.0434,0.4436,0.4751,1.0711
T,Spain-2018,Spain,2018,FALSE,0.0872,0.0843,0.0484,0.0446,0.5116,0.5553,1.0854
T,Spain-2019,Spain,2019,FALSE,0.0251,0.0245,0.0215,0.021,0.8337,0.8562,1.0269
T,Spain-2020,Spain,2020,FALSE,0.0196,0.0191,0.0196,0.0191,0.9737,1,1.027
T,Spain-2021,Spain,2021,FALSE,0.011,0.0078,0.0081,0.0078,0.7092,0.7379,1.0405
T,Switzerland-2015,Switzerland,2015,FALSE,0.0082,0.008,8e-4,7e-4,0.0842,0.0937,1.1128
T,Ukraine-2013,Ukraine,2013,TRUE,1,1,0.526,0.526,0.526,0.526,1
T,Ukraine-2014,Ukraine,2014,TRUE,1,1,1,1,1,1,1
T,Ukraine-2015,Ukraine,2015,TRUE,1,0.8978,1,0.6915,0.6915,1,1.4462
T,Ukraine-2016,Ukraine,2016,TRUE,1,1,1,0.3308,0.3308,1,3.0234
T,Ukraine-2017,Ukraine,2017,TRUE,1,1,0.5558,0.1815,0.1815,0.5558,3.0615
T,Ukraine-2018,Ukraine,2018,FALSE,0.4087,0.2765,0.4087,0.2189,0.5356,1,1.867
T,United Kingdom-2013,United Kingdom,2013,FALSE,0.1753,0.1753,0.0535,0.0466,0.2661,0.305,1.1461
T,United Kingdom-2014,United Kingdom,2014,FALSE,0.0904,0.0904,0.0111,0.0107,0.1188,0.1223,1.0294
T,United Kingdom-2021,United Kingdom,2021,FALSE,0.0215,0.0215,0.0215,0.0215,0.9996,1,1.0004
T,United States-2013,United States,2013,FALSE,1,1,0.0405,0.0404,0.0404,0.0405,1.0031
T,United States-2014,United States,2014,FALSE,1,1,0.0413,0.0371,0.0371,0.0413,1.1134
T,United States-2015,United States,2015,FALSE,0.9913,0.9913,0.0493,0.0472,0.0476,0.0498,1.0454
T,United States-2016,United States,2016,FALSE,0.7692,0.7692,0.0715,0.0715,0.0929,0.0929,1
T,United States-2017,United States,2017,FALSE,0.6588,0.6588,0.1139,0.1139,0.173,0.173,1
T,United States-2018,United States,2018,FALSE,0.4744,0.4744,0.1529,0.1529,0.3223,0.3223,1
T,United States-2019,United States,2019,FALSE,0.3112,0.3112,0.1594,0.1594,0.512,0.512,1
T,United States-2020,United States,2020,FALSE,0.1894,0.1894,0.1463,0.1463,0.7727,0.7727,1
T,United States-2021,United States,2021,FALSE,0.0821,0.0821,0.0821,0.0821,1,1,1
ST,Argentina-2013,Argentina,2013,FALSE,0.2321,0.2321,0.1177,0.1152,0.4964,0.5071,1.0217
ST,Argentina-2016,Argentina,2016,FALSE,0.2516,0.1491,0.1585,0.1455,0.5784,0.6301,1.0895
ST,Argentina-2017,Argentina,2017,FALSE,0.2438,0.152,0.1635,0.1456,0.5972,0.6708,1.1233
ST,Argentina-2018,Argentina,2018,FALSE,0.4056,0.2698,0.3523,0.2698,0.6652,0.8686,1.3056
ST,Argentina-2019,Argentina,2019,FALSE,0.6965,0.2013,0.2272,0.2007,0.2882,0.3261,1.1318
ST,Argentina-2020,Argentina,2020,FALSE,0.2197,0.186,0.2197,0.186,0.8463,1,1.1816
ST,Argentina-2021,Argentina,2021,FALSE,0.4508,0.1869,0.2429,0.1869,0.4146,0.5388,1.2996
ST,Australia-2013,Australia,2013,FALSE,1,1,1,1,1,1,1
ST,Australia-2015,Australia,2015,FALSE,0.7259,0.4783,0.5437,0.3951,0.5443,0.749,1.376
ST,Australia-2017,Australia,2017,FALSE,1,0.8418,1,0.6794,0.6794,1,1.4719
ST,Australia-2019,Australia,2019,FALSE,1,0.6084,1,0.5911,0.5911,1,1.6917
ST,Austria-2013,Austria,2013,FALSE,0.4369,0.4369,0.4015,0.3275,0.7495,0.9191,1.2262
ST,Austria-2014,Austria,2014,FALSE,0.3524,0.2766,0.3524,0.2766,0.785,1,1.2739
ST,Austria-2015,Austria,2015,FALSE,0.7225,0.4049,0.4847,0.4049,0.5604,0.6708,1.197
ST,Austria-2016,Austria,2016,FALSE,0.596,0.3736,0.4884,0.3736,0.627,0.8195,1.3071
ST,Austria-2017,Austria,2017,FALSE,0.6332,0.3223,0.3789,0.3223,0.5089,0.5983,1.1757
ST,Austria-2018,Austria,2018,FALSE,0.4959,0.2342,0.2399,0.2342,0.4723,0.4837,1.0242
ST,Austria-2019,Austria,2019,FALSE,0.5455,0.2319,0.2484,0.2319,0.425,0.4553,1.0714
ST,Austria-2020,Austria,2020,FALSE,0.5011,0.2455,0.2888,0.2455,0.49,0.5763,1.1761
ST,Austria-2021,Austria,2021,FALSE,0.5836,0.2358,0.2424,0.2358,0.4041,0.4154,1.0279
ST,Belgium-2013,Belgium,2013,FALSE,0.4484,0.4484,0.4314,0.3612,0.8056,0.9621,1.1943
ST,Belgium-2016,Belgium,2016,FALSE,0.2906,0.1894,0.1961,0.1886,0.6487,0.6746,1.0398
ST,Belgium-2017,Belgium,2017,FALSE,0.321,0.1333,0.1333,0.1272,0.3962,0.4154,1.0484
ST,Belgium-2018,Belgium,2018,FALSE,0.6018,0.2852,0.2985,0.2852,0.4738,0.4961,1.047
ST,Brazil-2013,Brazil,2013,FALSE,0.6641,0.6641,0.6641,0.6066,0.9134,1,1.0948
ST,Brazil-2014,Brazil,2014,FALSE,0.608,0.3727,0.4135,0.3727,0.613,0.6802,1.1095
ST,Brazil-2015,Brazil,2015,FALSE,0.4234,0.2821,0.3072,0.2495,0.5894,0.7256,1.2312
ST,Brazil-2016,Brazil,2016,FALSE,1,0.4705,0.5513,0.4705,0.4705,0.5513,1.1717
ST,Brazil-2017,Brazil,2017,FALSE,0.6245,0.3325,0.493,0.3081,0.4934,0.7895,1.6
ST,Brazil-2018,Brazil,2018,FALSE,0.6581,0.3658,0.5996,0.3286,0.4993,0.9112,1.8249
ST,Brazil-2019,Brazil,2019,FALSE,0.429,0.2823,0.381,0.2812,0.6555,0.8882,1.3552
ST,Brazil-2020,Brazil,2020,FALSE,0.6043,0.2635,0.2984,0.2635,0.4361,0.4939,1.1324
ST,Bulgaria-2018,Bulgaria,2018,FALSE,0.6239,0.6239,0.5216,0.5181,0.8304,0.836,1.0068
ST,Bulgaria-2019,Bulgaria,2019,FALSE,0.8744,0.6064,0.6106,0.5975,0.6834,0.6983,1.0218
ST,Bulgaria-2021,Bulgaria,2021,FALSE,1,0.7504,0.7641,0.7504,0.7504,0.7641,1.0183
ST,Chile-2014,Chile,2014,FALSE,0.613,0.3692,0.1853,0.1825,0.2978,0.3023,1.015
ST,Chile-2015,Chile,2015,TRUE,0.6646,0.6427,0.6646,0.3982,0.5991,1,1.6691
ST,Chile-2017,Chile,2017,FALSE,0.3765,0.3296,0.2569,0.2535,0.6732,0.6824,1.0136
ST,Chile-2018,Chile,2018,FALSE,0.3339,0.3339,0.2629,0.2619,0.7844,0.7875,1.0039
ST,Chile-2019,Chile,2019,FALSE,0.3886,0.3702,0.3341,0.3296,0.8482,0.8596,1.0135
ST,China-2013,China,2013,FALSE,1,1,1,1,1,1,1
ST,China-2014,China,2014,FALSE,1,1,1,0.8887,0.8887,1,1.1253
ST,China-2015,China,2015,FALSE,1,1,1,0.8741,0.8741,1,1.144
ST,China-2016,China,2016,FALSE,1,1,0.6604,0.6407,0.6407,0.6604,1.0307
ST,China-2017,China,2017,FALSE,1,1,0.8501,0.7548,0.7548,0.8501,1.1262
ST,China-2018,China,2018,FALSE,1,1,0.8058,0.7655,0.7655,0.8058,1.0527
ST,China-2019,China,2019,FALSE,1,1,1,1,1,1,1
ST,China-2020,China,2020,FALSE,1,1,1,1,1,1,1
ST,China-2021,China,2021,FALSE,1,1,1,1,1,1,1
ST,Colombia-2015,Colombia,2015,TRUE,0.8659,0.835,0.4619,0.4581,0.5291,0.5334,1.0083
ST,Colombia-2017,Colombia,2017,FALSE,0.7508,0.6731,0.6313,0.6028,0.8029,0.8408,1.0472
ST,Colombia-2019,Colombia,2019,FALSE,0.6084,0.6076,0.5505,0.5483,0.9011,0.9049,1.0042
ST,Croatia-2015,Croatia,2015,TRUE,1,1,0.7274,0.6009,0.6009,0.7274,1.2105
ST,Croatia-2018,Croatia,2018,FALSE,0.4387,0.4387,0.4387,0.41,0.9347,1,1.0699
ST,Croatia-2019,Croatia,2019,FALSE,0.5078,0.4133,0.4396,0.3859,0.7599,0.8657,1.1392
ST,France-2013,France,2013,FALSE,0.5309,0.5309,0.5309,0.5166,0.9731,1,1.0277
ST,France-2014,France,2014,FALSE,0.5279,0.4647,0.2945,0.277,0.5248,0.5578,1.0629
ST,France-2015,France,2015,FALSE,0.6628,0.49,0.5274,0.386,0.5823,0.7957,1.3664
ST,France-2016,France,2016,FALSE,0.4764,0.4042,0.4273,0.3176,0.6666,0.8971,1.3457
ST,France-2017,France,2017,FALSE,0.6324,0.4041,0.3385,0.3026,0.4785,0.5352,1.1185
ST,France-2018,France,2018,FALSE,0.707,0.4267,0.3649,0.3309,0.468,0.5161,1.1029
ST,Greece-2014,Greece,2014,FALSE,1,0.9376,0.5114,0.4778,0.4778,0.5114,1.0703
ST,Greece-2015,Greece,2015,TRUE,1,0.9681,0.9076,0.727,0.727,0.9076,1.2485
ST,Greece-2016,Greece,2016,FALSE,0.7199,0.6899,0.6666,0.588,0.8169,0.926,1.1336
ST,Greece-2017,Greece,2017,FALSE,0.7458,0.5398,0.4464,0.4149,0.5563,0.5986,1.0761
ST,Greece-2018,Greece,2018,FALSE,1,0.8186,1,0.7806,0.7806,1,1.2811
ST,Greece-2019,Greece,2019,FALSE,0.9986,0.7191,0.8401,0.6884,0.6894,0.8412,1.2202
ST,Greece-2020,Greece,2020,FALSE,0.9649,0.7764,0.9413,0.7764,0.8047,0.9755,1.2124
ST,Greece-2021,Greece,2021,FALSE,1,0.8132,0.9061,0.8132,0.8132,0.9061,1.1142
ST,Hungary-2013,Hungary,2013,TRUE,1,1,0.4027,0.3056,0.3056,0.4027,1.3176
ST,Hungary-2014,Hungary,2014,FALSE,0.5035,0.3867,0.2703,0.2403,0.4773,0.5369,1.1248
ST,Hungary-2015,Hungary,2015,FALSE,0.393,0.3815,0.2029,0.1909,0.4856,0.5162,1.063
ST,Hungary-2016,Hungary,2016,FALSE,0.3502,0.349,0.2661,0.2539,0.725,0.76,1.0481
ST,Hungary-2017,Hungary,2017,FALSE,0.3875,0.3489,0.3001,0.2748,0.7093,0.7745,1.0919
ST,Hungary-2018,Hungary,2018,FALSE,0.3117,0.2677,0.25,0.2228,0.7147,0.802,1.1222
ST,Hungary-2019,Hungary,2019,FALSE,0.4669,0.364,0.41,0.3435,0.7358,0.8782,1.1934
ST,Hungary-2020,Hungary,2020,FALSE,0.4738,0.3889,0.4738,0.3889,0.8209,1,1.2182
ST,Hungary-2021,Hungary,2021,FALSE,0.6381,0.3779,0.411,0.3779,0.5923,0.6442,1.0876
ST,India-2013,India,2013,FALSE,1,1,1,1,1,1,1
ST,India-2014,India,2014,FALSE,1,1,0.6391,0.6004,0.6004,0.6391,1.0644
ST,India-2015,India,2015,FALSE,1,1,0.7634,0.7376,0.7376,0.7634,1.0349
ST,India-2016,India,2016,FALSE,1,1,1,1,1,1,1
ST,India-2017,India,2017,FALSE,1,1,0.8893,0.7805,0.7805,0.8893,1.1393
ST,India-2018,India,2018,FALSE,1,1,1,0.8868,0.8868,1,1.1276
ST,India-2019,India,2019,FALSE,1,1,1,1,1,1,1
ST,India-2020,India,2020,FALSE,1,1,1,1,1,1,1
ST,Indonesia-2013,Indonesia,2013,FALSE,1,1,0.6205,0.542,0.542,0.6205,1.1449
ST,Indonesia-2016,Indonesia,2016,FALSE,1,0.9155,1,0.8383,0.8383,1,1.1929
ST,Ireland-2016,Ireland,2016,FALSE,0.2096,0.2096,0.1685,0.161,0.7682,0.8037,1.0463
ST,Ireland-2018,Ireland,2018,FALSE,0.3059,0.2262,0.2247,0.1919,0.6274,0.7344,1.1707
ST,Israel-2013,Israel,2013,FALSE,0.148,0.148,0.1001,0.094,0.6352,0.676,1.0643
ST,Israel-2014,Israel,2014,FALSE,0.2568,0.1395,0.1249,0.1103,0.4293,0.4862,1.1326
ST,Israel-2015,Israel,2015,FALSE,0.1572,0.1449,0.1006,0.0871,0.554,0.6403,1.1557
ST,Israel-2016,Israel,2016,FALSE,0.0996,0.0996,0.0995,0.085,0.8532,0.9988,1.1707
ST,Israel-2017,Israel,2017,FALSE,0.2481,0.1106,0.1031,0.0928,0.374,0.4154,1.1109
ST,Israel-2018,Israel,2018,FALSE,0.2394,0.1221,0.1003,0.0965,0.4032,0.4191,1.0392
ST,Israel-2019,Israel,2019,FALSE,0.1199,0.1197,0.1199,0.1167,0.9728,1,1.028
ST,Israel-2020,Israel,2020,FALSE,0.3077,0.1373,0.1407,0.1365,0.4436,0.4574,1.0311
ST,Israel-2021,Israel,2021,FALSE,0.3741,0.1416,0.153,0.1416,0.3786,0.4089,1.0802
ST,Italy-2013,Italy,2013,FALSE,0.8951,0.8951,0.8951,0.7695,0.8598,1,1.1631
ST,Italy-2014,Italy,2014,FALSE,1,0.729,0.7971,0.729,0.729,0.7971,1.0934
ST,Japan-2013,Japan,2013,FALSE,0.5915,0.5915,0.5915,0.5915,1,1,1
ST,Japan-2014,Japan,2014,FALSE,1,0.4318,0.4318,0.4318,0.4318,0.4318,1
ST,Japan-2015,Japan,2015,FALSE,1,0.4568,0.5091,0.3089,0.3089,0.5091,1.6481
ST,Japan-2016,Japan,2016,FALSE,1,0.5857,0.5422,0.2708,0.2708,0.5422,2.0024
ST,Japan-2017,Japan,2017,FALSE,1,0.803,0.7973,0.4391,0.4391,0.7973,1.8158
ST,Japan-2018,Japan,2018,FALSE,1,0.9287,0.7689,0.4996,0.4996,0.7689,1.539
ST,Japan-2019,Japan,2019,FALSE,0.5545,0.4223,0.5545,0.3707,0.6685,1,1.4959
ST,Japan-2020,Japan,2020,FALSE,0.5886,0.3465,0.4612,0.3465,0.5887,0.7835,1.3309
ST,Japan-2021,Japan,2021,FALSE,1,0.4067,0.716,0.4067,0.4067,0.716,1.7608
ST,Luxembourg-2016,Luxembourg,2016,TRUE,0.526,0.3086,0.3585,0.22,0.4182,0.6816,1.63
ST,Luxembourg-2017,Luxembourg,2017,FALSE,0.4294,0.2761,0.2698,0.2311,0.5381,0.6284,1.1676
ST,Luxembourg-2018,Luxembourg,2018,FALSE,0.322,0.3093,0.2318,0.2236,0.6945,0.7198,1.0365
ST,Luxembourg-2019,Luxembourg,2019,FALSE,0.386,0.2926,0.3519,0.2673,0.6925,0.9116,1.3165
ST,Luxembourg-2020,Luxembourg,2020,FALSE,0.3467,0.3377,0.3258,0.3221,0.929,0.9395,1.0114
ST,Luxembourg-2021,Luxembourg,2021,FALSE,0.4927,0.4907,0.4927,0.4907,0.996,1,1.004
ST,Malaysia-2014,Malaysia,2014,TRUE,1,1,1,1,1,1,1
ST,Malaysia-2015,Malaysia,2015,FALSE,1,1,1,0.9666,0.9666,1,1.0346
ST,Malaysia-2016,Malaysia,2016,FALSE,1,0.8453,0.8932,0.8453,0.8453,0.8932,1.0567
ST,Malaysia-2018,Malaysia,2018,FALSE,1,0.8082,0.8425,0.7621,0.7621,0.8425,1.1055
ST,Malaysia-2020,Malaysia,2020,FALSE,1,0.9542,1,0.9542,0.9542,1,1.048
ST,Mexico-2013,Mexico,2013,FALSE,1,1,1,0.873,0.873,1,1.1455
ST,Mexico-2014,Mexico,2014,FALSE,0.8097,0.5509,0.7646,0.516,0.6373,0.9443,1.4818
ST,Mexico-2015,Mexico,2015,FALSE,1,0.7864,0.7235,0.5351,0.5351,0.7235,1.3521
ST,Mexico-2016,Mexico,2016,FALSE,1,1,0.7536,0.6152,0.6152,0.7536,1.225
ST,Mexico-2017,Mexico,2017,FALSE,0.8277,0.7327,0.6499,0.49370000000000003,0.5964,0.7852,1.3165
ST,Mexico-2018,Mexico,2018,FALSE,1,1,1,1,1,1,1
ST,Mexico-2019,Mexico,2019,FALSE,0.5847,0.5844,0.5847,0.5105,0.873,1,1.1455
ST,Mexico-2020,Mexico,2020,FALSE,0.8803,0.7495,0.8803,0.7495,0.8515,1,1.1745
ST,Mexico-2021,Mexico,2021,FALSE,0.8496,0.5508,0.5763,0.5508,0.6483,0.6784,1.0464
ST,Netherlands-2013,Netherlands,2013,FALSE,0.5778,0.5778,0.5778,0.4802,0.8311,1,1.2033
ST,Netherlands-2014,Netherlands,2014,FALSE,0.5747,0.3979,0.4363,0.3979,0.6925,0.7591,1.0963
ST,Netherlands-2015,Netherlands,2015,FALSE,0.3573,0.2577,0.1824,0.1779,0.4981,0.5106,1.0251
ST,Netherlands-2016,Netherlands,2016,FALSE,0.1949,0.1944,0.1746,0.1521,0.7803,0.8957,1.148
ST,Netherlands-2017,Netherlands,2017,FALSE,0.4468,0.1956,0.1972,0.1625,0.3636,0.4413,1.2135
ST,Norway-2013,Norway,2013,FALSE,0.2801,0.2801,0.2207,0.2021,0.7214,0.7879,1.0922
ST,Norway-2014,Norway,2014,FALSE,0.2293,0.1615,0.1619,0.1364,0.5949,0.706,1.1866
ST,Norway-2016,Norway,2016,FALSE,0.2915,0.202,0.2432,0.202,0.6931,0.8343,1.2037
ST,Norway-2017,Norway,2017,FALSE,0.2686,0.1382,0.1486,0.1351,0.503,0.5532,1.0998000000000001
ST,Norway-2018,Norway,2018,FALSE,0.3517,0.2058,0.2295,0.2022,0.5751,0.6525,1.1347
ST,Norway-2019,Norway,2019,FALSE,0.2149,0.1655,0.1826,0.1641,0.7637,0.8497,1.1125
ST,Peru-2018,Peru,2018,TRUE,1,1,1,1,1,1,1
ST,Peru-2019,Peru,2019,FALSE,1,0.7314,0.742,0.6247,0.6247,0.742,1.1878
ST,Peru-2020,Peru,2020,FALSE,1,1,1,1,1,1,1
ST,Peru-2021,Peru,2021,FALSE,1,1,1,1,1,1,1
ST,Philippines-2018,Philippines,2018,FALSE,0.3393,0.3288,0.3393,0.2975,0.8769,1,1.1403
ST,Poland-2013,Poland,2013,FALSE,1,1,0.7309,0.6928,0.6928,0.7309,1.055
ST,Poland-2014,Poland,2014,FALSE,0.7954,0.7019,0.7498,0.6646,0.8356,0.9427,1.1281
ST,Poland-2015,Poland,2015,FALSE,0.847,0.7918,0.6874,0.6038,0.7128,0.8116,1.1385
ST,Poland-2016,Poland,2016,FALSE,0.9256,0.7775,0.8922,0.7409,0.8005,0.9639,1.2042
ST,Poland-2017,Poland,2017,FALSE,1,0.6304,0.6809,0.5985,0.5985,0.6809,1.1376
ST,Poland-2018,Poland,2018,FALSE,1,0.6408,0.7194,0.6316,0.6316,0.7194,1.1389
ST,Poland-2019,Poland,2019,FALSE,0.7775,0.4445,0.4847,0.4397,0.5655,0.6234,1.1023
ST,Poland-2020,Poland,2020,FALSE,0.6472,0.405,0.4205,0.405,0.6257,0.6498,1.0385
ST,Poland-2021,Poland,2021,FALSE,1,0.5005,0.5719,0.5005,0.5005,0.5719,1.1426
ST,Portugal-2014,Portugal,2014,FALSE,0.9286,0.8361,0.7451,0.6108,0.6577,0.8024,1.2199
ST,Portugal-2015,Portugal,2015,FALSE,1,1,0.7248,0.6602,0.6602,0.7248,1.098
ST,Portugal-2016,Portugal,2016,FALSE,0.7612,0.6977,0.7451,0.6009,0.7894,0.9788,1.2399
ST,Portugal-2017,Portugal,2017,FALSE,0.7901,0.5796,0.4746,0.4454,0.5637,0.6007,1.0657
ST,Portugal-2018,Portugal,2018,FALSE,0.7038,0.5874,0.4967,0.4669,0.6634,0.7058,1.0639
ST,Romania-2016,Romania,2016,FALSE,1,1,0.9993,0.9439,0.9439,0.9993,1.0587
ST,Romania-2017,Romania,2017,TRUE,1,1,1,0.901,0.901,1,1.1099
ST,Romania-2018,Romania,2018,TRUE,1,1,1,1,1,1,1
ST,Romania-2019,Romania,2019,FALSE,1,1,0.9284,0.9174,0.9174,0.9284,1.012
ST,Romania-2020,Romania,2020,FALSE,1,1,1,1,1,1,1
ST,Romania-2021,Romania,2021,FALSE,1,0.9912,1,0.9912,0.9912,1,1.0089
ST,Singapore-2013,Singapore,2013,FALSE,0.6824,0.6824,0.6046,0.4536,0.6647,0.886,1.3329
ST,Singapore-2014,Singapore,2014,FALSE,0.7655,0.6886,0.4344,0.3581,0.4678,0.5675,1.2131
ST,Singapore-2015,Singapore,2015,FALSE,0.4798,0.4731,0.3002,0.2835,0.5909,0.6256,1.0587
ST,Singapore-2016,Singapore,2016,FALSE,0.4933,0.4933,0.4469,0.3584,0.7266,0.906,1.2469
ST,Singapore-2017,Singapore,2017,FALSE,0.8322,0.6155,0.4295,0.3823,0.4594,0.516,1.1232
ST,Singapore-2018,Singapore,2018,FALSE,0.6673,0.6624,0.5768,0.4729,0.7087,0.8644,1.2197
ST,Singapore-2019,Singapore,2019,FALSE,0.5747,0.5649,0.5747,0.4727,0.8225,1,1.2158
ST,Slovenia-2018,Slovenia,2018,TRUE,0.8522,0.3882,0.6363,0.3882,0.4555,0.7466,1.6392
ST,South Africa-2014,South Africa,2014,TRUE,0.2642,0.2642,0.2642,0.2442,0.9241,1,1.0821
ST,South Africa-2016,South Africa,2016,FALSE,0.1786,0.1786,0.1734,0.15,0.8401,0.9711,1.1559
ST,South Africa-2017,South Africa,2017,FALSE,0.278,0.1852,0.1667,0.1504,0.541,0.5996,1.1083
ST,South Africa-2018,South Africa,2018,FALSE,0.2852,0.2383,0.2143,0.1947,0.6828,0.7515,1.1005
ST,South Africa-2019,South Africa,2019,FALSE,0.2653,0.2653,0.2653,0.2462,0.928,1,1.0776
ST,South Africa-2020,South Africa,2020,FALSE,0.4458,0.3806,0.4109,0.3798,0.852,0.9216,1.0817
ST,Spain-2013,Spain,2013,FALSE,0.53,0.53,0.53,0.5266,0.9935,1,1.0065
ST,Spain-2014,Spain,2014,FALSE,1,0.5276,0.5282,0.5071,0.5071,0.5282,1.0416
ST,Spain-2015,Spain,2015,FALSE,1,0.6993,0.7237,0.6993,0.6993,0.7237,1.0349
ST,Spain-2016,Spain,2016,FALSE,0.5291,0.4365,0.5291,0.4266,0.8062,1,1.2404
ST,Spain-2017,Spain,2017,FALSE,1,0.4768,0.599,0.4768,0.4768,0.599,1.2563
ST,Spain-2018,Spain,2018,FALSE,1,0.5159,0.6228,0.5159,0.5159,0.6228,1.2072
ST,Spain-2019,Spain,2019,FALSE,0.7543,0.4461,0.4547,0.4461,0.5914,0.6028,1.0192
ST,Spain-2020,Spain,2020,FALSE,1,0.4951,0.5051,0.4951,0.4951,0.5051,1.0202
ST,Spain-2021,Spain,2021,FALSE,1,0.4484,0.5487,0.4484,0.4484,0.5487,1.2238
ST,Switzerland-2015,Switzerland,2015,FALSE,0.178,0.1641,0.1001,0.0983,0.5522,0.5622,1.0181
ST,Ukraine-2013,Ukraine,2013,TRUE,1,1,0.65,0.5653,0.5653,0.65,1.1499
ST,Ukraine-2014,Ukraine,2014,TRUE,1,1,1,1,1,1,1
ST,Ukraine-2015,Ukraine,2015,TRUE,1,1,1,0.8786,0.8786,1,1.1382
ST,Ukraine-2016,Ukraine,2016,TRUE,1,1,1,0.8564,0.8564,1,1.1676
ST,Ukraine-2017,Ukraine,2017,TRUE,1,1,1,1,1,1,1
ST,Ukraine-2018,Ukraine,2018,FALSE,1,1,1,1,1,1,1
ST,United Kingdom-2013,United Kingdom,2013,FALSE,0.5661,0.5661,0.5661,0.4583,0.8095,1,1.2353
ST,United Kingdom-2014,United Kingdom,2014,FALSE,0.5668,0.4807,0.3967,0.3175,0.5601,0.6999,1.2497
ST,United Kingdom-2021,United Kingdom,2021,FALSE,0.7536,0.5511,0.642,0.5511,0.7312,0.8519,1.165
ST,United States-2013,United States,2013,FALSE,1,1,0.3407,0.3297,0.3297,0.3407,1.0336
ST,United States-2014,United States,2014,FALSE,1,1,0.3122,0.2773,0.2773,0.3122,1.1255
ST,United States-2015,United States,2015,FALSE,0.9913,0.9913,0.2749,0.2651,0.2675,0.2774,1.037
ST,United States-2016,United States,2016,FALSE,0.8029,0.8029,0.2756,0.2756,0.3432,0.3432,1
ST,United States-2017,United States,2017,FALSE,0.7822,0.7822,0.3168,0.3168,0.405,0.405,1
ST,United States-2018,United States,2018,FALSE,0.7752,0.7752,0.3954,0.3954,0.51,0.51,1
ST,United States-2019,United States,2019,FALSE,0.752,0.752,0.4995,0.4995,0.6641,0.6641,1
ST,United States-2020,United States,2020,FALSE,0.7787,0.7787,0.5875,0.5875,0.7544,0.7544,1
ST,United States-2021,United States,2021,FALSE,0.6386,0.6386,0.6386,0.6386,1,1,1
C,Argentina-2013,Argentina,2013,FALSE,0.0691,0.0691,0.0397,0.0328,0.4751,0.5744,1.2092
C,Argentina-2016,Argentina,2016,FALSE,0.1189,0.0356,0.0367,0.0319,0.2682,0.3088,1.1513
C,Argentina-2017,Argentina,2017,FALSE,0.0486,0.0239,0.0331,0.0168,0.3457,0.6812,1.9707
C,Argentina-2018,Argentina,2018,FALSE,0.4661,0.2165,0.262,0.2119,0.4547,0.562,1.236
C,Argentina-2019,Argentina,2019,FALSE,0.5592,0.195,0.2759,0.1835,0.3282,0.4934,1.5031
C,Argentina-2020,Argentina,2020,FALSE,0.1297,0.0544,0.0795,0.0544,0.4192,0.613,1.4625
C,Argentina-2021,Argentina,2021,FALSE,1,0.0481,0.0724,0.0481,0.0481,0.0724,1.5041
C,Australia-2013,Australia,2013,FALSE,1,1,1,1,1,1,1
C,Australia-2015,Australia,2015,FALSE,0.4965,0.4051,0.207,0.1765,0.3554,0.4169,1.1728
C,Australia-2017,Australia,2017,FALSE,1,0.8905,0.9741,0.6717,0.6717,0.9741,1.4502
C,Australia-2019,Australia,2019,FALSE,0.3982,0.365,0.3411,0.3172,0.7966,0.8567,1.0754
C,Austria-2013,Austria,2013,FALSE,0.0715,0.0715,0.0715,0.0596,0.8341,1,1.1989
C,Austria-2014,Austria,2014,FALSE,0.0346,0.0288,0.0314,0.0226,0.6553,0.9077,1.3853
C,Austria-2015,Austria,2015,FALSE,0.1478,0.0524,0.0613,0.0524,0.3544,0.4148,1.1705
C,Austria-2016,Austria,2016,FALSE,0.295,0.1201,0.1384,0.1132,0.3838,0.469,1.222
C,Austria-2017,Austria,2017,FALSE,0.126,0.0979,0.1038,0.0732,0.5811,0.8237,1.4173
C,Austria-2018,Austria,2018,FALSE,0.0489,0.0468,0.0325,0.0284,0.5814,0.6652,1.1442
C,Austria-2019,Austria,2019,FALSE,0.0108,0.0099,0.0093,0.0086,0.7962,0.8601,1.0803
C,Austria-2020,Austria,2020,FALSE,0.0165,0.0157,0.0165,0.0157,0.9488,1,1.054
C,Austria-2021,Austria,2021,FALSE,0.0141,0.0085,0.0087,0.0085,0.6016,0.615,1.0224
C,Belgium-2013,Belgium,2013,FALSE,0.014,0.014,0.0122,0.0095,0.6761,0.8678,1.2835
C,Belgium-2016,Belgium,2016,FALSE,0.0144,0.012,0.004,0.0037,0.2557,0.2775,1.0856
C,Belgium-2017,Belgium,2017,FALSE,0.0049,0.0047,0.0023,0.002,0.4111,0.4717,1.1472
C,Belgium-2018,Belgium,2018,FALSE,0.0357,0.0343,0.0266,0.0221,0.6184,0.7453,1.2052
C,Brazil-2013,Brazil,2013,FALSE,0.6046,0.6046,0.6046,0.5571,0.9214,1,1.0853
C,Brazil-2014,Brazil,2014,FALSE,0.3084,0.2293,0.2298,0.1497,0.4853,0.745,1.5352
C,Brazil-2015,Brazil,2015,FALSE,0.2201,0.2061,0.0608,0.057,0.2593,0.2765,1.0663
C,Brazil-2016,Brazil,2016,FALSE,1,0.5019,0.5542,0.4351,0.4351,0.5542,1.2738
C,Brazil-2017,Brazil,2017,FALSE,0.1903,0.1796,0.0997,0.0917,0.4817,0.5242,1.0881
C,Brazil-2018,Brazil,2018,FALSE,0.2031,0.2008,0.1096,0.1039,0.5118,0.5395,1.0542
C,Brazil-2019,Brazil,2019,FALSE,0.0646,0.0636,0.0549,0.0541,0.8374,0.8502,1.0153
C,Brazil-2020,Brazil,2020,FALSE,0.0441,0.0427,0.0441,0.0427,0.9682,1,1.0328
C,Bulgaria-2018,Bulgaria,2018,FALSE,0.2341,0.2341,0.2341,0.112,0.4782,1,2.0912
C,Bulgaria-2019,Bulgaria,2019,FALSE,0.3467,0.1492,0.256,0.1327,0.3828,0.7385,1.9293
C,Bulgaria-2021,Bulgaria,2021,FALSE,1,0.061,0.113,0.061,0.061,0.113,1.852
C,Chile-2014,Chile,2014,FALSE,0.0422,0.0422,0.033,0.014,0.3308,0.7822,2.3648
C,Chile-2015,Chile,2015,TRUE,0.3511,0.1913,0.1913,0.1913,0.5447,0.5447,1
C,Chile-2017,Chile,2017,FALSE,0.0637,0.0296,0.0216,0.0133,0.2094,0.3383,1.6158
C,Chile-2018,Chile,2018,FALSE,0.0146,0.0146,0.0127,0.0067,0.4582,0.8726,1.9044
C,Chile-2019,Chile,2019,FALSE,0.0128,0.0114,0.0126,0.0072,0.5661,0.9861,1.7421
C,China-2013,China,2013,FALSE,1,1,1,1,1,1,1
C,China-2014,China,2014,FALSE,1,1,0.213,0.2015,0.2015,0.213,1.0572
C,China-2015,China,2015,FALSE,1,1,0.3584,0.3373,0.3373,0.3584,1.0626
C,China-2016,China,2016,FALSE,1,1,0.2655,0.265,0.265,0.2655,1.0017
C,China-2017,China,2017,FALSE,1,1,0.4352,0.4344,0.4344,0.4352,1.0019
C,China-2018,China,2018,FALSE,1,1,0.6181,0.6176,0.6176,0.6181,1.0007
C,China-2019,China,2019,FALSE,1,1,0.8546,0.8508,0.8508,0.8546,1.0044
C,China-2020,China,2020,FALSE,1,1,1,1,1,1,1
C,China-2021,China,2021,FALSE,1,1,1,1,1,1,1
C,Colombia-2015,Colombia,2015,TRUE,0.1756,0.0956,0.0956,0.0956,0.5447,0.5447,1
C,Colombia-2017,Colombia,2017,FALSE,0.286,0.081,0.0891,0.0694,0.2427,0.3115,1.2834
C,Colombia-2019,Colombia,2019,FALSE,0.064,0.0357,0.0618,0.0324,0.5059,0.9665,1.9107
C,Croatia-2015,Croatia,2015,TRUE,1,1,0.3017,0.0977,0.0977,0.3017,3.0893
C,Croatia-2018,Croatia,2018,FALSE,0.0877,0.0806,0.0672,0.0429,0.4892,0.7662,1.5662
C,Croatia-2019,Croatia,2019,FALSE,0.0692,0.0323,0.0586,0.0288,0.4161,0.846,2.0334
C,France-2013,France,2013,FALSE,0.0826,0.0826,0.0749,0.0506,0.6123,0.9077,1.4824
C,France-2014,France,2014,FALSE,0.0666,0.0666,0.0065,0.0064,0.0961,0.0976,1.0161
C,France-2015,France,2015,FALSE,0.0474,0.0465,0.0135,0.0129,0.2714,0.2851,1.0503
C,France-2016,France,2016,FALSE,0.0582,0.0547,0.0127,0.0126,0.2174,0.2187,1.0063
C,France-2017,France,2017,FALSE,0.0424,0.0422,0.018,0.0177,0.4167,0.423,1.0151
C,France-2018,France,2018,FALSE,0.0494,0.0492,0.0306,0.0302,0.6105,0.6188,1.0135
C,Greece-2014,Greece,2014,FALSE,0.0309,0.0309,0.0034,0.0033,0.1065,0.11,1.033
C,Greece-2015,Greece,2015,TRUE,0.1756,0.0956,0.0956,0.0956,0.5447,0.5447,1
C,Greece-2016,Greece,2016,FALSE,0.1245,0.0872,0.0535,0.0366,0.2941,0.4301,1.4623
C,Greece-2017,Greece,2017,FALSE,0.1359,0.1278,0.0375,0.0361,0.2659,0.2757,1.0368
C,Greece-2018,Greece,2018,FALSE,0.3046,0.2029,0.3046,0.2029,0.6662,1,1.5011
C,Greece-2019,Greece,2019,FALSE,0.0504,0.0307,0.0403,0.0285,0.5655,0.8003,1.4152
C,Greece-2020,Greece,2020,FALSE,0.046,0.0337,0.046,0.0337,0.7333,1,1.3637
C,Greece-2021,Greece,2021,FALSE,0.0338,0.0191,0.0209,0.0191,0.5661,0.6195,1.0944
C,Hungary-2013,Hungary,2013,TRUE,0.1819,0.1819,0.0957,0.0957,0.526,0.526,1
C,Hungary-2014,Hungary,2014,FALSE,0.0336,0.0316,0.0315,0.0157,0.4672,0.939,2.01
C,Hungary-2015,Hungary,2015,FALSE,0.2878,0.2086,0.0643,0.0376,0.1306,0.2234,1.7111
C,Hungary-2016,Hungary,2016,FALSE,0.2017,0.1212,0.067,0.0472,0.234,0.3319,1.4184
C,Hungary-2017,Hungary,2017,FALSE,0.5261,0.1707,0.2289,0.1481,0.2814,0.4351,1.5462
C,Hungary-2018,Hungary,2018,FALSE,0.022,0.02,0.0151,0.0098,0.4471,0.6844,1.5309
C,Hungary-2019,Hungary,2019,FALSE,0.0614,0.0406,0.0555,0.037,0.6029,0.9048,1.5006
C,Hungary-2020,Hungary,2020,FALSE,0.035,0.0212,0.0328,0.0212,0.6047,0.9375,1.5503
C,Hungary-2021,Hungary,2021,FALSE,0.0203,0.0104,0.0127,0.0104,0.512,0.6259,1.2224
C,India-2013,India,2013,FALSE,0.4108,0.4108,0.1167,0.0988,0.2406,0.2841,1.1808
C,India-2014,India,2014,FALSE,0.2834,0.2834,0.0167,0.0166,0.0587,0.0589,1.0032
C,India-2015,India,2015,FALSE,0.4412,0.4286,0.0354,0.0353,0.08,0.0802,1.003
C,India-2016,India,2016,FALSE,0.3477,0.3381,0.076,0.0742,0.2133,0.2187,1.0253
C,India-2017,India,2017,FALSE,0.3106,0.3084,0.077,0.0768,0.2473,0.248,1.0027
C,India-2018,India,2018,FALSE,0.1695,0.1695,0.0732,0.073,0.4308,0.4319,1.0025
C,India-2019,India,2019,FALSE,0.0042,0.0042,0.0027,0.0026,0.6171,0.6263,1.015
C,India-2020,India,2020,FALSE,0.0017,0.0017,0.0014,0.0014,0.8465,0.8487,1.0026
C,Indonesia-2013,Indonesia,2013,FALSE,1,1,0.0477,0.0301,0.0301,0.0477,1.5811
C,Indonesia-2016,Indonesia,2016,FALSE,0.1263,0.0531,0.063,0.0445,0.3526,0.4988,1.4144
C,Ireland-2016,Ireland,2016,FALSE,0.021,0.0175,0.007,0.0048,0.229,0.332,1.4495
C,Ireland-2018,Ireland,2018,FALSE,0.006,0.0057,0.0049,0.0036,0.5935,0.806,1.358
C,Israel-2013,Israel,2013,FALSE,0.1446,0.1446,0.0231,0.0172,0.1193,0.1598,1.3398
C,Israel-2014,Israel,2014,FALSE,0.0737,0.0735,0.012,0.0094,0.1281,0.1634,1.2753
C,Israel-2015,Israel,2015,FALSE,0.1472,0.128,0.0272,0.0236,0.1605,0.1849,1.1524
C,Israel-2016,Israel,2016,FALSE,0.0243,0.0228,0.0073,0.0065,0.2661,0.2997,1.1262
C,Israel-2017,Israel,2017,FALSE,0.0565,0.053900000000000003,0.0256,0.0232,0.4108,0.4541,1.1055
C,Israel-2018,Israel,2018,FALSE,0.0293,0.0285,0.0192,0.0178,0.6063,0.6564,1.0826
C,Israel-2019,Israel,2019,FALSE,0.018,0.0175,0.0139,0.0132,0.7318,0.7731,1.0565
C,Israel-2020,Israel,2020,FALSE,0.0123,0.0118,0.0123,0.0118,0.9567,1,1.0453
C,Israel-2021,Israel,2021,FALSE,0.0115,0.0107,0.0111,0.0107,0.9294,0.9672,1.0406
C,Italy-2013,Italy,2013,FALSE,0.0446,0.0446,0.0446,0.0431,0.9655,1,1.0358
C,Italy-2014,Italy,2014,FALSE,0.0527,0.0231,0.0242,0.019,0.3609,0.4585,1.2704
C,Japan-2013,Japan,2013,FALSE,0.7792,0.7792,0.7792,0.6293,0.8076,1,1.2382
C,Japan-2014,Japan,2014,FALSE,1,1,0.8959,0.6425,0.6425,0.8959,1.3944
C,Japan-2015,Japan,2015,FALSE,1,0.9886,0.4341,0.389,0.389,0.4341,1.116
C,Japan-2016,Japan,2016,FALSE,1,0.9363,0.2187,0.2173,0.2173,0.2187,1.0063
C,Japan-2017,Japan,2017,FALSE,1,1,0.4968,0.4861,0.4861,0.4968,1.0219
C,Japan-2018,Japan,2018,FALSE,1,1,0.545,0.5384,0.5384,0.545,1.0122
C,Japan-2019,Japan,2019,FALSE,0.613,0.6099,0.4638,0.4596,0.7497,0.7567,1.0093
C,Japan-2020,Japan,2020,FALSE,0.444,0.4405,0.444,0.4405,0.992,1,1.0081
C,Japan-2021,Japan,2021,FALSE,0.5776,0.3503,0.3547,0.3503,0.6065,0.6141,1.0125
C,Luxembourg-2016,Luxembourg,2016,TRUE,1,1,1,1,1,1,1
C,Luxembourg-2017,Luxembourg,2017,FALSE,1,0.1372,0.1416,0.1295,0.1295,0.1416,1.094
C,Luxembourg-2018,Luxembourg,2018,FALSE,1,0.2943,0.4071,0.2454,0.2454,0.4071,1.6589
C,Luxembourg-2019,Luxembourg,2019,FALSE,1,0.2187,0.4454,0.1797,0.1797,0.4454,2.4791
C,Luxembourg-2020,Luxembourg,2020,FALSE,1,0.1664,0.2836,0.1605,0.1605,0.2836,1.7676
C,Luxembourg-2021,Luxembourg,2021,FALSE,1,0.3578,0.7297,0.3578,0.3578,0.7297,2.0393
C,Malaysia-2014,Malaysia,2014,TRUE,0.4782,0.4782,0.4782,0.4782,1,1,1
C,Malaysia-2015,Malaysia,2015,FALSE,0.535,0.3185,0.2452,0.2277,0.4257,0.4584,1.0769
C,Malaysia-2016,Malaysia,2016,FALSE,0.6316,0.193,0.2374,0.193,0.3057,0.3758,1.2297
C,Malaysia-2018,Malaysia,2018,FALSE,0.049,0.0476,0.028,0.0251,0.5126,0.5717,1.1152
C,Malaysia-2020,Malaysia,2020,FALSE,0.0071,0.0063,0.0071,0.0063,0.8872,1,1.1271
C,Mexico-2013,Mexico,2013,FALSE,1,1,1,0.7837,0.7837,1,1.2759
C,Mexico-2014,Mexico,2014,FALSE,0.6179,0.3911,0.4738,0.3911,0.633,0.7669,1.2115
C,Mexico-2015,Mexico,2015,FALSE,1,0.6465,0.5817,0.4475,0.4475,0.5817,1.2998
C,Mexico-2016,Mexico,2016,FALSE,1,0.9003,0.7069,0.5452,0.5452,0.7069,1.2966
C,Mexico-2017,Mexico,2017,FALSE,0.7192,0.5924,0.3906,0.3129,0.435,0.5431,1.2485
C,Mexico-2018,Mexico,2018,FALSE,1,1,1,1,1,1,1
C,Mexico-2019,Mexico,2019,FALSE,0.2346,0.2297,0.1679,0.1534,0.6541,0.7156,1.0941
C,Mexico-2020,Mexico,2020,FALSE,0.415,0.3592,0.415,0.3592,0.8654,1,1.1555
C,Mexico-2021,Mexico,2021,FALSE,0.0114,0.0112,0.0114,0.0112,0.9865,1,1.0137
C,Netherlands-2013,Netherlands,2013,FALSE,0.0168,0.0168,0.0168,0.0137,0.8143,1,1.2281
C,Netherlands-2014,Netherlands,2014,FALSE,0.0104,0.0071,0.0053,0.0038,0.3606,0.5127,1.422
C,Netherlands-2015,Netherlands,2015,FALSE,0.0213,0.0199,0.0032,0.003,0.1388,0.1519,1.0942
C,Netherlands-2016,Netherlands,2016,FALSE,0.012,0.0116,0.0033,0.0032,0.2655,0.2787,1.0498
C,Netherlands-2017,Netherlands,2017,FALSE,0.0063,0.0061,0.0027,0.0026,0.4144,0.4379,1.0567
C,Norway-2013,Norway,2013,FALSE,0.0326,0.0326,0.0253,0.0185,0.5672,0.7745,1.3655
C,Norway-2014,Norway,2014,FALSE,0.0383,0.0382,0.0083,0.0054,0.1423,0.2173,1.5271
C,Norway-2016,Norway,2016,FALSE,0.0697,0.0456,0.0335,0.0232,0.3324,0.4803,1.4451
C,Norway-2017,Norway,2017,FALSE,0.0088,0.0082,0.0049,0.0036,0.4059,0.556,1.3697
C,Norway-2018,Norway,2018,FALSE,0.025,0.0238,0.0142,0.013,0.5192,0.567,1.092
C,Norway-2019,Norway,2019,FALSE,0.0073,0.0069,0.0061,0.0052,0.7156,0.8338,1.1653
C,Peru-2018,Peru,2018,TRUE,1,1,1,1,1,1,1
C,Peru-2019,Peru,2019,FALSE,1,0.3005,0.448,0.267,0.267,0.448,1.6777
C,Peru-2020,Peru,2020,FALSE,1,0.8222,1,0.7449,0.7449,1,1.3425
C,Peru-2021,Peru,2021,FALSE,1,0.1104,0.1738,0.1104,0.1104,0.1738,1.5745
C,Philippines-2018,Philippines,2018,FALSE,0.0821,0.0537,0.0777,0.0448,0.5458,0.9475,1.736
C,Poland-2013,Poland,2013,FALSE,0.1418,0.1418,0.1418,0.1133,0.7986,1,1.2523
C,Poland-2014,Poland,2014,FALSE,0.1883,0.1331,0.0777,0.0697,0.37,0.4126,1.1151
C,Poland-2015,Poland,2015,FALSE,0.2235,0.2047,0.0562,0.0495,0.2215,0.2513,1.1346
C,Poland-2016,Poland,2016,FALSE,0.1905,0.169,0.1032,0.0745,0.3909,0.5417,1.3857
C,Poland-2017,Poland,2017,FALSE,0.0544,0.0489,0.0261,0.0232,0.427,0.4805,1.1254
C,Poland-2018,Poland,2018,FALSE,0.114,0.1106,0.1023,0.0771,0.6766,0.8977,1.3268
C,Poland-2019,Poland,2019,FALSE,0.0232,0.0212,0.0199,0.0184,0.7957,0.8601,1.0809
C,Poland-2020,Poland,2020,FALSE,0.0087,0.0083,0.0087,0.0083,0.9532,1,1.0491
C,Poland-2021,Poland,2021,FALSE,0.0136,0.0078,0.0084,0.0078,0.5702,0.6166,1.0813
C,Portugal-2014,Portugal,2014,FALSE,0.0269,0.024,0.014,0.0099,0.3676,0.5224,1.421
C,Portugal-2015,Portugal,2015,FALSE,0.113,0.096,0.0327,0.0266,0.2351,0.2893,1.2306
C,Portugal-2016,Portugal,2016,FALSE,0.2344,0.1791,0.1028,0.0737,0.3143,0.4386,1.3954
C,Portugal-2017,Portugal,2017,FALSE,0.046,0.0438,0.011,0.0108,0.2356,0.2398,1.0179
C,Portugal-2018,Portugal,2018,FALSE,0.0433,0.0433,0.0191,0.0188,0.4333,0.4406,1.0169
C,Romania-2016,Romania,2016,FALSE,0.203,0.0819,0.0875,0.0668,0.329,0.431,1.31
C,Romania-2017,Romania,2017,TRUE,1,0.2379,0.2379,0.2379,0.2379,0.2379,1
C,Romania-2018,Romania,2018,TRUE,1,0.2376,0.2376,0.2376,0.2376,0.2376,1
C,Romania-2019,Romania,2019,FALSE,0.2327,0.1171,0.2012,0.1074,0.4616,0.8647,1.8734
C,Romania-2020,Romania,2020,FALSE,0.3591,0.1648,0.3177,0.1648,0.459,0.8846,1.9272
C,Romania-2021,Romania,2021,FALSE,0.0799,0.0707,0.0799,0.0707,0.8855,1,1.1294
C,Singapore-2013,Singapore,2013,FALSE,0.4473,0.4473,0.1418,0.1103,0.2467,0.317,1.2849
C,Singapore-2014,Singapore,2014,FALSE,0.4194,0.4194,0.0503,0.0476,0.1136,0.12,1.0562
C,Singapore-2015,Singapore,2015,FALSE,0.2837,0.2662,0.0263,0.0234,0.0824,0.0929,1.1278
C,Singapore-2016,Singapore,2016,FALSE,0.2573,0.2446,0.0434,0.0428,0.1662,0.1688,1.0154
C,Singapore-2017,Singapore,2017,FALSE,0.3416,0.335,0.0927,0.0859,0.2515,0.2712,1.0782
C,Singapore-2018,Singapore,2018,FALSE,0.3541,0.3541,0.154,0.1529,0.4317,0.4348,1.0074
C,Singapore-2019,Singapore,2019,FALSE,0.179,0.1771,0.1099,0.1091,0.6094,0.6137,1.0069
C,Slovenia-2018,Slovenia,2018,TRUE,1,0.1917,0.1917,0.1917,0.1917,0.1917,1
C,South Africa-2014,South Africa,2014,TRUE,0.1434,0.1434,0.1434,0.1434,1,1,1
C,South Africa-2016,South Africa,2016,FALSE,0.0501,0.0403,0.0227,0.0134,0.2679,0.4531,1.6915
C,South Africa-2017,South Africa,2017,FALSE,0.0312,0.0261,0.0201,0.0122,0.3907,0.6447,1.65
C,South Africa-2018,South Africa,2018,FALSE,0.0217,0.0201,0.0193,0.0124,0.5708,0.8898,1.5589
C,South Africa-2019,South Africa,2019,FALSE,0.0039,0.0038,0.0033,0.0025,0.6374,0.8568,1.3442
C,South Africa-2020,South Africa,2020,FALSE,0.0182,0.0181,0.0157,0.0153,0.842,0.863,1.025
C,Spain-2013,Spain,2013,FALSE,0.1469,0.1469,0.0499,0.0412,0.2801,0.3395,1.2122
C,Spain-2014,Spain,2014,FALSE,0.2098,0.1817,0.0558,0.0483,0.2303,0.266,1.1554
C,Spain-2015,Spain,2015,FALSE,0.2436,0.1782,0.1096,0.0851,0.3493,0.4501,1.2885
C,Spain-2016,Spain,2016,FALSE,0.1757,0.1534,0.0447,0.0419,0.2385,0.2547,1.068
C,Spain-2017,Spain,2017,FALSE,0.0978,0.0931,0.0465,0.0434,0.4436,0.4751,1.0711
C,Spain-2018,Spain,2018,FALSE,0.0872,0.0843,0.0484,0.0446,0.5116,0.5553,1.0854
C,Spain-2019,Spain,2019,FALSE,0.0251,0.0245,0.0215,0.021,0.8337,0.8562,1.0269
C,Spain-2020,Spain,2020,FALSE,0.0196,0.0191,0.0196,0.0191,0.9737,1,1.027
C,Spain-2021,Spain,2021,FALSE,0.011,0.0078,0.0081,0.0078,0.7092,0.7379,1.0405
C,Switzerland-2015,Switzerland,2015,FALSE,0.0141,0.0131,0.0023,0.0022,0.1536,0.1641,1.0688
C,Ukraine-2013,Ukraine,2013,TRUE,1,1,0.526,0.526,0.526,0.526,1
C,Ukraine-2014,Ukraine,2014,TRUE,1,1,1,1,1,1,1
C,Ukraine-2015,Ukraine,2015,TRUE,1,0.8978,1,0.6915,0.6915,1,1.4462
C,Ukraine-2016,Ukraine,2016,TRUE,1,1,1,0.3308,0.3308,1,3.0234
C,Ukraine-2017,Ukraine,2017,TRUE,1,1,0.5558,0.1815,0.1815,0.5558,3.0615
C,Ukraine-2018,Ukraine,2018,FALSE,0.4087,0.2765,0.4087,0.2189,0.5356,1,1.867
C,United Kingdom-2013,United Kingdom,2013,FALSE,0.1966,0.1966,0.0535,0.0481,0.2444,0.2719,1.1124
C,United Kingdom-2014,United Kingdom,2014,FALSE,0.1247,0.1246,0.012,0.0117,0.0942,0.0963,1.0229
C,United Kingdom-2021,United Kingdom,2021,FALSE,0.0271,0.0263,0.0264,0.0263,0.9704,0.9746,1.0043
C,United States-2013,United States,2013,FALSE,1,1,0.1132,0.1128,0.1128,0.1132,1.0033
C,United States-2014,United States,2014,FALSE,1,1,0.1332,0.1328,0.1328,0.1332,1.0031
C,United States-2015,United States,2015,FALSE,1,1,0.1755,0.175,0.175,0.1755,1.0027
C,United States-2016,United States,2016,FALSE,0.959,0.9585,0.2548,0.2541,0.265,0.2657,1.0024
C,United States-2017,United States,2017,FALSE,0.8433,0.843,0.3529,0.3522,0.4176,0.4184,1.0019
C,United States-2018,United States,2018,FALSE,0.6125,0.61240000000000006,0.3787,0.3783,0.6176,0.6183,1.0013
C,United States-2019,United States,2019,FALSE,0.4143,0.4142,0.3121,0.3119,0.7528,0.7533,1.0007
C,United States-2020,United States,2020,FALSE,0.2434,0.2433,0.2434,0.2433,0.9996,1,1.0004
C,United States-2021,United States,2021,FALSE,0.1287,0.1255,0.1256,0.1255,0.9752,0.9754,1.0003
