Country,Year,Country_Year,zero_inv,inv_const_mi,rd_mi,pubs,pat,manuf_pib,bcc_S,bcc_T,bcc_C,pares_C,bcc_ST,super_CRS,tgr
Brazil,2013,Brazil-2013,FALSE,2.3888,22228.5816,1383,38.9999,10.4796,0.6066,0.4817,0.5571,Australia-2013; China-2013; Ukraine-2014,0.6066,0.3617,0.9214
Brazil,2014,Brazil-2014,FALSE,21.9494,23724.0224,1586,32.9999,10.3371,0.3727,0.115,0.1497,China-2013; China-2020; Ukraine-2014,0.3727,0.0999,0.4853
Brazil,2015,Brazil-2015,FALSE,144.0495,24707.0368,1867,57.9999,10.5209,0.2473,0.0535,0.057,China-2013; China-2020; Ukraine-2014,0.2495,0.0805,0.2593
Brazil,2016,Brazil-2016,FALSE,14.5389,22423.6166,1803,78.9999,10.7865,0.4705,0.3637,0.4351,China-2013; China-2020; Ukraine-2014,0.4705,0.1715,0.4351
Brazil,2017,Brazil-2017,FALSE,125.8672,19737.6193,2007,82.9999,10.7215,0.2961,0.0882,0.0917,China-2013; China-2020; Ukraine-2014,0.3081,0.1178,0.4817
Brazil,2018,Brazil-2018,FALSE,202.2438,20992.0309,2451,147.0002,10.5285,0.3056,0.1019,0.1039,China-2013; China-2020; Ukraine-2014,0.3286,0.1351,0.5118
Brazil,2019,Brazil-2019,FALSE,396.7892,22035.5975,2812,144.9997,10.3325,0.2747,0.0535,0.0541,China-2013; China-2020; Ukraine-2014,0.2812,0.1367,0.8374
Brazil,2020,Brazil-2020,FALSE,749.3344,20157.2627,3199,148.0003,10.6929,0.256,0.0374,0.0427,China-2020; Ukraine-2014,0.2635,0.1669,0.9682
China,2013,China-2013,FALSE,144.5243,192186.1362,24562,1933.6348,30.1275,1,1,1,China-2013,1,0.3804,1
China,2014,China-2014,FALSE,1729.3778,208995.8879,26176,2455.194,29.83,0.8887,0.1997,0.2015,China-2013; China-2020; Ukraine-2014,0.8887,0.2045,0.2015
China,2015,China-2015,FALSE,1632.5614,227538.211,26126,3900.0128,28.389,0.8741,0.3331,0.3373,China-2013; China-2020; Ukraine-2014,0.8741,0.2862,0.3373
China,2016,China-2016,FALSE,5633.2741,248242.2168,26491,7863.8796,27.5238,0.6407,0.208,0.265,China-2020; Ukraine-2014,0.6407,0.2359,0.265
China,2017,China-2017,FALSE,5042.2167,267472.5373,31257,14633.8919,27.5999,0.7548,0.4295,0.4344,China-2013; China-2020; Ukraine-2014,0.7548,0.4191,0.4344
China,2018,China-2018,FALSE,9258.0455,288837.0135,39363,27272.0069,27.3434,0.7655,0.4936,0.6176,China-2020; Ukraine-2014,0.7655,0.5299,0.6176
China,2019,China-2019,FALSE,7602.4807,320901.2973,51258,43324.593,26.2595,1,0.8508,0.8508,China-2013; China-2020,1,0.8369,0.8508
China,2020,China-2020,FALSE,9803.2282,351767.0639,58225,65375.715,25.581,1,1,1,China-2020,1,1.266,1
China,2021,China-2021,FALSE,20666.8438,385598.7271,77180,84610.7903,26.6219,1,1,1,China-2021,1,1.1848,1
France,2013,France-2013,FALSE,58.5264,53528.3256,4371,28.7003,10.2533,0.5166,0.0425,0.0506,China-2013; China-2020; Ukraine-2014,0.5166,0.0927,0.6123
France,2014,France-2014,FALSE,1433.6392,55002.1566,4815,33.8261,10.1815,0.277,0.0035,0.0064,China-2020; Ukraine-2014,0.277,0.0793,0.0961
France,2015,France-2015,FALSE,398.9943,54394.5187,5137,35.8798,10.3199,0.386,0.0124,0.0129,China-2013; China-2020; Ukraine-2014,0.386,0.0855,0.2714
France,2016,France-2016,FALSE,798.5225,54748.1072,5049,67.6602,10.1652,0.3176,0.0123,0.0126,China-2013; China-2020; Ukraine-2014,0.3176,0.0856,0.2174
France,2017,France-2017,FALSE,1213.4885,55297.8729,5113,99.4267,10.0101,0.3026,0.0122,0.0177,China-2020; Ukraine-2014,0.3026,0.0879,0.4167
France,2018,France-2018,FALSE,1289.4328,56151.2437,5669,188.6023,9.8862,0.3309,0.0218,0.0302,China-2020; Ukraine-2014,0.3309,0.1012,0.6105
Ireland,2016,Ireland-2016,FALSE,220.3206,3596.7602,486,2.0008,32.6268,0.1606,0.0027,0.0048,China-2020; Ukraine-2014,0.161,0.1215,0.229
Ireland,2018,Ireland-2018,FALSE,130.3805,4228.322,612,1.9978,32.78,0.1919,0.0026,0.0036,China-2020; Ukraine-2014,0.1919,0.1298,0.5935
Israel,2013,Israel-2013,FALSE,186.3288,11466.5027,598,9.3602,12.9828,0.094,0.0073,0.0172,China-2020; Ukraine-2014,0.094,0.0488,0.1193
Israel,2014,Israel-2014,FALSE,172.1291,12162.3496,703,6.242,12.5093,0.1103,0.0052,0.0094,China-2020; Ukraine-2014,0.1103,0.0527,0.1281
Israel,2015,Israel-2015,FALSE,477.8786,12758.6548,742,16.6501,12.9237,0.084,0.0067,0.0236,China-2020; Ukraine-2014,0.0871,0.0559,0.1605
Israel,2016,Israel-2016,FALSE,541.2953,14128.1488,831,5.2046,12.0961,0.085,0.0019,0.0065,China-2020; Ukraine-2014,0.085,0.0532,0.2661
Israel,2017,Israel-2017,FALSE,621.8053,15234.0303,954,21.8828,11.5024,0.0891,0.0072,0.0232,China-2020; Ukraine-2014,0.0928,0.0604,0.4108
Israel,2018,Israel-2018,FALSE,1199.0904,16375.8221,1160,20.876,11.6781,0.0926,0.0059,0.0178,China-2020; Ukraine-2014,0.0965,0.067,0.6063
Israel,2019,Israel-2019,FALSE,1394.714,18559.6466,1595,21.9618,11.6355,0.1167,0.0055,0.0132,China-2020; Ukraine-2014,0.1167,0.0799,0.7318
Israel,2020,Israel-2020,FALSE,2514.8631,20005.5989,1931,24.0839,12.3191,0.1365,0.0056,0.0118,China-2020; Ukraine-2014,0.1365,0.0892,0.9567
Israel,2021,Israel-2021,FALSE,5493.4944,21304.4121,2124,24.102,11.9008,0.1416,0.0052,0.0107,China-2020; Ukraine-2014,0.1416,0.0917,0.9294
Japan,2013,Japan-2013,FALSE,48.971,143083.9771,5736,353.2275,19.1807,0.5915,0.5078,0.6293,China-2013; China-2020; Ukraine-2014,0.5915,0.1803,0.8076
Japan,2014,Japan-2014,FALSE,86.6422,147399.6511,5539,511.1545,19.4078,0.356,0.4318,0.6425,China-2013; China-2020; Ukraine-2014,0.4318,0.1448,0.6425
Japan,2015,Japan-2015,FALSE,256.0881,144047.2919,5865,738.2168,20.074,0.2821,0.3058,0.389,China-2013; China-2020; Ukraine-2014,0.3089,0.1477,0.389
Japan,2016,Japan-2016,FALSE,931.6096,139129.8991,5996,1357.1041,20.0278,0.2671,0.2005,0.2173,China-2013; China-2020; Ukraine-2014,0.2708,0.1565,0.2173
Japan,2017,Japan-2017,FALSE,718.6261,144179.2482,6348,2377.2666,20.1439,0.2843,0.4391,0.4861,China-2013; China-2020; Ukraine-2014,0.4391,0.2951,0.4861
Japan,2018,Japan-2018,FALSE,985.5537,147528.2052,7328,3578.1075,20.3304,0.3159,0.4996,0.5384,China-2013; China-2020; Ukraine-2014,0.4996,0.3702,0.5384
Japan,2019,Japan-2019,FALSE,1679.4102,146891.0948,8312,4237.7748,20.0537,0.3359,0.3635,0.4596,China-2020; Ukraine-2014,0.3707,0.3119,0.7497
Japan,2020,Japan-2020,FALSE,2130.0436,143018.7457,8713,4260.5268,19.7836,0.3417,0.2926,0.4405,China-2020; Ukraine-2014,0.3465,0.2697,0.992
Japan,2021,Japan-2021,FALSE,1254.1418,147883.6531,9556,2964.0559,19.6764,0.4009,0.3328,0.3503,China-2013; China-2020; Ukraine-2014,0.4067,0.2712,0.6065
Luxembourg,2016,Luxembourg-2016,TRUE,0,798.9332,119,1.9949,5.795,0.1793,0.0954,1,Luxembourg-2016,0.22,0.2175,1
Luxembourg,2017,Luxembourg-2017,FALSE,1.0758,791.6179,136,2.9991,4.7759,0.1832,0.1041,0.1295,China-2020; Ukraine-2014,0.2311,0.2294,0.1295
Luxembourg,2018,Luxembourg-2018,FALSE,8.2129,757.8238,148,8.9977,4.9592,0.1771,0.1347,0.2454,China-2020; Ukraine-2014,0.2236,0.2235,0.2454
Luxembourg,2019,Luxembourg-2019,FALSE,5.9518,787.2887,170,9.9973,5.0428,0.1959,0.1759,0.1797,China-2020; China-2021; Peru-2018; Ukraine-2014,0.2673,0.2655,0.1797
Luxembourg,2020,Luxembourg-2020,FALSE,408.9916,719.8654,208,12.9963,4.9261,0.26,0.1268,0.1605,China-2021; Peru-2018; Ukraine-2014,0.3221,0.3214,0.1605
Luxembourg,2021,Luxembourg-2021,FALSE,271.1419,736.5878,248,37.9874,4.6452,0.3038,0.3578,0.3578,China-2021; Peru-2018,0.4907,0.4892,0.3578
Mexico,2013,Mexico-2013,FALSE,1.1944,4898.5132,743,31.9999,18.1028,0.4384,0.7837,0.7837,Australia-2013; China-2013; Ukraine-2014,0.873,0.5049,0.7837
Mexico,2014,Mexico-2014,FALSE,2.3105,5142.5035,776,21,18.2289,0.4402,0.3911,0.3911,Australia-2013; China-2013; Ukraine-2014,0.516,0.2764,0.633
Mexico,2015,Mexico-2015,FALSE,9.146,5210.2313,845,46.9998,19.8234,0.412,0.4266,0.4475,China-2013; China-2020; Mexico-2018; Ukraine-2014,0.5351,0.3376,0.4475
Mexico,2016,Mexico-2016,FALSE,11.1838,4788.3076,893,64,19.8688,0.4335,0.5278,0.5452,China-2013; China-2020; Mexico-2018; Ukraine-2014,0.6152,0.4227,0.5452
Mexico,2017,Mexico-2017,FALSE,27.9705,4129.9701,899,69.9999,20.1618,0.3969,0.3103,0.3129,China-2013; China-2020; Mexico-2018; Ukraine-2014,0.49370000000000003,0.346,0.435
Mexico,2018,Mexico-2018,FALSE,7.1863,3930.639,1076,91.0001,20.1894,0.6062,1,1,Mexico-2018,1,0.7317,1
Mexico,2019,Mexico-2019,FALSE,136.8923,3627.8444,1274,104.9998,19.8878,0.43,0.1534,0.1534,China-2020; China-2021; Peru-2018,0.5105,0.4169,0.6541
Mexico,2020,Mexico-2020,FALSE,38.6753,3513.1712,1438,103.9996,20.1843,0.646,0.3592,0.3592,China-2020; Mexico-2018; Ukraine-2014,0.7495,0.4952,0.8654
Mexico,2021,Mexico-2021,FALSE,185.4717,3507.1309,1619,8,20.8358,0.5483,0.0112,0.0112,China-2021; Peru-2018,0.5508,0.4159,0.9865
Netherlands,2013,Netherlands-2013,FALSE,10.7497,16118.2516,1491,1.9808,9.6482,0.4802,0.012,0.0137,China-2013; China-2020; Ukraine-2014,0.4802,0.1089,0.8143
Netherlands,2014,Netherlands-2014,FALSE,28.8807,16509.1477,1547,0.9903,9.6623,0.3979,0.0034,0.0038,China-2013; China-2020; Ukraine-2014,0.3979,0.0988,0.3606
Netherlands,2015,Netherlands-2015,FALSE,300.6748,16647.9316,1604,4.951,10.1488,0.1779,0.0024,0.003,China-2020; Ukraine-2014,0.1779,0.0864,0.1388
Netherlands,2016,Netherlands-2016,FALSE,675.5008,17089.2609,1779,5.9392,10.2669,0.1521,0.0017,0.0032,China-2020; Ukraine-2014,0.1521,0.0934,0.2655
Netherlands,2017,Netherlands-2017,FALSE,585.2285,17791.314,1810,4.9468,10.55,0.1625,0.0015,0.0026,China-2020; Ukraine-2014,0.1625,0.0912,0.4144
Peru,2018,Peru-2018,TRUE,0,266.7298,146,3,13.169,1,1,1,Peru-2018,1,0.7233,1
Peru,2019,Peru-2019,FALSE,0.992,337.4922,193,3,12.8494,0.5153,0.267,0.267,China-2020; Peru-2018; Ukraine-2014,0.6247,0.5471,0.267
Peru,2020,Peru-2020,FALSE,2.9006,329.0699,268,12,12.2526,0.7311,0.7449,0.7449,China-2020; China-2021; Peru-2018,1,0.8704,0.7449
Peru,2021,Peru-2021,FALSE,0.8832,302.0738,337,1,12.0617,1,0.1104,0.1104,China-2020; Peru-2018; Ukraine-2014,1,1.0187,0.1104
Slovenia,2018,Slovenia-2018,TRUE,0,940.0684,244,4.0085,20.4062,0.3129,0.1917,0.1917,Ukraine-2014,0.3882,0.3882,0.1917
Switzerland,2015,Switzerland-2015,FALSE,926.0327,21367.1734,1349,2.9994,17.8568,0.0983,7e-4,0.0022,China-2020; Ukraine-2014,0.0983,0.0566,0.1536
Ukraine,2013,Ukraine-2013,TRUE,0,822.426,138,11.0001,11.1406,0.202,0.526,0.526,Ukraine-2014,0.5653,0.5653,0.526
Ukraine,2014,Ukraine-2014,TRUE,0,656.1346,134,20.9132,12.2281,0.2453,1,1,Ukraine-2014,1,1.8136,1
Ukraine,2015,Ukraine-2015,TRUE,0,559.6311,199,11.3913,11.9028,0.4262,0.6915,0.6915,Peru-2018; Ukraine-2014,0.8786,0.8517,0.6915
Ukraine,2016,Ukraine-2016,TRUE,0,450.7758,274,3.7926,12.2191,0.726,0.3308,0.3308,Peru-2018; Ukraine-2014,0.8564,0.7885,0.3308
Ukraine,2017,Ukraine-2017,TRUE,0,428.387,359,1.8946,11.9803,1,0.1815,0.1815,Peru-2018; Ukraine-2014,1,0.9391,0.1815
Ukraine,2018,Ukraine-2018,FALSE,1.0266,465.3989,506,3.7858,11.534,1,0.2189,0.2189,China-2020; Peru-2018; Ukraine-2014,1,1.109,0.5356
United Kingdom,2013,United Kingdom-2013,FALSE,224.5501,44967.2881,4940,79.6755,9.5981,0.4583,0.0466,0.0481,China-2013; China-2020; Ukraine-2014,0.4583,0.1049,0.2444
United Kingdom,2014,United Kingdom-2014,FALSE,946.1325,64860.712,5393,69.7155,9.4408,0.3175,0.0107,0.0117,China-2020; Ukraine-2014,0.3175,0.077,0.0942
United Kingdom,2021,United Kingdom-2021,FALSE,5749.6219,89621.8781,14384,421.9559,8.7328,0.5511,0.0215,0.0263,China-2020; Ukraine-2014,0.5511,0.1585,0.9704
